# callgrind format
version: 1
creator: callgrind-3.18.1
pid: 20892
cmd:  ./blur_par 15 data/im1.ppm data_o/blur_im1_par.ppm 8
part: 1


desc: I1 cache: 
desc: D1 cache: 
desc: LL cache: 

desc: Timerange: Basic block 0 - 345411960
desc: Trigger: Program termination

positions: line
events: Ir
summary: 4293901067


ob=(2) ???
fl=(51) ???
fn=(520) 0x0000000004bf0650
0 38
cob=(1) /usr/lib/x86_64-linux-gnu/ld-linux-x86-64.so.2
cfi=(10) ./elf/./elf/dl-tunables.c
cfn=(24) __tunable_get_val
calls=19 405 
0 391
cob=(1)
cfi=(159) ./elf/../sysdeps/x86_64/dl-trampoline.h
cfn=(526) _dl_runtime_resolve_xsave
calls=1 67 
0 945
0 5

fn=(570) 0x0000000004bf05f0
0 2
cob=(3) /usr/lib/x86_64-linux-gnu/libc.so.6
cfi=(166) ./string/../sysdeps/x86_64/multiarch/strrchr-avx2.S
cfn=(572) __strrchr_avx2
calls=1 46 
0 28

fn=(664) 0x00000000048f14a0
0 2
cob=(7) /usr/lib/x86_64-linux-gnu/libstdc++.so.6.0.32
cfi=(170) ???
cfn=(668) std::locale::facet::_S_create_c_locale(__locale_struct*&, char const*, __locale_struct*)
calls=1 0 
0 942
cob=(1)
cfi=(159)
cfn=(526)
calls=1 67 
0 1095
0 5

fn=(1340) 0x000000000010ed10
0 1490
cob=(7)
cfi=(170)
cfn=(1342) std::__cxx11::basic_string<char, std::char_traits<char>, std::allocator<char> >::_Alloc_hider::_Alloc_hider(char*, std::allocator<char> const&)
calls=745 0 
0 2235

fn=(1380) 0x000000000010ea40
0 2
cob=(7)
cfi=(170)
cfn=(1382) std::__cxx11::basic_string<char, std::char_traits<char>, std::allocator<char> >::basic_string(std::__cxx11::basic_string<char, std::char_traits<char>, std::allocator<char> > const&)
calls=1 0 
0 1578

fn=(1508) 0x000000000010ea60
0 2
cob=(7)
cfi=(170)
cfn=(1510) std::basic_ios<char, std::char_traits<char> >::rdbuf() const
calls=1 0 
0 3

fn=(1516) 0x000000000010ef00
0 2
cob=(7)
cfi=(170)
cfn=(1518) std::basic_ifstream<char, std::char_traits<char> >::rdbuf() const
calls=1 0 
0 3

fn=(1584) 0x00000000048f2e60
0 26
cob=(7)
cfi=(170)
cfn=(1588) std::__cxx11::basic_string<char, std::char_traits<char>, std::allocator<char> >::swap(std::__cxx11::basic_string<char, std::char_traits<char>, std::allocator<char> >&)
calls=13 0 
0 493
cob=(1)
cfi=(159)
cfn=(526)
calls=1 67 
0 1102
0 5

fn=(1736) 0x00000000048f35c0
0 10
cob=(3)
cfi=(183) ./string/../sysdeps/x86_64/multiarch/memcmp-avx2-movbe.S
cfn=(788) __memcmp_avx2_movbe
calls=5 71 
0 96
cob=(1)
cfi=(159)
cfn=(526)
calls=1 67 
0 819
0 5

fn=(1768) 0x000000000010e980
0 8
cob=(7)
cfi=(170)
cfn=(1770) std::__cxx11::basic_string<char, std::char_traits<char>, std::allocator<char> >::compare(char const*) const
calls=4 0 
0 1084

fn=(1842) 0x000000000010eea0
0 24
cob=(7)
cfi=(170)
cfn=(1016) std::locale::~locale()
calls=12 0 
0 96

fn=(2346) 0x000000000010ebb0
0 1482
cob=(7)
cfi=(170)
cfn=(2348) std::__cxx11::basic_string<char, std::char_traits<char>, std::allocator<char> >::size() const
calls=741 0 
0 2223

fn=(2356) 0x000000000010eb50
0 6
cob=(7)
cfi=(170)
cfn=(2358) std::__cxx11::basic_string<char, std::char_traits<char>, std::allocator<char> >::operator+=(char)
calls=3 0 
0 87

fn=(2474) 0x000000000010ead0
0 1476
cob=(7)
cfi=(170)
cfn=(2466) std::allocator<char>::allocator(std::allocator<char> const&)
calls=738 0 
0 1476

fn=(2976) 0x000000000010f040
0 4
cob=(7)
cfi=(170)
cfn=(2978) std::__cxx11::basic_string<char, std::char_traits<char>, std::allocator<char> >::end() const
calls=2 0 
0 8

fn=(3514) 0x000000000010f0b0
0 3094728
cob=(7)
cfi=(170)
cfn=(3516) std::istream::gcount() const
calls=1547364 0 
0 4642092

fn=(3560) 0x000000000010ef90
0 2
cob=(7)
cfi=(170)
cfn=(1500) std::basic_ios<char, std::char_traits<char> >::clear(std::_Ios_Iostate)
calls=1 0 
0 7

fn=(3786) 0x000000000010f070
0 24
cob=(3)
cfi=(319) ./libio/./libio/iofwrite.c
cfn=(3788) fwrite
calls=12 31 
0 11422

fn=(3906) 0x00000000048f4330
0 6
cob=(7)
cfi=(170)
cfn=(3910) std::ostream::sentry::sentry(std::ostream&)
calls=3 0 
0 212
cob=(1)
cfi=(159)
cfn=(526)
calls=1 67 
0 748
0 5

fn=(3907) 0x00000000048f4330'2
0 2
cob=(7)
cfi=(170)
cfn=(3911) std::ostream::sentry::sentry(std::ostream&)'2
calls=1 0 
0 23

fn=(3924) 0x00000000048f1910
0 4
cob=(7)
cfi=(170)
cfn=(3928) std::uncaught_exception()
calls=2 0 
0 1765
cob=(1)
cfi=(159)
cfn=(526)
calls=1 67 
0 773
0 5

fn=(3930) 0x00000000048f2e30
0 4
cob=(7)
cfi=(170)
cfn=(3934) __cxa_get_globals
calls=2 0 
0 993
cob=(1)
cfi=(159)
cfn=(526)
calls=1 67 
0 747
0 5

fn=(3964) 0x0000000004a1cac4
0 4

fn=(634) 0x00000000048f1380
0 14
cob=(7)
cfi=(170)
cfn=(638) std::locale::facet::_S_get_c_name()
calls=7 0 
0 21
cob=(1)
cfi=(159)
cfn=(526)
calls=1 67 
0 855
0 5

fn=(646) 0x00000000048f3360
0 28
cob=(7)
cfi=(170)
cfn=(650) std::locale::facet::_S_get_c_locale()
calls=14 0 
0 3389
cob=(1)
cfi=(159)
cfn=(526)
calls=1 67 
0 895
0 5

fn=(670) 0x00000000048f2450
0 2
cob=(3)
cfi=(173) ./locale/./locale/newlocale.c
cfn=(674) newlocale
calls=1 43 
0 48
cob=(1)
cfi=(159)
cfn=(526)
calls=1 67 
0 877
0 5

fn=(746) 0x00000000048f2fb0
0 4
cob=(3)
cfi=(175) ./locale/./locale/uselocale.c
cfn=(750) uselocale
calls=2 30 
0 44
cob=(1)
cfi=(159)
cfn=(526)
calls=1 67 
0 834
0 5

fn=(752) 0x00000000048f2000
0 256
cob=(3)
cfi=(176) ./wcsmbs/./wcsmbs/wctob.c
cfn=(756) wctob
calls=128 30 
0 3456
cob=(1)
cfi=(159)
cfn=(526)
calls=1 67 
0 866
0 5

fn=(790) 0x00000000048f1540
0 2
cob=(7)
cfi=(170)
cfn=(794) std::codecvt<wchar_t, char, __mbstate_t>::codecvt(unsigned long)
calls=1 0 
0 37
cob=(1)
cfi=(159)
cfn=(526)
calls=1 67 
0 847
0 5

fn=(1024) 0x00000000048f2b10
0 8
cob=(7)
cfi=(170)
cfn=(1028) std::basic_ios<wchar_t, std::char_traits<wchar_t> >::init(std::basic_streambuf<wchar_t, std::char_traits<wchar_t> >*)
calls=4 0 
0 1783
cob=(1)
cfi=(159)
cfn=(526)
calls=1 67 
0 1118
0 5

fn=(1538) 0x00000000048f1080
0 380
cob=(7)
cfi=(170)
cfn=(1542) std::__basic_file<char>::fd()
calls=190 0 
0 3096
cob=(1)
cfi=(159)
cfn=(526)
calls=1 67 
0 799
0 5

fn=(1544) 0x00000000048f05b0
0 380
cob=(3)
cfi=(222) ./libio/./libio/fileno.c
cfn=(1548) fileno
calls=190 32 
0 1330
cob=(1)
cfi=(159)
cfn=(526)
calls=1 67 
0 811
0 5

fn=(1566) 0x00000000048f3c10
0 26
cob=(7)
cfi=(170)
cfn=(1570) std::__cxx11::basic_string<char, std::char_traits<char>, std::allocator<char> >::reserve(unsigned long)
calls=13 0 
0 5592
cob=(1)
cfi=(159)
cfn=(526)
calls=1 67 
0 1078
0 5

fn=(1590) 0x00000000048f2df0
0 26
cob=(7)
cfi=(170)
cfn=(1594) std::__cxx11::basic_stringbuf<char, std::char_traits<char>, std::allocator<char> >::_M_sync(char*, unsigned long, unsigned long)
calls=13 0 
0 637
cob=(1)
cfi=(159)
cfn=(526)
calls=1 67 
0 1134
0 5

fn=(1624) 0x000000000010e940
0 2
cob=(7)
cfi=(170)
cfn=(1626) std::basic_ifstream<char, std::char_traits<char> >::close()
calls=1 0 
0 5615

fn=(1650) 0x00000000048f39f0
0 4
cob=(7)
cfi=(170)
cfn=(1654) std::__basic_file<char>::close()
calls=2 0 
0 1273
cob=(1)
cfi=(159)
cfn=(526)
calls=1 67 
0 823
0 5

fn=(1730) 0x00000000048f1f80
0 2
cob=(7)
cfi=(170)
cfn=(1734) std::ctype<char>::_M_widen_init() const
calls=1 0 
0 1605
cob=(1)
cfi=(159)
cfn=(526)
calls=1 67 
0 847
0 5

fn=(1746) 0x00000000048f3a80
0 3094736
cob=(7)
cfi=(170)
cfn=(1750) std::istream::sentry::sentry(std::istream&, bool)
calls=1547368 0 
0 43326304
cob=(1)
cfi=(159)
cfn=(526)
calls=1 67 
0 734
0 5

fn=(1784) 0x000000000010ee10
0 4
cob=(7)
cfi=(170)
cfn=(1786) std::basic_ios<char, std::char_traits<char> >::operator bool() const
calls=2 0 
0 8

fn=(1840) 0x000000000010e9c0
0 34
cob=(3)
cfi=(220) ./string/../sysdeps/x86_64/multiarch/strchr-avx2.S
cfn=(1478) __strchr_avx2
calls=17 51 
0 357

fn=(1874) 0x000000000010ecc0
0 1536
cob=(7)
cfi=(170)
cfn=(1494) operator new(unsigned long)
calls=768 0 
0 44402

fn=(2212) 0x000000000010ecd0
0 1536
cob=(7)
cfi=(170)
cfn=(2214) operator delete(void*, unsigned long)
calls=768 0 
0 74539

fn=(2274) 0x000000000010ef30
0 1480
cob=(3)
cfi=(213) ./string/../sysdeps/x86_64/multiarch/memmove-vec-unaligned-erms.S
cfn=(1372) __memcpy_avx_unaligned_erms
calls=740 307 
0 11834

fn=(3642) 0x0000000004bf0670
0 32
cob=(3)
cfi=(290) ./string/../sysdeps/x86_64/multiarch/memset-vec-unaligned-erms.S
cfn=(3644) __memset_avx2_unaligned_erms
calls=16 181 
0 576

fn=(3720) 0x0000000004bf06a0
0 8
cob=(1)
cfi=(47) ./elf/../elf/dl-tls.c
cfn=(484) _dl_allocate_tls_init
calls=4 528 
0 1176
cob=(1)
cfi=(159)
cfn=(526)
calls=1 67 
0 1116
0 5

fn=(3742) 0x000000000010edc0
0 2
cob=(3)
cfi=(214) ./libio/./libio/iofopen.c
cfn=(1452) fopen@@GLIBC_2.2.5
calls=1 85 
0 506

fn=(3750) 0x0000000004bf04d0
0 14
cob=(3)
cfi=(220)
cfn=(3752) __strchrnul_avx2
calls=7 51 
0 133

fn=(3870) 0x00000000048f0290
0 2
cob=(3)
cfi=(323) ./stdlib/./stdlib/cxa_finalize.c
cfn=(3824) __cxa_finalize
calls=1 30 
0 9406

fn=(686) 0x00000000048f17a0
0 4702
cob=(7)
cfi=(170)
cfn=(690) std::locale::id::_M_id() const
calls=2351 0 
0 14538
cob=(1)
cfi=(159)
cfn=(526)
calls=1 67 
0 759
0 5

fn=(782) 0x0000000004bf0490
0 1622
cob=(3)
cfi=(182) ./string/../sysdeps/x86_64/multiarch/strlen-avx2.S
cfn=(784) __strlen_avx2
calls=811 50 
0 11354

fn=(786) 0x0000000004bf0520
0 98
cob=(3)
cfi=(183)
cfn=(788)
calls=49 71 
0 1048

fn=(1330) 0x000000000010eff0
0 2966
cob=(7)
cfi=(170)
cfn=(1332) std::allocator<char>::allocator()
calls=1483 0 
0 2966

fn=(1436) 0x00000000048f11f0
0 2
cob=(7)
cfi=(170)
cfn=(1440) std::__basic_file<char>::open(char const*, std::_Ios_Openmode, int)
calls=1 0 
0 1478
cob=(1)
cfi=(159)
cfn=(526)
calls=1 67 
0 967
0 5

fn=(1480) 0x00000000048f0d90
0 2
cob=(7)
cfi=(170)
cfn=(1484) std::basic_filebuf<char, std::char_traits<char> >::_M_allocate_internal_buffer()
calls=1 0 
0 830
cob=(1)
cfi=(159)
cfn=(526)
calls=1 67 
0 1142
0 5

fn=(1596) 0x00000000048f13d0
0 3074
cob=(7)
cfi=(170)
cfn=(1600) operator delete(void*)
calls=1537 0 
0 145370
cob=(1)
cfi=(159)
cfn=(526)
calls=1 67 
0 615
0 5

fn=(1640) 0x00000000048f1e10
0 2
cob=(7)
cfi=(170)
cfn=(1644) std::basic_filebuf<char, std::char_traits<char> >::_M_destroy_internal_buffer()
calls=1 0 
0 162
cob=(1)
cfi=(159)
cfn=(526)
calls=1 67 
0 1158
0 5

fn=(1682) 0x0000000004bf0370
0 198
cob=(3)
cfi=(188) ./malloc/./malloc/malloc.c
cfn=(1606) free
calls=99 3352 
0 699

fn=(1694) 0x00000000048f30f0
0 4
cob=(7)
cfi=(170)
cfn=(1698) std::ios_base::~ios_base()
calls=2 0 
0 1934
cob=(1)
cfi=(159)
cfn=(526)
calls=1 67 
0 719
0 5

fn=(1712) 0x000000000010eb30
0 2988
cob=(7)
cfi=(170)
cfn=(1714) std::__cxx11::basic_string<char, std::char_traits<char>, std::allocator<char> >::~basic_string()
calls=1494 0 
0 9156

fn=(1794) 0x000000000010f0c0
0 8
cob=(7)
cfi=(170)
cfn=(616) std::locale::locale()
calls=4 0 
0 100

fn=(1814) 0x000000000010eb40
0 16
cob=(7)
cfi=(170)
cfn=(1816) std::locale::locale(std::locale const&)
calls=8 0 
0 56

fn=(1828) 0x000000000010ed80
0 4
cob=(7)
cfi=(170)
cfn=(1830) __dynamic_cast
calls=2 0 
0 92

fn=(2530) 0x000000000010ec80
0 1476
cob=(7)
cfi=(170)
cfn=(2532) std::__cxx11::collate<char> const& std::use_facet<std::__cxx11::collate<char> >(std::locale const&)
calls=738 0 
0 15498

fn=(2564) 0x00000000048f1000
0 1482
cob=(3)
cfi=(263) ./string/./string/strxfrm_l.c
cfn=(2568) strxfrm_l
calls=741 668 
0 79034
cob=(1)
cfi=(159)
cfn=(526)
calls=1 67 
0 834
0 5

fn=(3508) 0x000000000010ee20
0 3094728
cob=(7)
cfi=(170)
cfn=(3510) std::istream::read(char*, long)
calls=1547364 0 
0 181041607

fn=(3606) 0x0000000004acb380
0 32
cob=(4) /usr/lib/x86_64-linux-gnu/libm.so.6
cfi=(281) ./math/../sysdeps/ieee754/dbl-64/e_exp.c
cfn=(3608) __ieee754_exp_fma
calls=16 98 
0 552

fn=(3614) 0x000000000010f030
0 32
cob=(3)
cfi=(283) ./nptl/./nptl/pthread_create.c
cfn=(3616) pthread_create@@GLIBC_2.34
calls=16 621 
0 20211

fn=(3730) 0x000000000010f010
0 2
cob=(7)
cfi=(170)
cfn=(1576) std::__cxx11::basic_string<char, std::char_traits<char>, std::allocator<char> >::_M_create(unsigned long&, unsigned long)
calls=1 0 
0 71

fn=(3732) 0x000000000010ec20
0 2
cob=(7)
cfi=(170)
cfn=(3734) std::__cxx11::basic_string<char, std::char_traits<char>, std::allocator<char> >::_M_data(char*)
calls=1 0 
0 3

fn=(3736) 0x000000000010f090
0 2
cob=(7)
cfi=(170)
cfn=(3738) std::__cxx11::basic_string<char, std::char_traits<char>, std::allocator<char> >::_M_capacity(unsigned long)
calls=1 0 
0 3

fn=(3982) 0x0000000004b468c8
0 4

fn=(576) 0x0000000004ba7000
0 7

fn=(692) 0x00000000048f1980
0 2
cob=(7)
cfi=(170)
cfn=(696) std::codecvt<char, char, __mbstate_t>::codecvt(unsigned long)
calls=1 0 
0 37
cob=(1)
cfi=(159)
cfn=(526)
calls=1 67 
0 847
0 5

fn=(704) 0x00000000048f1de0
0 2
cob=(7)
cfi=(170)
cfn=(708) std::__cxx11::moneypunct<char, false>::_M_initialize_moneypunct(__locale_struct*, char const*)
calls=1 0 
0 113
cob=(1)
cfi=(159)
cfn=(526)
calls=1 67 
0 1223
0 5

fn=(728) 0x00000000048f0620
0 2
cob=(7)
cfi=(170)
cfn=(732) std::__cxx11::messages<char>::messages(unsigned long)
calls=1 0 
0 44
cob=(1)
cfi=(159)
cfn=(526)
calls=1 67 
0 798
0 5

fn=(770) 0x00000000048f1eb0
0 24
cob=(7)
cfi=(170)
cfn=(774) std::ctype<wchar_t>::_M_convert_to_wmask(unsigned short) const
calls=12 0 
0 4310
cob=(1)
cfi=(159)
cfn=(526)
calls=1 67 
0 887
0 5

fn=(776) 0x00000000048f1520
0 20
cob=(3)
cfi=(181) ./wctype/./wctype/wctype_l.c
cfn=(780) wctype_l
calls=10 26 
0 3270
cob=(1)
cfi=(159)
cfn=(526)
calls=1 67 
0 869
0 5

fn=(820) 0x00000000048f22c0
0 2
cob=(7)
cfi=(170)
cfn=(824) std::__timepunct<wchar_t>::_M_initialize_timepunct(__locale_struct*)
calls=1 0 
0 166
cob=(1)
cfi=(159)
cfn=(526)
calls=1 67 
0 1111
0 5

fn=(864) 0x00000000048f4010
0 2
cob=(7)
cfi=(170)
cfn=(868) std::moneypunct<char, true>::_M_initialize_moneypunct(__locale_struct*, char const*)
calls=1 0 
0 113
cob=(1)
cfi=(159)
cfn=(526)
calls=1 67 
0 1196
0 5

fn=(1098) 0x00000000048f11d0
0 3076
cob=(3)
cfi=(188)
cfn=(1102) malloc
calls=1538 3287 
0 73930
cob=(1)
cfi=(159)
cfn=(526)
calls=1 67 
0 855
0 5

fn=(1292) 0x000000000010eef0
0 8
cob=(7)
cfi=(170)
cfn=(610) std::ios_base::Init::Init()
calls=4 0 
0 100

fn=(1308) 0x0000000004bf06d0
0 2
cob=(1)
cfi=(49) ./elf/./elf/dl-audit.c
cfn=(1312) _dl_audit_preinit
calls=1 117 
0 5
cob=(1)
cfi=(159)
cfn=(526)
calls=1 67 
0 956
0 5

fn=(1346) 0x000000000010ea50
0 12
cob=(3)
cfi=(182)
cfn=(784)
calls=6 50 
0 84

fn=(1374) 0x000000000010eb90
0 1492
cob=(7)
cfi=(170)
cfn=(1376) std::__cxx11::basic_string<char, std::char_traits<char>, std::allocator<char> >::_M_set_length(unsigned long)
calls=746 0 
0 3730

fn=(1384) 0x00000000048f1370
0 2
cob=(8) /home/amir/dv1674/dv1674_a2/blur/blur_par
cfi=(208) /usr/include/c++/11/bits/basic_string.tcc
cfn=(1388) void std::__cxx11::basic_string<char, std::char_traits<char>, std::allocator<char> >::_M_construct<char*>(char*, char*, std::forward_iterator_tag)
calls=1 206 
0 124
cob=(1)
cfi=(159)
cfn=(526)
calls=1 67 
0 1439
0 5

fn=(1398) 0x000000000010e990
0 1478
cob=(7)
cfi=(170)
cfn=(1400) std::__cxx11::basic_string<char, std::char_traits<char>, std::allocator<char> >::_S_copy_chars(char*, char*, char*)
calls=739 0 
0 5188

fn=(1656) 0x00000000048f3750
0 2
cob=(3)
cfi=(226) ./libio/./libio/iofclose.c
cfn=(1660) fclose@@GLIBC_2.2.5
calls=1 34 
0 402
cob=(1)
cfi=(159)
cfn=(526)
calls=1 67 
0 827
0 5

fn=(1752) 0x00000000048f0ba0
0 8
cob=(3)
cfi=(229) ./string/../sysdeps/x86_64/multiarch/memchr-avx2.S
cfn=(1756) __memchr_avx2
calls=4 60 
0 87
cob=(1)
cfi=(159)
cfn=(526)
calls=1 67 
0 836
0 5

fn=(2022) 0x000000000010ea20
0 3022
cob=(7)
cfi=(170)
cfn=(2024) std::ctype<char> const& std::use_facet<std::ctype<char> >(std::locale const&)
calls=1511 0 
0 31731

fn=(2268) 0x00000000048f4570
0 8
cob=(7)
cfi=(170)
cfn=(2272) std::__cxx11::basic_string<char, std::char_traits<char>, std::allocator<char> >::_M_replace_aux(unsigned long, unsigned long, unsigned long, char)
calls=4 0 
0 188
cob=(1)
cfi=(159)
cfn=(526)
calls=1 67 
0 1166
0 5

fn=(160) 0x0000000004002080
0 2
cob=(1)
cfi=(52) ./elf/./elf/dl-error-skeleton.c
cfn=(162) _dl_catch_error
calls=1 225 
0 2782

fn=(3374) 0x000000000010e920
0 6
cob=(7)
cfi=(170)
cfn=(3376) std::__cxx11::basic_string<char, std::char_traits<char>, std::allocator<char> >::_S_copy_chars(char*, __gnu_cxx::__normal_iterator<char const*, std::__cxx11::basic_string<char, std::char_traits<char>, std::allocator<char> > >, __gnu_cxx::__normal_iterator<char const*, std::__cxx11::basic_string<char, std::char_traits<char>, std::allocator<char> > >)
calls=3 0 
0 81

fn=(3388) 0x000000000010e8d0
0 50
cob=(3)
cfi=(274) ./csu/./csu/errno-loc.c
cfn=(3390) __errno_location
calls=25 25 
0 100

fn=(3602) 0x000000000010f000
0 32
cob=(4)
cfi=(280) ./math/./w_exp_template.c
cfn=(3604) exp@@GLIBC_2.29
calls=16 31 
0 840

fn=(3632) 0x0000000004bf0640
0 24
cob=(1)
cfi=(47)
cfn=(3636) _dl_allocate_tls
calls=12 631 
0 7183
cob=(1)
cfi=(159)
cfn=(526)
calls=1 67 
0 966
0 5

fn=(3694) 0x000000000010ec70
0 32
cob=(3)
cfi=(308) ./nptl/./nptl/pthread_join.c
cfn=(3696) pthread_join@@GLIBC_2.34
calls=16 23 
0 6440

fn=(3822) 0x000000000010e870
0 2
cob=(3)
cfi=(323)
cfn=(3824)
calls=1 30 
0 139

fn=(3838) 0x000000000013fe00
0 4

fn=(3900) 0x00000000048f2860
0 6
cob=(7)
cfi=(170)
cfn=(3904) std::ostream::flush()
calls=3 0 
0 4734
cob=(1)
cfi=(159)
cfn=(526)
calls=1 67 
0 708
0 5

fn=(3901) 0x00000000048f2860'2
0 2
cob=(7)
cfi=(170)
cfn=(3905) std::ostream::flush()'2
calls=1 0 
0 134

fn=(3914) 0x00000000048f4470
0 20
cob=(3)
cfi=(326) ./libio/./libio/iofflush.c
cfn=(3918) fflush
calls=10 32 
0 660
cob=(1)
cfi=(159)
cfn=(526)
calls=1 67 
0 836
0 5

fn=(4006) 0x0000000004bc1f68
0 4

fn=(588) 0x0000000004acb000
0 7

fn=(598) 0x00000000048ec000
0 7

fn=(604) 0x00000000048f2ff0
0 2
cob=(7)
cfi=(170)
cfn=(610)
calls=1 0 
0 89193
cob=(1)
cfi=(159)
cfn=(526)
calls=1 67 
0 759
0 5

fn=(698) 0x00000000048f36a0
0 2
cob=(7)
cfi=(170)
cfn=(702) std::__cxx11::numpunct<char>::_M_initialize_numpunct(__locale_struct*)
calls=1 0 
0 414
cob=(1)
cfi=(159)
cfn=(526)
calls=1 67 
0 1135
0 5

fn=(802) 0x00000000048f2d20
0 2
cob=(7)
cfi=(170)
cfn=(806) std::__cxx11::moneypunct<wchar_t, false>::_M_initialize_moneypunct(__locale_struct*, char const*)
calls=1 0 
0 109
cob=(1)
cfi=(159)
cfn=(526)
calls=1 67 
0 1239
0 5

fn=(808) 0x00000000048f1010
0 2
cob=(7)
cfi=(170)
cfn=(812) std::__cxx11::moneypunct<wchar_t, true>::_M_initialize_moneypunct(__locale_struct*, char const*)
calls=1 0 
0 109
cob=(1)
cfi=(159)
cfn=(526)
calls=1 67 
0 1207
0 5

fn=(814) 0x00000000048f3350
0 2
cob=(7)
cfi=(170)
cfn=(818) std::__timepunct<wchar_t>::__timepunct(std::__timepunct_cache<wchar_t>*, unsigned long)
calls=1 0 
0 1312
cob=(1)
cfi=(159)
cfn=(526)
calls=1 67 
0 982
0 5

fn=(980) 0x00000000048f0760
0 2
cob=(7)
cfi=(170)
cfn=(984) std::locale::locale(std::locale::_Impl*)
calls=1 0 
0 3
cob=(1)
cfi=(159)
cfn=(526)
calls=1 67 
0 783
0 5

fn=(1006) 0x00000000048f2980
0 26
cob=(7)
cfi=(170)
cfn=(1010) std::locale::operator=(std::locale const&)
calls=13 0 
0 260
cob=(1)
cfi=(159)
cfn=(526)
calls=1 67 
0 727
0 5

fn=(1012) 0x00000000048f2e50
0 34
cob=(7)
cfi=(170)
cfn=(1016)
calls=17 0 
0 136
cob=(1)
cfi=(159)
cfn=(526)
calls=1 67 
0 735
0 5

fn=(1038) 0x00000000048f15b0
0 26
cob=(3)
cfi=(184) ./stdlib/./stdlib/cxa_atexit.c
cfn=(1042) __cxa_atexit
calls=13 69 
0 971
cob=(1)
cfi=(159)
cfn=(526)
calls=1 67 
0 959
0 5

fn=(1276) 0x000000000010e000
0 7

fn=(1326) 0x000000000010ebc0
0 2
cob=(7)
cfi=(170)
cfn=(1328) std::__cxx11::basic_stringstream<char, std::char_traits<char>, std::allocator<char> >::basic_stringstream()
calls=1 0 
0 690

fn=(1358) 0x000000000010ed30
0 1492
cob=(7)
cfi=(170)
cfn=(1360) std::__cxx11::basic_string<char, std::char_traits<char>, std::allocator<char> >::_M_data() const
calls=746 0 
0 2238

fn=(1408) 0x00000000048f3e80
0 2
cob=(7)
cfi=(170)
cfn=(1412) std::basic_filebuf<char, std::char_traits<char> >::basic_filebuf()
calls=1 0 
0 1027
cob=(1)
cfi=(159)
cfn=(526)
calls=1 67 
0 950
0 5

fn=(1414) 0x00000000048f3f50
0 2
cob=(7)
cfi=(170)
cfn=(1418) std::__basic_file<char>::__basic_file(pthread_mutex_t*)
calls=1 0 
0 4
cob=(1)
cfi=(159)
cfn=(526)
calls=1 67 
0 935
0 5

fn=(1420) 0x000000000010ec30
0 2
cob=(7)
cfi=(170)
cfn=(1422) std::basic_ifstream<char, std::char_traits<char> >::open(std::__cxx11::basic_string<char, std::char_traits<char>, std::allocator<char> > const&, std::_Ios_Openmode)
calls=1 0 
0 7527

fn=(1424) 0x00000000048f2bc0
0 2
cob=(7)
cfi=(170)
cfn=(1428) std::basic_filebuf<char, std::char_traits<char> >::open(char const*, std::_Ios_Openmode)
calls=1 0 
0 5335
cob=(1)
cfi=(159)
cfn=(526)
calls=1 67 
0 1110
0 5

fn=(1430) 0x00000000048f3490
0 14
cob=(7)
cfi=(170)
cfn=(1434) std::__basic_file<char>::is_open() const
calls=7 0 
0 28
cob=(1)
cfi=(159)
cfn=(526)
calls=1 67 
0 839
0 5

fn=(1646) 0x00000000048f0210
0 1478
cob=(7)
cfi=(170)
cfn=(1648) operator delete[](void*)
calls=739 0 
0 71726

fn=(1722) 0x000000000010ee80
0 20
cob=(7)
cfi=(170)
cfn=(1724) std::__cxx11::basic_string<char, std::char_traits<char>, std::allocator<char> >::basic_string()
calls=10 0 
0 60

fn=(1758) 0x00000000048f2670
0 1490
cob=(7)
cfi=(170)
cfn=(1762) std::__cxx11::basic_string<char, std::char_traits<char>, std::allocator<char> >::_M_append(char const*, unsigned long)
calls=745 0 
0 25640
cob=(1)
cfi=(159)
cfn=(526)
calls=1 67 
0 1150
0 5

fn=(2342) 0x000000000010ee50
0 12
cob=(7)
cfi=(170)
cfn=(2344) std::__cxx11::basic_string<char, std::char_traits<char>, std::allocator<char> >::data() const
calls=6 0 
0 18

fn=(2540) 0x000000000010eae0
0 2952
cob=(7)
cfi=(170)
cfn=(2542) std::__cxx11::basic_string<char, std::char_traits<char>, std::allocator<char> >::data()
calls=1476 0 
0 4428

fn=(2980) 0x000000000010ec90
0 4
cob=(7)
cfi=(170)
cfn=(2982) std::__cxx11::basic_string<char, std::char_traits<char>, std::allocator<char> >::begin() const
calls=2 0 
0 6

fn=(3506) 0x000000000010e8a0
0 30
cob=(7)
cfi=(170)
cfn=(1488) operator new[](unsigned long)
calls=15 0 
0 5480

fn=(3772) 0x0000000004bf03e0
0 48
cob=(3)
cfi=(213)
cfn=(3774) __mempcpy_avx_unaligned_erms
calls=24 294 
0 5515

fn=(3850) 0x000000000483f040
0 2
cob=(3)
cfi=(323)
cfn=(3824)
calls=1 30 
0 139

fn=(548) 0x000000000483f000
0 6
cob=(5) /usr/libexec/valgrind/vgpreload_core-amd64-linux.so
cfi=(163) ???
cfn=(552) 0x0000000000001170
calls=1 0 
0 12
0 1
cob=(5)
cfi=(163)
cfn=(560) 0x00000000000012f0
calls=1 0 
0 5
0 2

fn=(628) 0x00000000048f13b0
0 2
cob=(7)
cfi=(170)
cfn=(632) std::locale::_Impl::_Impl(unsigned long)
calls=1 0 
0 76918
cob=(1)
cfi=(159)
cfn=(526)
calls=1 67 
0 743
0 5

fn=(834) 0x00000000048f16e0
0 2
cob=(7)
cfi=(170)
cfn=(838) std::numpunct<char>::_M_initialize_numpunct(__locale_struct*)
calls=1 0 
0 414
cob=(1)
cfi=(159)
cfn=(526)
calls=1 67 
0 1047
0 5

fn=(852) 0x00000000048f0a20
0 2
cob=(7)
cfi=(170)
cfn=(856) std::moneypunct<char, false>::_M_initialize_moneypunct(__locale_struct*, char const*)
calls=1 0 
0 113
cob=(1)
cfi=(159)
cfn=(526)
calls=1 67 
0 1143
0 5

fn=(918) 0x00000000048f26c0
0 2
cob=(7)
cfi=(170)
cfn=(922) std::moneypunct<wchar_t, false>::_M_initialize_moneypunct(__locale_struct*, char const*)
calls=1 0 
0 109
cob=(1)
cfi=(159)
cfn=(526)
calls=1 67 
0 1175
0 5

fn=(988) 0x00000000048f12b0
0 20
cob=(7)
cfi=(170)
cfn=(992) std::ios_base::ios_base()
calls=10 0 
0 850
cob=(1)
cfi=(159)
cfn=(526)
calls=1 67 
0 756
0 5

fn=(1496) 0x00000000048f3e00
0 2
cob=(7)
cfi=(170)
cfn=(1500)
calls=1 0 
0 7
cob=(1)
cfi=(159)
cfn=(526)
calls=1 67 
0 1046
0 5

fn=(1560) 0x00000000048f1f60
0 28
cob=(7)
cfi=(170)
cfn=(1564) std::__cxx11::basic_stringbuf<char, std::char_traits<char>, std::allocator<char> >::_M_pbump(char*, char*, long)
calls=14 0 
0 196
cob=(1)
cfi=(159)
cfn=(526)
calls=1 67 
0 1142
0 5

fn=(1578) 0x00000000048f0550
0 26
cob=(7)
cfi=(170)
cfn=(1582) std::__cxx11::basic_string<char, std::char_traits<char>, std::allocator<char> >::_M_replace(unsigned long, unsigned long, char const*, unsigned long)
calls=13 0 
0 1149984
cob=(1)
cfi=(159)
cfn=(526)
calls=1 67 
0 1142
0 5

fn=(1634) 0x00000000048f1bd0
0 2
cob=(7)
cfi=(170)
cfn=(1638) std::basic_filebuf<char, std::char_traits<char> >::_M_terminate_output()
calls=1 0 
0 29
cob=(1)
cfi=(159)
cfn=(526)
calls=1 67 
0 1086
0 5

fn=(2192) 0x00000000048f4120
0 38
cob=(7)
cfi=(170)
cfn=(2196) std::__cxx11::basic_string<char, std::char_traits<char>, std::allocator<char> >::_M_assign(std::__cxx11::basic_string<char, std::char_traits<char>, std::allocator<char> > const&)
calls=19 0 
0 808
cob=(1)
cfi=(159)
cfn=(526)
calls=1 67 
0 1118
0 5

fn=(2264) 0x000000000010efd0
0 8
cob=(7)
cfi=(170)
cfn=(2266) std::__cxx11::basic_string<char, std::char_traits<char>, std::allocator<char> >::assign(unsigned long, char)
calls=4 0 
0 1391

fn=(2292) 0x000000000010ef50
0 6
cob=(7)
cfi=(170)
cfn=(1332)
calls=3 0 
0 6

fn=(2484) 0x000000000010ed20
0 4442
cob=(7)
cfi=(170)
cfn=(2486) std::allocator<char>::~allocator()
calls=2221 0 
0 4442

fn=(2544) 0x000000000010efb0
0 1476
cob=(7)
cfi=(170)
cfn=(2546) std::__cxx11::collate<char>::transform(char const*, char const*) const
calls=738 0 
0 335086

fn=(3744) 0x000000000010eec0
0 6
cob=(3)
cfi=(313) ./stdio-common/./stdio-common/fprintf.c
cfn=(3746) fprintf
calls=3 27 
0 2829

fn=(3842) 0x000000000483f334
0 3
cob=(5)
cfi=(163)
cfn=(3844) 0x00000000000010e0
calls=1 0 
0 172
0 2

fn=(3972) 0x0000000004acb1e0
0 2
cob=(3)
cfi=(323)
cfn=(3824)
calls=1 30 
0 139

fn=(680) 0x00000000048f2090
0 64
cob=(7)
cfi=(170)
cfn=(684) std::locale::_Impl::_M_install_facet(std::locale::id const*, std::locale::facet const*)
calls=32 0 
0 13436
cob=(1)
cfi=(159)
cfn=(526)
calls=1 67 
0 1055
0 5

fn=(722) 0x00000000048f2e70
0 2
cob=(7)
cfi=(170)
cfn=(726) std::__timepunct<char>::_M_initialize_timepunct(__locale_struct*)
calls=1 0 
0 168
cob=(1)
cfi=(159)
cfn=(526)
calls=1 67 
0 1087
0 5

fn=(796) 0x00000000048f0c30
0 2
cob=(7)
cfi=(170)
cfn=(800) std::__cxx11::numpunct<wchar_t>::_M_initialize_numpunct(__locale_struct*)
calls=1 0 
0 350
cob=(1)
cfi=(159)
cfn=(526)
calls=1 67 
0 1111
0 5

fn=(826) 0x00000000048f0c70
0 2
cob=(7)
cfi=(170)
cfn=(830) std::__cxx11::messages<wchar_t>::messages(unsigned long)
calls=1 0 
0 44
cob=(1)
cfi=(159)
cfn=(526)
calls=1 67 
0 798
0 5

fn=(888) 0x00000000048f44d0
0 2
cob=(7)
cfi=(170)
cfn=(892) std::messages<char>::messages(unsigned long)
calls=1 0 
0 44
cob=(1)
cfi=(159)
cfn=(526)
calls=1 67 
0 750
0 5

fn=(900) 0x00000000048f2060
0 2
cob=(7)
cfi=(170)
cfn=(904) std::numpunct<wchar_t>::_M_initialize_numpunct(__locale_struct*)
calls=1 0 
0 350
cob=(1)
cfi=(159)
cfn=(526)
calls=1 67 
0 1055
0 5

fn=(1000) 0x00000000048f3720
0 26
cob=(7)
cfi=(170)
cfn=(1004) std::ios_base::_M_init()
calls=13 0 
0 2577
cob=(1)
cfi=(159)
cfn=(526)
calls=1 67 
0 767
0 5

fn=(1018) 0x00000000048f38e0
0 18
cob=(7)
cfi=(170)
cfn=(1022) std::basic_ios<char, std::char_traits<char> >::_M_cache_locale(std::locale const&)
calls=9 0 
0 495
cob=(1)
cfi=(159)
cfn=(526)
calls=1 67 
0 1110
0 5

fn=(1030) 0x00000000048f4240
0 8
cob=(7)
cfi=(170)
cfn=(1034) std::basic_ios<wchar_t, std::char_traits<wchar_t> >::_M_cache_locale(std::locale const&)
calls=4 0 
0 220
cob=(1)
cfi=(159)
cfn=(526)
calls=1 67 
0 1110
0 5

fn=(1080) 0x00000000048f1c60
0 2
cob=(3)
cfi=(185) ./stdlib/./stdlib/secure-getenv.c
cfn=(1084) secure_getenv
calls=1 28 
0 344
cob=(1)
cfi=(159)
cfn=(526)
calls=1 67 
0 911
0 5

fn=(1336) 0x000000000010ec10
0 1490
cob=(7)
cfi=(170)
cfn=(1338) std::__cxx11::basic_string<char, std::char_traits<char>, std::allocator<char> >::_M_local_data()
calls=745 0 
0 2235

fn=(1448) 0x00000000048f3c60
0 2
cob=(3)
cfi=(214)
cfn=(1452)
calls=1 85 
0 599
cob=(1)
cfi=(159)
cfn=(526)
calls=1 67 
0 830
0 5

fn=(1454) 0x0000000004bf0380
0 6
cob=(3)
cfi=(188)
cfn=(1102)
calls=3 3287 
0 634

fn=(1532) 0x00000000048f1fd0
0 380
cob=(7)
cfi=(170)
cfn=(1536) std::__basic_file<char>::xsgetn(char*, long)
calls=190 0 
0 11923
cob=(1)
cfi=(159)
cfn=(526)
calls=1 67 
0 839
0 5

fn=(1628) 0x00000000048f3ac0
0 4
cob=(7)
cfi=(170)
cfn=(1632) std::basic_filebuf<char, std::char_traits<char> >::close()
calls=2 0 
0 4624
cob=(1)
cfi=(159)
cfn=(526)
calls=1 67 
0 1006
0 5

fn=(1684) 0x000000000010e970
0 2
cob=(7)
cfi=(170)
cfn=(1686) std::basic_ifstream<char, std::char_traits<char> >::~basic_ifstream()
calls=1 0 
0 3478

fn=(1716) 0x000000000010e890
0 2
cob=(7)
cfi=(170)
cfn=(1718) std::basic_ios<char, std::char_traits<char> >::fail() const
calls=1 0 
0 4

fn=(1726) 0x000000000010e910
0 8
cob=(7)
cfi=(170)
cfn=(1728) std::basic_istream<char, std::char_traits<char> >& std::getline<char, std::char_traits<char>, std::allocator<char> >(std::basic_istream<char, std::char_traits<char> >&, std::__cxx11::basic_string<char, std::char_traits<char>, std::allocator<char> >&)
calls=4 0 
0 9329

fn=(1788) 0x000000000010f0a0
0 12
cob=(7)
cfi=(170)
cfn=(1790) std::__cxx11::basic_string<char, std::char_traits<char>, std::allocator<char> >::operator[](unsigned long)
calls=6 0 
0 24

fn=(1826) 0x000000000010eab0
0 4
cob=(7)
cfi=(170)
cfn=(690)
calls=2 0 
0 12

fn=(2592) 0x000000000010e900
0 1488
cob=(7)
cfi=(170)
cfn=(2486)
calls=744 0 
0 1488

fn=(3728) 0x000000000010ee40
0 30
cob=(7)
cfi=(170)
cfn=(1648)
calls=15 0 
0 2428

fn=(3800) 0x000000000010ecb0
0 2
cob=(3)
cfi=(226)
cfn=(1660)
calls=1 34 
0 700

fn=(3892) 0x00000000048f22e0
0 4
cob=(7)
cfi=(170)
cfn=(3896) std::error_category::~error_category()
calls=2 0 
0 4
cob=(1)
cfi=(159)
cfn=(526)
calls=1 67 
0 789
0 5

fn=(3996) 0x0000000004ba7370
0 2
cob=(3)
cfi=(323)
cfn=(3824)
calls=1 30 
0 139

fn=(612) 0x00000000048f1870
0 62
cob=(7)
cfi=(170)
cfn=(616)
calls=31 0 
0 79256
cob=(1)
cfi=(159)
cfn=(526)
calls=1 67 
0 703
0 5

fn=(640) 0x00000000048f0780
0 2
cob=(7)
cfi=(170)
cfn=(644) std::ctype<char>::ctype(unsigned short const*, bool, unsigned long)
calls=1 0 
0 4186
cob=(1)
cfi=(159)
cfn=(526)
calls=1 67 
0 788
0 5

fn=(710) 0x00000000048f34d0
0 2
cob=(7)
cfi=(170)
cfn=(714) std::__cxx11::moneypunct<char, true>::_M_initialize_moneypunct(__locale_struct*, char const*)
calls=1 0 
0 113
cob=(1)
cfi=(159)
cfn=(526)
calls=1 67 
0 1223
0 5

fn=(716) 0x00000000048f29c0
0 2
cob=(7)
cfi=(170)
cfn=(720) std::__timepunct<char>::__timepunct(std::__timepunct_cache<char>*, unsigned long)
calls=1 0 
0 1290
cob=(1)
cfi=(159)
cfn=(526)
calls=1 67 
0 974
0 5

fn=(734) 0x00000000048f0b40
0 2
cob=(7)
cfi=(170)
cfn=(738) std::ctype<wchar_t>::ctype(unsigned long)
calls=1 0 
0 28304
cob=(1)
cfi=(159)
cfn=(526)
calls=1 67 
0 719
0 5

fn=(740) 0x00000000048f1a30
0 2
cob=(7)
cfi=(170)
cfn=(744) std::ctype<wchar_t>::_M_initialize_ctype()
calls=1 0 
0 27395
cob=(1)
cfi=(159)
cfn=(526)
calls=1 67 
0 863
0 5

fn=(954) 0x00000000048f2c30
0 2
cob=(7)
cfi=(170)
cfn=(958) std::messages<wchar_t>::messages(unsigned long)
calls=1 0 
0 44
cob=(1)
cfi=(159)
cfn=(526)
calls=1 67 
0 750
0 5

fn=(994) 0x00000000048f3680
0 18
cob=(7)
cfi=(170)
cfn=(998) std::basic_ios<char, std::char_traits<char> >::init(std::basic_streambuf<char, std::char_traits<char> >*)
calls=9 0 
0 4862
cob=(1)
cfi=(159)
cfn=(526)
calls=1 67 
0 1158
0 5

fn=(1054) 0x00000000048f2080
0 4
cob=(7)
cfi=(170)
cfn=(1058) std::error_category::error_category()
calls=2 0 
0 10
cob=(1)
cfi=(159)
cfn=(526)
calls=1 67 
0 804
0 5

fn=(1070) 0x00000000048f1500
0 2
cob=(7)
cfi=(170)
cfn=(1074) std::future_category()
calls=1 0 
0 3
cob=(1)
cfi=(159)
cfn=(526)
calls=1 67 
0 759
0 5

fn=(1088) 0x0000000004bf0590
0 4
cob=(3)
cfi=(187) ./string/../sysdeps/x86_64/multiarch/strcmp-avx2.S
cfn=(1090) __strncmp_avx2
calls=2 83 
0 91

fn=(1294) 0x000000000010ec50
0 8
cob=(3)
cfi=(184)
cfn=(1042)
calls=4 69 
0 300

fn=(1362) 0x000000000010ed60
0 8
cob=(7)
cfi=(170)
cfn=(1364) std::__cxx11::basic_string<char, std::char_traits<char>, std::allocator<char> >::_S_copy_chars(char*, char const*, char const*)
calls=4 0 
0 1096

fn=(1404) 0x000000000010ed90
0 2
cob=(7)
cfi=(170)
cfn=(1406) std::basic_ifstream<char, std::char_traits<char> >::basic_ifstream()
calls=1 0 
0 2450

fn=(1490) 0x00000000048f0c90
0 1538
cob=(7)
cfi=(170)
cfn=(1494)
calls=769 0 
0 49237
cob=(1)
cfi=(159)
cfn=(526)
calls=1 67 
0 607
0 5

fn=(1524) 0x000000000010e930
0 2
cob=(7)
cfi=(170)
cfn=(1526) long std::__copy_streambufs_eof<char, std::char_traits<char> >(std::basic_streambuf<char, std::char_traits<char> >*, std::basic_streambuf<char, std::char_traits<char> >*, bool&)
calls=1 0 
0 1355986

fn=(1550) 0x00000000048f11a0
0 380
cob=(3)
cfi=(223) ./io/../sysdeps/unix/sysv/linux/read.c
cfn=(1554) read
calls=190 25 
0 1520
cob=(1)
cfi=(159)
cfn=(526)
calls=1 67 
0 798
0 5

fn=(1602) 0x00000000048f1c10
0 3074
cob=(3)
cfi=(188)
cfn=(1606)
calls=1537 3352 
0 138370
cob=(1)
cfi=(159)
cfn=(526)
calls=1 67 
0 847
0 5

fn=(1700) 0x00000000048f2490
0 4
cob=(7)
cfi=(170)
cfn=(1704) std::ios_base::_M_call_callbacks(std::ios_base::event)
calls=2 0 
0 22
cob=(1)
cfi=(159)
cfn=(526)
calls=1 67 
0 943
0 5

fn=(1706) 0x00000000048f0850
0 4
cob=(7)
cfi=(170)
cfn=(1710) std::ios_base::_M_dispose_callbacks()
calls=2 0 
0 26
cob=(1)
cfi=(159)
cfn=(526)
calls=1 67 
0 871
0 5

fn=(1740) 0x00000000048f0950
0 8
cob=(7)
cfi=(170)
cfn=(1744) std::basic_istream<char, std::char_traits<char> >& std::getline<char, std::char_traits<char>, std::allocator<char> >(std::basic_istream<char, std::char_traits<char> >&, std::__cxx11::basic_string<char, std::char_traits<char>, std::allocator<char> >&, char)
calls=4 0 
0 5340
cob=(1)
cfi=(159)
cfn=(526)
calls=1 67 
0 1431
0 5

fn=(2464) 0x000000000010eeb0
0 1482
cob=(7)
cfi=(170)
cfn=(2466)
calls=741 0 
0 1482

fn=(2558) 0x00000000048f3380
0 1482
cob=(7)
cfi=(170)
cfn=(2562) std::__cxx11::collate<char>::_M_transform(char*, char const*, unsigned long) const
calls=741 0 
0 86542
cob=(1)
cfi=(159)
cfn=(526)
calls=1 67 
0 935
0 5

fn=(2570) 0x0000000004bf05b0
0 1482
cob=(3)
cfi=(264) ./string/../sysdeps/x86_64/multiarch/strcpy-avx2.S
cfn=(2572) __stpncpy_avx2
calls=741 53 
0 32351

fn=(164) 0x0000000004002050
0 26
cob=(1)
cfi=(52)
cfn=(166) _dl_catch_exception
calls=13 175 
0 30109

fn=(3942) 0x00000000048f3950
0 6
cob=(7)
cfi=(170)
cfn=(3946) std::basic_ostream<wchar_t, std::char_traits<wchar_t> >::flush()
calls=3 0 
0 1692
cob=(1)
cfi=(159)
cfn=(526)
calls=1 67 
0 972
0 5

fn=(3943) 0x00000000048f3950'2
0 2
cob=(7)
cfi=(170)
cfn=(3947) std::basic_ostream<wchar_t, std::char_traits<wchar_t> >::flush()'2
calls=1 0 
0 134

fn=(3948) 0x00000000048f2300
0 6
cob=(7)
cfi=(170)
cfn=(3952) std::basic_ostream<wchar_t, std::char_traits<wchar_t> >::sentry::sentry(std::basic_ostream<wchar_t, std::char_traits<wchar_t> >&)
calls=3 0 
0 212
cob=(1)
cfi=(159)
cfn=(526)
calls=1 67 
0 1028
0 5

fn=(3949) 0x00000000048f2300'2
0 2
cob=(7)
cfi=(170)
cfn=(3953) std::basic_ostream<wchar_t, std::char_traits<wchar_t> >::sentry::sentry(std::basic_ostream<wchar_t, std::char_traits<wchar_t> >&)'2
calls=1 0 
0 23

fn=(652) 0x00000000048f1720
0 28
cob=(3)
cfi=(171) ./nptl/./nptl/pthread_once.c
cfn=(656) pthread_once@@GLIBC_2.34
calls=14 136 
0 2200
cob=(1)
cfi=(159)
cfn=(526)
calls=1 67 
0 1030
0 5

fn=(758) 0x00000000048f3b50
0 512
cob=(3)
cfi=(177) ./wcsmbs/./wcsmbs/btowc.c
cfn=(762) btowc
calls=256 32 
0 12672
cob=(1)
cfi=(159)
cfn=(526)
calls=1 67 
0 777
0 5

fn=(930) 0x00000000048f3220
0 2
cob=(7)
cfi=(170)
cfn=(934) std::moneypunct<wchar_t, true>::_M_initialize_moneypunct(__locale_struct*, char const*)
calls=1 0 
0 109
cob=(1)
cfi=(159)
cfn=(526)
calls=1 67 
0 1151
0 5

fn=(1366) 0x00000000048f4230
0 3095178
cob=(3)
cfi=(213)
cfn=(1372)
calls=1547589 307 
0 26058092
cob=(1)
cfi=(159)
cfn=(526)
calls=1 67 
0 1015
0 5

fn=(1476) 0x0000000004bf0600
0 4
cob=(3)
cfi=(220)
cfn=(1478)
calls=2 51 
0 42

fn=(1486) 0x00000000048f0280
0 1478
cob=(7)
cfi=(170)
cfn=(1488)
calls=739 0 
0 43039

fn=(1502) 0x000000000010ea80
0 2
cob=(7)
cfi=(170)
cfn=(1504) std::basic_ios<char, std::char_traits<char> >::operator!() const
calls=1 0 
0 4

fn=(1572) 0x00000000048f27d0
0 28
cob=(7)
cfi=(170)
cfn=(1576)
calls=14 0 
0 4485
cob=(1)
cfi=(159)
cfn=(526)
calls=1 67 
0 1147
0 5

fn=(1688) 0x00000000048f17b0
0 2
cob=(7)
cfi=(170)
cfn=(1692) std::__basic_file<char>::~__basic_file()
calls=1 0 
0 19
cob=(1)
cfi=(159)
cfn=(526)
calls=1 67 
0 775
0 5

fn=(1772) 0x00000000048f1ca0
0 1490
cob=(3)
cfi=(182)
cfn=(784)
calls=745 50 
0 10430
cob=(1)
cfi=(159)
cfn=(526)
calls=1 67 
0 818
0 5

fn=(1778) 0x00000000048f4110
0 2
cob=(7)
cfi=(170)
cfn=(1782) std::__cxx11::basic_string<char, std::char_traits<char>, std::allocator<char> >::_M_mutate(unsigned long, unsigned long, char const*, unsigned long)
calls=1 0 
0 634
cob=(1)
cfi=(159)
cfn=(526)
calls=1 67 
0 1150
0 5

fn=(1948) 0x000000000010ed50
0 8
cob=(7)
cfi=(170)
cfn=(1010)
calls=4 0 
0 80

fn=(2188) 0x000000000010e8c0
0 38
cob=(7)
cfi=(170)
cfn=(2190) std::__cxx11::basic_string<char, std::char_traits<char>, std::allocator<char> >::operator=(std::__cxx11::basic_string<char, std::char_traits<char>, std::allocator<char> > const&)
calls=19 0 
0 2102

fn=(3380) 0x000000000010ea10
0 12
cob=(7)
cfi=(170)
cfn=(3382) std::__cxx11::basic_string<char, std::char_traits<char>, std::allocator<char> >::c_str() const
calls=6 0 
0 18

fn=(3712) 0x0000000004bf04f0
0 16
cob=(1)
cfi=(47)
cfn=(3716) _dl_deallocate_tls
calls=8 641 
0 2379
cob=(1)
cfi=(159)
cfn=(526)
calls=1 67 
0 982
0 5

fn=(3804) 0x000000000010ebf0
0 2
cob=(7)
cfi=(170)
cfn=(3806) std::__cxx11::basic_stringstream<char, std::char_traits<char>, std::allocator<char> >::~basic_stringstream()
calls=1 0 
0 168

fn=(3936) 0x00000000048f20f0
0 4
cob=(1)
cfi=(327) ./elf/../sysdeps/x86_64/tls_get_addr.S
cfn=(3940) __tls_get_addr
calls=2 29 
0 24
cob=(1)
cfi=(159)
cfn=(526)
calls=1 67 
0 946
0 5

ob=(4)
fl=(144) ./math/../sysdeps/x86_64/fpu/multiarch/s_fma.c
fn=(462) fma
49 6

fl=(281)
fn=(3608)
98 16
-10 16
fi=(282) ./math/../sysdeps/ieee754/dbl-64/math_config.h
-21 16
fe=(281)
+21 16
+16 16
+1 48
+30 60
+16 15
fi=(282)
-84 15
fe=(281)
+70 15
+14 15
-12 15
+2 15
+1 15
-3 15
+2 15
+1 15
+9 15
-10 15
+10 15
-6 15
+3 15
+3 60
+1 30
fi=(282)
-73 15
fe=(281)
+78 30
-49 2
+3 2

fl=(131) ./math/../sysdeps/x86_64/fpu/multiarch/e_exp.c
fn=(418) __exp_finite@GLIBC_2.15
27 1
fi=(132) ./math/../sysdeps/x86_64/fpu/multiarch/ifunc-avx-fma4.h
+5 5
+1 2
fe=(131)
-6 1

fl=(146) ./math/../sysdeps/x86_64/fpu/multiarch/e_atan2.c
fn=(472) __atan2_finite@GLIBC_2.15
26 1
fi=(132)
+6 5
+1 2
fe=(146)
-7 1

fl=(140) ./math/../sysdeps/x86_64/fpu/multiarch/e_log2f.c
fn=(446) log2f@@GLIBC_2.27
27 1
fi=(130) ./math/../sysdeps/x86_64/fpu/multiarch/ifunc-fma.h
+2 4
+1 3
fe=(140)
-3 1

fl=(143) ./math/../sysdeps/x86_64/fpu/multiarch/s_sinf.c
fn=(458) sinf
26 1
fi=(130)
+3 4
+1 3
fe=(143)
-4 1

fl=(169) ???
fn=(3976) 0x000000000000e3b0
0 5

fn=(3966) 0x000000000000e420
0 9
cob=(2)
cfi=(51)
cfn=(3972)
calls=1 0 
0 141
0 1
cfn=(3976)
calls=1 0 
0 5
0 3

fn=(592) 0x000000000000e460
0 12

fl=(129) ./math/../sysdeps/x86_64/fpu/multiarch/s_cosf.c
fn=(414) cosf
26 1
fi=(130)
+3 4
+1 3
fe=(129)
-4 1

fl=(138) ./math/../sysdeps/x86_64/fpu/multiarch/e_pow.c
fn=(442) __pow_finite@GLIBC_2.15
27 1
fi=(139) ./math/../sysdeps/x86_64/fpu/multiarch/ifunc-fma4.h
+4 4
+1 2
fe=(138)
-5 1

fl=(136) ./math/../sysdeps/x86_64/fpu/multiarch/s_sincosf.c
fn=(434) sincosf
26 1
fi=(130)
+3 4
+1 3
fe=(136)
-4 1

fl=(142) ./math/../sysdeps/x86_64/fpu/multiarch/e_asin.c
fn=(464) __asin_finite@GLIBC_2.15
27 1
fi=(139)
+4 4
+1 2
fe=(142)
-5 1

fn=(454) __acos_finite@GLIBC_2.15
35 1
fi=(139)
-4 4
+1 2
+3 1
fe=(142)

fl=(135) ./math/../sysdeps/x86_64/fpu/multiarch/e_logf.c
fn=(430) logf@@GLIBC_2.27
27 1
fi=(130)
+2 4
+1 3
fe=(135)
-3 1

fl=(280)
fn=(3604)
31 32
+1 32
cob=(2)
cfi=(51)
cfn=(3606)
calls=16 -32 
* 584
+1 160
+4 32

fl=(145) ./math/../sysdeps/x86_64/fpu/multiarch/e_exp2f.c
fn=(468) exp2f@@GLIBC_2.27
27 1
fi=(130)
+2 4
+1 3
fe=(145)
-3 1

fl=(137) ./math/../sysdeps/x86_64/fpu/multiarch/e_powf.c
fn=(438) powf@@GLIBC_2.27
30 1
fi=(130)
-1 4
+1 4
fe=(137)

fl=(141) ./math/../sysdeps/x86_64/fpu/multiarch/e_log.c
fn=(450) __log_finite@GLIBC_2.15
27 1
fi=(132)
+5 5
+1 2
fe=(141)
-6 1

fl=(134) ./math/../sysdeps/x86_64/fpu/multiarch/s_sin.c
fn=(426) cos
34 1
fi=(132)
-2 5
+1 2
fe=(134)
+1 1

fn=(476) sin
27 1
fi=(132)
+5 5
+1 2
fe=(134)
-6 1

fl=(133) ./math/../sysdeps/x86_64/fpu/multiarch/e_expf.c
fn=(422) expf@@GLIBC_2.27
27 1
fi=(130)
+2 4
+1 3
fe=(133)
-3 1

ob=(7)
fl=(170)
fn=(662) 0x00000000000c9d80
0 5
cob=(2)
cfi=(51)
cfn=(664)
calls=1 0 
0 2044

fn=(696)
0 13
cob=(2)
cfi=(51)
cfn=(646)
calls=1 0 
0 19
0 5

fn=(714)
0 113

fn=(732)
0 13
cob=(2)
cfi=(51)
cfn=(646)
calls=1 0 
0 19
0 2
cob=(2)
cfi=(51)
cfn=(634)
calls=1 0 
0 5
0 5

fn=(922)
0 109

fn=(1160) 0x00000000000b3510
0 44

fn=(1170) 0x00000000000b36f0
0 34

fn=(1338)
0 2235

fn=(1364)
0 25
cob=(2)
cfi=(51)
cfn=(1366)
calls=3 0 
0 1068
0 3

fn=(1376)
0 3730

fn=(1412)
0 14
cob=(2)
cfi=(51)
cfn=(612)
calls=1 0 
0 27
0 10
cob=(2)
cfi=(51)
cfn=(1414)
calls=1 0 
0 946
0 15
cob=(2)
cfi=(51)
cfn=(686)
calls=1 0 
0 8
0 7

fn=(1500)
0 14

fn=(1564)
0 196

fn=(1570)
0 195
cob=(2)
cfi=(51)
cfn=(1572)
calls=13 0 
0 5111
0 286

fn=(1638)
0 29

fn=(1644)
0 9
cob=(2)
cfi=(51)
cfn=(1646)
calls=1 0 
0 142
0 11

fn=(1654)
0 8
cob=(2)
cfi=(51)
cfn=(1430)
calls=2 0 
0 12
0 11
cob=(2)
cfi=(51)
cfn=(1656)
calls=1 0 
0 1236
0 6

fn=(1724)
0 60

fn=(2024)
0 7555
cob=(2)
cfi=(51)
cfn=(686)
calls=1511 0 
0 12088
0 12088

fn=(2214)
0 1536
cob=(2)
cfi=(51)
cfn=(1596)
calls=768 0 
0 73003

fn=(2548) std::__cxx11::collate<char>::do_transform(char const*, char const*) const
0 21402
cfn=(2550) 0x00000000001053a0
calls=738 0 
0 22878
0 5904
cob=(2)
cfi=(51)
cfn=(1486)
calls=738 0 
0 43700
0 1503
cob=(2)
cfi=(51)
cfn=(2558)
calls=3 0 
0 350
0 3690
cob=(2)
cfi=(51)
cfn=(2558)
calls=738 0 
0 88614
0 7410
cob=(2)
cfi=(51)
cfn=(1758)
calls=741 0 
0 25152
0 1482
cob=(2)
cfi=(51)
cfn=(1772)
calls=741 0 
0 11856
0 5205
cob=(2)
cfi=(51)
cfn=(1646)
calls=738 0 
0 73062
0 11808

fn=(3884) 0x00000000000e5f50
0 2

fn=(3912) __gnu_cxx::stdio_sync_filebuf<char, std::char_traits<char> >::sync()
0 15
cob=(2)
cfi=(51)
cfn=(3914)
calls=5 0 
0 1181

fn=(3928)
0 6
cob=(2)
cfi=(51)
cfn=(3930)
calls=2 0 
0 1749
0 10

fn=(638)
0 21

fn=(684)
0 448
cob=(2)
cfi=(51)
cfn=(686)
calls=32 0 
0 1308
0 11680

fn=(690)
0 14550

fn=(1058)
0 10

fn=(1164) 0x00000000000b3690
0 5
cob=(2)
cfi=(51)
cfn=(1038)
calls=1 0 
0 77

fn=(1332)
0 2972

fn=(1504)
0 4

fn=(1542)
0 570
cob=(2)
cfi=(51)
cfn=(1544)
calls=190 0 
0 2526

fn=(2190)
0 76
cob=(2)
cfi=(51)
cfn=(2192)
calls=19 0 
0 1969
0 57

fn=(2266)
0 24
cob=(2)
cfi=(51)
cfn=(2268)
calls=4 0 
0 1367

fn=(2354) std::ctype<char>::do_tolower(char) const
0 15

fn=(3518) std::__cxx11::basic_stringbuf<char, std::char_traits<char>, std::allocator<char> >::underflow()
0 19

fn=(3880) 0x000000000019f670
0 2

fn=(3904)
0 45
cob=(2)
cfi=(51)
cfn=(3906)
calls=3 0 
0 971
0 21
cfn=(3912)
calls=3 0 
0 1054
0 49
cob=(2)
cfi=(51)
cfn=(3924)
calls=1 0 
0 2514
0 7
cfn=(3912)
calls=1 0 
0 71
0 2

fn=(3905)
0 15
cob=(2)
cfi=(51)
cfn=(3907)
calls=1 0 
0 25
0 7
cfn=(3912)
calls=1 0 
0 71
0 16

fn=(3958) 0x00000000000b3a20
0 5

fn=(618) 0x00000000000cbe70
0 11
cob=(2)
cfi=(51)
cfn=(628)
calls=1 0 
0 77668
0 9
cob=(2)
cfi=(51)
cfn=(980)
calls=1 0 
0 793
0 280

fn=(726)
0 11
cob=(2)
cfi=(51)
cfn=(646)
calls=1 0 
0 19
0 138

fn=(1004)
0 182
cob=(2)
cfi=(51)
cfn=(612)
calls=13 0 
0 351
0 39
cob=(2)
cfi=(51)
cfn=(1006)
calls=13 0 
0 1018
0 26
cob=(2)
cfi=(51)
cfn=(1012)
calls=13 0 
0 870
0 91

fn=(1010)
0 340

fn=(1022)
0 72
cob=(2)
cfi=(51)
cfn=(686)
calls=9 0 
0 72
0 63
cob=(2)
cfi=(51)
cfn=(686)
calls=9 0 
0 72
0 63
cob=(2)
cfi=(51)
cfn=(686)
calls=9 0 
0 72
0 81

fn=(1034)
0 32
cob=(2)
cfi=(51)
cfn=(686)
calls=4 0 
0 32
0 28
cob=(2)
cfi=(51)
cfn=(686)
calls=4 0 
0 32
0 28
cob=(2)
cfi=(51)
cfn=(686)
calls=4 0 
0 32
0 36

fn=(1162) 0x00000000000b3670
0 5
cob=(2)
cfi=(51)
cfn=(1038)
calls=1 0 
0 77

fn=(2978)
0 8

fn=(3382)
0 18

fn=(3876) 0x000000000019f690
0 2

fn=(3896)
0 4

fn=(3952)
0 49
cob=(2)
cfi=(51)
cfn=(3943)
calls=1 0 
0 136
0 27

fn=(3953)
0 23

fn=(668)
0 5
cob=(2)
cfi=(51)
cfn=(670)
calls=1 0 
0 932
0 5

fn=(702)
0 414

fn=(830)
0 13
cob=(2)
cfi=(51)
cfn=(646)
calls=1 0 
0 19
0 2
cob=(2)
cfi=(51)
cfn=(634)
calls=1 0 
0 5
0 5

fn=(892)
0 13
cob=(2)
cfi=(51)
cfn=(646)
calls=1 0 
0 19
0 2
cob=(2)
cfi=(51)
cfn=(634)
calls=1 0 
0 5
0 5

fn=(934)
0 109

fn=(1166) 0x00000000000b36b0
0 7
cob=(2)
cfi=(51)
cfn=(1038)
calls=1 0 
0 77
0 5
cob=(2)
cfi=(51)
cfn=(1038)
calls=1 0 
0 77

fn=(1264) 0x00000000000b39c0
0 9
cob=(2)
cfi=(51)
cfn=(1038)
calls=1 0 
0 77
0 5
cob=(2)
cfi=(51)
cfn=(1038)
calls=1 0 
0 77
0 7
cob=(2)
cfi=(51)
cfn=(1038)
calls=1 0 
0 77

fn=(1342)
0 2235

fn=(1418)
0 4

fn=(1434)
0 28

fn=(1494)
0 12296
cob=(2)
cfi=(51)
cfn=(1098)
calls=1537 0 
0 75195
0 6148

fn=(1510)
0 3

fn=(1518)
0 3

fn=(1648)
0 1508
cob=(2)
cfi=(51)
cfn=(1596)
calls=754 0 
0 72646

fn=(1710)
0 26

fn=(1714)
0 7484
cob=(2)
cfi=(51)
cfn=(1596)
calls=2 0 
0 190
0 1494

fn=(1734)
0 720
cob=(2)
cfi=(51)
cfn=(1736)
calls=1 0 
0 873
0 12

fn=(1782)
0 30
cob=(2)
cfi=(51)
cfn=(1572)
calls=1 0 
0 554
0 13
cob=(2)
cfi=(51)
cfn=(1366)
calls=1 0 
0 14
0 23

fn=(1786)
0 8

fn=(2348)
0 2223

fn=(2526) std::ctype<char>::do_tolower(char*, char const*) const
0 9594

fn=(3512) std::basic_streambuf<char, std::char_traits<char> >::xsgetn(char*, long)
0 32494646
cob=(2)
cfi=(51)
cfn=(1366)
calls=2 0 
0 36
0 37
cfn=(3518)
calls=1 0 
0 19
0 4642095
cob=(2)
cfi=(51)
cfn=(1366)
calls=1547361 0 
0 27852498
0 12378888

fn=(3516)
0 4642092

fn=(3806)
0 20
cob=(2)
cfi=(51)
cfn=(1596)
calls=1 0 
0 65
0 5
cob=(2)
cfi=(51)
cfn=(1012)
calls=1 0 
0 10
0 11
cob=(2)
cfi=(51)
cfn=(1694)
calls=1 0 
0 57

fn=(3864) 0x00000000000b3a90
0 9
cob=(2)
cfi=(51)
cfn=(3870)
calls=1 0 
0 9408
0 1
cfn=(3958)
calls=1 0 
0 5
0 3

fn=(602) 0x00000000000b34e0
0 5
cob=(2)
cfi=(51)
cfn=(604)
calls=1 0 
0 89959
0 5
cob=(2)
cfi=(51)
cfn=(1038)
calls=1 0 
0 1037

fn=(616)
0 245
cfn=(618)
calls=35 0 
0 78761
0 350

fn=(632)
0 141
cob=(2)
cfi=(51)
cfn=(634)
calls=1 0 
0 865
0 7
cob=(2)
cfi=(51)
cfn=(640)
calls=1 0 
0 4981
0 4
cob=(2)
cfi=(51)
cfn=(680)
calls=1 0 
0 2222
0 4
cob=(2)
cfi=(51)
cfn=(692)
calls=1 0 
0 891
0 4
cob=(2)
cfi=(51)
cfn=(680)
calls=1 0 
0 398
0 24
cob=(2)
cfi=(51)
cfn=(698)
calls=1 0 
0 1556
0 4
cob=(2)
cfi=(51)
cfn=(680)
calls=1 0 
0 398
0 8
cob=(2)
cfi=(51)
cfn=(680)
calls=1 0 
0 398
0 8
cob=(2)
cfi=(51)
cfn=(680)
calls=1 0 
0 398
0 5
cob=(2)
cfi=(51)
cfn=(646)
calls=1 0 
0 19
0 5
cob=(2)
cfi=(51)
cfn=(680)
calls=1 0 
0 398
0 29
cob=(2)
cfi=(51)
cfn=(704)
calls=1 0 
0 1343
0 4
cob=(2)
cfi=(51)
cfn=(680)
calls=1 0 
0 398
0 29
cob=(2)
cfi=(51)
cfn=(710)
calls=1 0 
0 1343
0 4
cob=(2)
cfi=(51)
cfn=(680)
calls=1 0 
0 398
0 8
cob=(2)
cfi=(51)
cfn=(680)
calls=1 0 
0 398
0 8
cob=(2)
cfi=(51)
cfn=(680)
calls=1 0 
0 398
0 35
cob=(2)
cfi=(51)
cfn=(716)
calls=1 0 
0 2271
0 4
cob=(2)
cfi=(51)
cfn=(680)
calls=1 0 
0 398
0 8
cob=(2)
cfi=(51)
cfn=(680)
calls=1 0 
0 398
0 8
cob=(2)
cfi=(51)
cfn=(680)
calls=1 0 
0 398
0 4
cob=(2)
cfi=(51)
cfn=(728)
calls=1 0 
0 849
0 4
cob=(2)
cfi=(51)
cfn=(680)
calls=1 0 
0 398
0 4
cob=(2)
cfi=(51)
cfn=(734)
calls=1 0 
0 29030
0 4
cob=(2)
cfi=(51)
cfn=(680)
calls=1 0 
0 398
0 4
cob=(2)
cfi=(51)
cfn=(790)
calls=1 0 
0 891
0 4
cob=(2)
cfi=(51)
cfn=(680)
calls=1 0 
0 398
0 23
cob=(2)
cfi=(51)
cfn=(796)
calls=1 0 
0 1468
0 4
cob=(2)
cfi=(51)
cfn=(680)
calls=1 0 
0 398
0 8
cob=(2)
cfi=(51)
cfn=(680)
calls=1 0 
0 398
0 8
cob=(2)
cfi=(51)
cfn=(680)
calls=1 0 
0 398
0 5
cob=(2)
cfi=(51)
cfn=(646)
calls=1 0 
0 19
0 16
cob=(2)
cfi=(51)
cfn=(680)
calls=1 0 
0 398
0 27
cob=(2)
cfi=(51)
cfn=(802)
calls=1 0 
0 1355
0 4
cob=(2)
cfi=(51)
cfn=(680)
calls=1 0 
0 398
0 28
cob=(2)
cfi=(51)
cfn=(808)
calls=1 0 
0 1323
0 4
cob=(2)
cfi=(51)
cfn=(680)
calls=1 0 
0 398
0 8
cob=(2)
cfi=(51)
cfn=(680)
calls=1 0 
0 398
0 8
cob=(2)
cfi=(51)
cfn=(680)
calls=1 0 
0 398
0 35
cob=(2)
cfi=(51)
cfn=(814)
calls=1 0 
0 2301
0 4
cob=(2)
cfi=(51)
cfn=(680)
calls=1 0 
0 398
0 8
cob=(2)
cfi=(51)
cfn=(680)
calls=1 0 
0 398
0 8
cob=(2)
cfi=(51)
cfn=(680)
calls=1 0 
0 398
0 4
cob=(2)
cfi=(51)
cfn=(826)
calls=1 0 
0 849
0 4
cob=(2)
cfi=(51)
cfn=(680)
calls=1 0 
0 398
0 8
cob=(2)
cfi=(51)
cfn=(680)
calls=1 0 
0 398
0 8
cob=(2)
cfi=(51)
cfn=(680)
calls=1 0 
0 398
0 8
cob=(2)
cfi=(51)
cfn=(680)
calls=1 0 
0 398
0 8
cob=(2)
cfi=(51)
cfn=(680)
calls=1 0 
0 398
0 9
cfn=(832) 0x00000000000e6720
calls=1 0 
0 10271
0 3
cob=(2)
cfi=(51)
cfn=(686)
calls=1 0 
0 8
0 4
cob=(2)
cfi=(51)
cfn=(686)
calls=1 0 
0 8
0 4
cob=(2)
cfi=(51)
cfn=(686)
calls=1 0 
0 8
0 4
cob=(2)
cfi=(51)
cfn=(686)
calls=1 0 
0 8
0 5
cob=(2)
cfi=(51)
cfn=(686)
calls=1 0 
0 8
0 5
cob=(2)
cfi=(51)
cfn=(686)
calls=1 0 
0 8
0 4
cob=(2)
cfi=(51)
cfn=(686)
calls=1 0 
0 8
0 5
cob=(2)
cfi=(51)
cfn=(686)
calls=1 0 
0 8
0 13

fn=(650)
0 70
cob=(2)
cfi=(51)
cfn=(652)
calls=14 0 
0 3263
0 56

fn=(738)
0 13
cob=(2)
cfi=(51)
cfn=(646)
calls=1 0 
0 19
0 7
cob=(2)
cfi=(51)
cfn=(740)
calls=1 0 
0 28265

fn=(818)
0 15
cob=(2)
cfi=(51)
cfn=(634)
calls=1 0 
0 5
0 4
cob=(2)
cfi=(51)
cfn=(820)
calls=1 0 
0 1284
0 4

fn=(824)
0 10
cob=(2)
cfi=(51)
cfn=(646)
calls=1 0 
0 19
0 137

fn=(838)
0 414

fn=(958)
0 13
cob=(2)
cfi=(51)
cfn=(646)
calls=1 0 
0 19
0 2
cob=(2)
cfi=(51)
cfn=(634)
calls=1 0 
0 5
0 5

fn=(984)
0 3

fn=(998)
0 63
cob=(2)
cfi=(51)
cfn=(1000)
calls=9 0 
0 3027
0 27
cob=(2)
cfi=(51)
cfn=(1018)
calls=9 0 
0 1628
0 117

fn=(1134) 0x00000000000b33f0
0 78

fn=(1406)
0 11
cob=(2)
cfi=(51)
cfn=(988)
calls=1 0 
0 87
0 13
cob=(2)
cfi=(51)
cfn=(994)
calls=1 0 
0 169
0 8
cob=(2)
cfi=(51)
cfn=(1408)
calls=1 0 
0 1984
0 3
cob=(2)
cfi=(51)
cfn=(994)
calls=1 0 
0 169
0 6

fn=(1422)
0 7
cob=(2)
cfi=(51)
cfn=(1424)
calls=1 0 
0 6452
0 8
cob=(2)
cfi=(51)
cfn=(1496)
calls=1 0 
0 1060

fn=(1556) std::basic_streambuf<char, std::char_traits<char> >::xsputn(char const*, long)
0 4507
cob=(2)
cfi=(51)
cfn=(1366)
calls=13 0 
0 656
0 1864
cfn=(1558) std::__cxx11::basic_stringbuf<char, std::char_traits<char>, std::allocator<char> >::overflow(int)
calls=14 0 
0 1166934
0 840
cob=(2)
cfi=(51)
cfn=(1366)
calls=189 0 
0 150555
0 378

fn=(1588)
0 493

fn=(1692)
0 2
cob=(2)
cfi=(51)
cfn=(1650)
calls=1 0 
0 17

fn=(1728)
0 73
cob=(2)
cfi=(51)
cfn=(1740)
calls=3 0 
0 2404
0 6
cob=(2)
cfi=(51)
cfn=(1740)
calls=1 0 
0 4380
0 2
cob=(2)
cfi=(51)
cfn=(1730)
calls=1 0 
0 2459
0 5

fn=(1744)
0 76
cob=(2)
cfi=(51)
cfn=(1746)
calls=4 0 
0 859
0 168
cob=(2)
cfi=(51)
cfn=(1752)
calls=4 0 
0 936
0 52
cob=(2)
cfi=(51)
cfn=(1758)
calls=4 0 
0 3133
0 116

fn=(1838) std::ctype<char>::do_narrow(char, char) const
0 24

fn=(2272)
0 188

fn=(2486)
0 5930

fn=(2546)
0 5904
cfn=(2548)
calls=738 0 
0 324016
0 5166

fn=(2562)
0 5187
cob=(2)
cfi=(51)
cfn=(2564)
calls=741 0 
0 81355

fn=(3510)
0 24757824
cob=(2)
cfi=(51)
cfn=(1746)
calls=1547364 0 
0 46420920
0 13926276
cfn=(3512)
calls=1547364 0 
0 77368219
0 18568368

fn=(3872) 0x00000000001b9390
0 5

fn=(3886) 0x00000000000e4b50
0 2

fn=(3898) 0x00000000000b4d10
0 4
cob=(2)
cfi=(51)
cfn=(3892)
calls=1 0 
0 4

fn=(3910)
0 49
cob=(2)
cfi=(51)
cfn=(3901)
calls=1 0 
0 136
0 27

fn=(3911)
0 23

fn=(3954) __gnu_cxx::stdio_sync_filebuf<wchar_t, std::char_traits<wchar_t> >::sync()
0 15
cob=(2)
cfi=(51)
cfn=(3914)
calls=5 0 
0 340

fn=(708)
0 113

fn=(800)
0 350

fn=(832)
0 23
cob=(2)
cfi=(51)
cfn=(834)
calls=1 0 
0 1468
0 8
cob=(2)
cfi=(51)
cfn=(686)
calls=1 0 
0 17
0 7
cob=(2)
cfi=(51)
cfn=(646)
calls=1 0 
0 19
0 7
cob=(2)
cfi=(51)
cfn=(686)
calls=1 0 
0 17
0 12
cob=(2)
cfi=(51)
cfn=(852)
calls=1 0 
0 1263
0 7
cob=(2)
cfi=(51)
cfn=(686)
calls=1 0 
0 17
0 13
cob=(2)
cfi=(51)
cfn=(864)
calls=1 0 
0 1316
0 7
cob=(2)
cfi=(51)
cfn=(686)
calls=1 0 
0 17
0 12
cob=(2)
cfi=(51)
cfn=(686)
calls=1 0 
0 17
0 12
cob=(2)
cfi=(51)
cfn=(686)
calls=1 0 
0 17
0 12
cob=(2)
cfi=(51)
cfn=(686)
calls=1 0 
0 17
0 6
cob=(2)
cfi=(51)
cfn=(888)
calls=1 0 
0 801
0 7
cob=(2)
cfi=(51)
cfn=(686)
calls=1 0 
0 17
0 16
cob=(2)
cfi=(51)
cfn=(900)
calls=1 0 
0 1412
0 7
cob=(2)
cfi=(51)
cfn=(686)
calls=1 0 
0 17
0 7
cob=(2)
cfi=(51)
cfn=(646)
calls=1 0 
0 19
0 7
cob=(2)
cfi=(51)
cfn=(686)
calls=1 0 
0 17
0 13
cob=(2)
cfi=(51)
cfn=(918)
calls=1 0 
0 1291
0 7
cob=(2)
cfi=(51)
cfn=(686)
calls=1 0 
0 17
0 13
cob=(2)
cfi=(51)
cfn=(930)
calls=1 0 
0 1267
0 7
cob=(2)
cfi=(51)
cfn=(686)
calls=1 0 
0 17
0 12
cob=(2)
cfi=(51)
cfn=(686)
calls=1 0 
0 17
0 12
cob=(2)
cfi=(51)
cfn=(686)
calls=1 0 
0 17
0 12
cob=(2)
cfi=(51)
cfn=(686)
calls=1 0 
0 17
0 6
cob=(2)
cfi=(51)
cfn=(954)
calls=1 0 
0 801
0 6
cob=(2)
cfi=(51)
cfn=(686)
calls=1 0 
0 17
0 4
cob=(2)
cfi=(51)
cfn=(686)
calls=1 0 
0 8
0 4
cob=(2)
cfi=(51)
cfn=(686)
calls=1 0 
0 8
0 4
cob=(2)
cfi=(51)
cfn=(686)
calls=1 0 
0 8
0 5
cob=(2)
cfi=(51)
cfn=(686)
calls=1 0 
0 8
0 4
cob=(2)
cfi=(51)
cfn=(686)
calls=1 0 
0 8
0 5
cob=(2)
cfi=(51)
cfn=(686)
calls=1 0 
0 8
0 10

fn=(868)
0 113

fn=(904)
0 350

fn=(1400)
0 2959
cob=(2)
cfi=(51)
cfn=(1366)
calls=1 0 
0 15
0 2214

fn=(1442) 0x00000000000da810
0 9

fn=(1536)
0 2280
cob=(2)
cfi=(51)
cfn=(1538)
calls=190 0 
0 4280
0 760
cob=(2)
cfi=(51)
cfn=(1550)
calls=190 0 
0 2703
0 1900

fn=(1558)
0 616
cob=(2)
cfi=(51)
cfn=(1560)
calls=1 0 
0 1163
0 230
cob=(2)
cfi=(51)
cfn=(1566)
calls=13 0 
0 6701
0 130
cob=(2)
cfi=(51)
cfn=(1578)
calls=13 0 
0 1151157
0 195
cob=(2)
cfi=(51)
cfn=(1584)
calls=13 0 
0 1626
0 91
cob=(2)
cfi=(51)
cfn=(1590)
calls=13 0 
0 1802
0 51
cob=(2)
cfi=(51)
cfn=(1596)
calls=12 0 
0 3160
0 12

fn=(1594)
0 429
cob=(2)
cfi=(51)
cfn=(1560)
calls=13 0 
0 208

fn=(1750)
0 43326304

fn=(3376)
0 21
cob=(2)
cfi=(51)
cfn=(1366)
calls=3 0 
0 60

fn=(3734)
0 3

fn=(3738)
0 3

fn=(3882) 0x00000000000e5f60
0 2

fn=(3946)
0 45
cob=(2)
cfi=(51)
cfn=(3948)
calls=3 0 
0 1251
0 21
cfn=(3954)
calls=3 0 
0 213
0 49
cob=(2)
cfi=(51)
cfn=(3924)
calls=1 0 
0 33
0 7
cfn=(3954)
calls=1 0 
0 71
0 2

fn=(3947)
0 15
cob=(2)
cfi=(51)
cfn=(3949)
calls=1 0 
0 25
0 7
cfn=(3954)
calls=1 0 
0 71
0 16

fn=(610)
0 139
cob=(2)
cfi=(51)
cfn=(612)
calls=1 0 
0 79216
0 16
cob=(2)
cfi=(51)
cfn=(612)
calls=1 0 
0 27
0 14
cob=(2)
cfi=(51)
cfn=(612)
calls=1 0 
0 27
0 7
cob=(2)
cfi=(51)
cfn=(988)
calls=1 0 
0 848
0 11
cob=(2)
cfi=(51)
cfn=(994)
calls=1 0 
0 4691
0 4
cob=(2)
cfi=(51)
cfn=(988)
calls=1 0 
0 87
0 15
cob=(2)
cfi=(51)
cfn=(994)
calls=1 0 
0 169
0 5
cob=(2)
cfi=(51)
cfn=(988)
calls=1 0 
0 87
0 11
cob=(2)
cfi=(51)
cfn=(994)
calls=1 0 
0 169
0 4
cob=(2)
cfi=(51)
cfn=(988)
calls=1 0 
0 87
0 11
cob=(2)
cfi=(51)
cfn=(994)
calls=1 0 
0 169
0 23
cob=(2)
cfi=(51)
cfn=(612)
calls=1 0 
0 27
0 16
cob=(2)
cfi=(51)
cfn=(612)
calls=1 0 
0 27
0 14
cob=(2)
cfi=(51)
cfn=(612)
calls=1 0 
0 27
0 7
cob=(2)
cfi=(51)
cfn=(988)
calls=1 0 
0 87
0 11
cob=(2)
cfi=(51)
cfn=(1024)
calls=1 0 
0 2407
0 4
cob=(2)
cfi=(51)
cfn=(988)
calls=1 0 
0 87
0 15
cob=(2)
cfi=(51)
cfn=(1024)
calls=1 0 
0 169
0 5
cob=(2)
cfi=(51)
cfn=(988)
calls=1 0 
0 87
0 11
cob=(2)
cfi=(51)
cfn=(1024)
calls=1 0 
0 169
0 4
cob=(2)
cfi=(51)
cfn=(988)
calls=1 0 
0 87
0 11
cob=(2)
cfi=(51)
cfn=(1024)
calls=1 0 
0 169
0 15

fn=(744)
0 10
cob=(2)
cfi=(51)
cfn=(746)
calls=1 0 
0 863
0 770
cob=(2)
cfi=(51)
cfn=(752)
calls=128 0 
0 4583
0 260
cob=(2)
cfi=(51)
cfn=(758)
calls=1 0 
0 816
0 510
cob=(2)
cfi=(51)
cfn=(758)
calls=255 0 
0 13150
0 1086
cob=(2)
cfi=(51)
cfn=(770)
calls=8 0 
0 3490
0 72
cob=(2)
cfi=(51)
cfn=(770)
calls=4 0 
0 1736
0 23
cob=(2)
cfi=(51)
cfn=(746)
calls=1 0 
0 24
0 2

fn=(992)
0 580
cob=(2)
cfi=(51)
cfn=(612)
calls=10 0 
0 270

fn=(1016)
0 232

fn=(1078) 0x00000000000b31d0
0 22
cob=(2)
cfi=(51)
cfn=(1080)
calls=1 0 
0 1262
0 27
cob=(2)
cfi=(51)
cfn=(1098)
calls=1 0 
0 2671
0 8

fn=(1428)
0 12
cob=(2)
cfi=(51)
cfn=(1430)
calls=1 0 
0 850
0 7
cob=(2)
cfi=(51)
cfn=(1436)
calls=1 0 
0 2452
0 2
cob=(2)
cfi=(51)
cfn=(1430)
calls=1 0 
0 6
0 4
cob=(2)
cfi=(51)
cfn=(1480)
calls=1 0 
0 1979
0 23

fn=(1484)
0 9
cob=(2)
cfi=(51)
cfn=(1486)
calls=1 0 
0 817
0 4

fn=(1526)
0 772
cfn=(1556)
calls=189 0 
0 1325734
0 1323
cfn=(1528) std::basic_filebuf<char, std::char_traits<char> >::underflow()
calls=189 0 
0 23431
0 1330
cfn=(1528)
calls=1 0 
0 3391
0 5

fn=(1528)
0 6270
cfn=(1530) std::codecvt<char, char, __mbstate_t>::do_always_noconv() const
calls=190 0 
0 570
0 3230
cob=(2)
cfi=(51)
cfn=(1532)
calls=190 0 
0 13147
0 3605

fn=(1576)
0 180
cob=(2)
cfi=(51)
cfn=(1490)
calls=15 0 
0 4376

fn=(1582)
0 520
cob=(2)
cfi=(51)
cfn=(1366)
calls=13 0 
0 1149331
0 133

fn=(1686)
0 13
cob=(2)
cfi=(51)
cfn=(1628)
calls=1 0 
0 33
0 2
cob=(2)
cfi=(51)
cfn=(1688)
calls=1 0 
0 801
0 5
cob=(2)
cfi=(51)
cfn=(1012)
calls=1 0 
0 10
0 9
cob=(2)
cfi=(51)
cfn=(1694)
calls=1 0 
0 2605

fn=(1762)
0 14139
cob=(2)
cfi=(51)
cfn=(1366)
calls=3 0 
0 57
0 5223
cob=(2)
cfi=(51)
cfn=(1778)
calls=1 0 
0 1791
0 4430

fn=(1770)
0 44
cob=(2)
cfi=(51)
cfn=(1772)
calls=4 0 
0 887
0 36
cob=(2)
cfi=(51)
cfn=(1736)
calls=4 0 
0 57
0 60

fn=(2466)
0 2958

fn=(3878) 0x000000000019f680
0 2

fn=(3890) 0x00000000000b4cd0
0 4
cob=(2)
cfi=(51)
cfn=(3892)
calls=1 0 
0 798

fn=(644)
0 15
cob=(2)
cfi=(51)
cfn=(646)
calls=1 0 
0 4070
0 101

fn=(720)
0 15
cob=(2)
cfi=(51)
cfn=(634)
calls=1 0 
0 5
0 4
cob=(2)
cfi=(51)
cfn=(722)
calls=1 0 
0 1262
0 4

fn=(774)
0 88
cob=(2)
cfi=(51)
cfn=(776)
calls=1 0 
0 502
0 24
cob=(2)
cfi=(51)
cfn=(776)
calls=1 0 
0 392
0 3
cob=(2)
cfi=(51)
cfn=(776)
calls=1 0 
0 557
0 9
cob=(2)
cfi=(51)
cfn=(776)
calls=1 0 
0 202
0 3
cob=(2)
cfi=(51)
cfn=(776)
calls=1 0 
0 147
0 3
cob=(2)
cfi=(51)
cfn=(776)
calls=1 0 
0 966
0 3
cob=(2)
cfi=(51)
cfn=(776)
calls=1 0 
0 257
0 7
cob=(2)
cfi=(51)
cfn=(776)
calls=1 0 
0 337
0 3
cob=(2)
cfi=(51)
cfn=(776)
calls=1 0 
0 192
0 3
cob=(2)
cfi=(51)
cfn=(776)
calls=1 0 
0 612

fn=(794)
0 13
cob=(2)
cfi=(51)
cfn=(646)
calls=1 0 
0 19
0 5

fn=(856)
0 113

fn=(1028)
0 28
cob=(2)
cfi=(51)
cfn=(1000)
calls=4 0 
0 348
0 12
cob=(2)
cfi=(51)
cfn=(1030)
calls=4 0 
0 1343
0 52

fn=(1052) 0x00000000000b3110
0 9
cob=(2)
cfi=(51)
cfn=(1054)
calls=1 0 
0 816
0 7
cob=(2)
cfi=(51)
cfn=(1038)
calls=1 0 
0 77
0 3
cob=(2)
cfi=(51)
cfn=(1054)
calls=1 0 
0 7
0 9
cob=(2)
cfi=(51)
cfn=(1038)
calls=1 0 
0 77

fn=(1068) 0x00000000000b31b0
0 3
cob=(2)
cfi=(51)
cfn=(1070)
calls=1 0 
0 769
0 4

fn=(1074)
0 3

fn=(1206) 0x00000000000b37f0
0 50

fn=(1258) 0x00000000000b3970
0 7
cob=(2)
cfi=(51)
cfn=(1038)
calls=1 0 
0 77
0 4
cob=(2)
cfi=(51)
cfn=(1038)
calls=1 0 
0 77
0 5
cob=(2)
cfi=(51)
cfn=(1038)
calls=1 0 
0 77

fn=(1360)
0 2238

fn=(1488)
0 1508
cob=(2)
cfi=(51)
cfn=(1490)
calls=754 0 
0 47011

fn=(1530)
0 570

fn=(1600)
0 3074
cob=(2)
cfi=(51)
cfn=(1602)
calls=1537 0 
0 142296

fn=(1626)
0 5
cob=(2)
cfi=(51)
cfn=(1628)
calls=1 0 
0 5606
0 4

fn=(1698)
0 16
cob=(2)
cfi=(51)
cfn=(1700)
calls=2 0 
0 974
0 4
cob=(2)
cfi=(51)
cfn=(1706)
calls=2 0 
0 906
0 14
cob=(2)
cfi=(51)
cfn=(1012)
calls=2 0 
0 20

fn=(1816)
0 56

fn=(1830)
0 92

fn=(2196)
0 808

fn=(2344)
0 18

fn=(2542)
0 4428

fn=(2550)
0 22878

fn=(2982)
0 6

fn=(3812) std::ios_base::Init::~Init()
0 52
cob=(2)
cfi=(51)
cfn=(3900)
calls=1 0 
0 2443
0 2
cob=(2)
cfi=(51)
cfn=(3900)
calls=1 0 
0 2874
0 2
cob=(2)
cfi=(51)
cfn=(3900)
calls=1 0 
0 136
0 2
cob=(2)
cfi=(51)
cfn=(3942)
calls=1 0 
0 2146
0 2
cob=(2)
cfi=(51)
cfn=(3942)
calls=1 0 
0 393
0 2
cob=(2)
cfi=(51)
cfn=(3942)
calls=1 0 
0 136
0 2

fn=(806)
0 109

fn=(812)
0 109

fn=(1046) 0x00000000000b3ad0
0 12

fn=(1066) 0x00000000000b31a0
0 3

fn=(1188) 0x00000000000b3770
0 34

fn=(1232) 0x00000000000b38b0
0 50

fn=(1328)
0 19
cob=(2)
cfi=(51)
cfn=(988)
calls=1 0 
0 87
0 13
cob=(2)
cfi=(51)
cfn=(994)
calls=1 0 
0 169
0 7
cob=(2)
cfi=(51)
cfn=(994)
calls=1 0 
0 169
0 13
cob=(2)
cfi=(51)
cfn=(612)
calls=1 0 
0 27
0 11
cob=(2)
cfi=(51)
cfn=(994)
calls=1 0 
0 169
0 6

fn=(1382)
0 8
cob=(2)
cfi=(51)
cfn=(1384)
calls=1 0 
0 1570

fn=(1440)
0 7
cfn=(1442)
calls=1 0 
0 9
0 6
cob=(2)
cfi=(51)
cfn=(1430)
calls=1 0 
0 6

ob=(5)
fl=(163)
fn=(560)
0 5

fn=(552)
0 12

fn=(3844)
0 11
cob=(2)
cfi=(51)
cfn=(3850)
calls=1 0 
0 141
0 10
cfn=(3856) 0x0000000000001070
calls=1 0 
0 5
0 5

fn=(3856)
0 5

ob=(7)
fl=(170)
fn=(1440)
0 5
cob=(2)
cfi=(51)
cfn=(1448)
calls=1 0 
0 1436
0 9

fn=(1632)
0 24
cob=(2)
cfi=(51)
cfn=(1430)
calls=2 0 
0 12
0 7
cob=(2)
cfi=(51)
cfn=(1634)
calls=1 0 
0 1122
0 5
cob=(2)
cfi=(51)
cfn=(1640)
calls=1 0 
0 1327
0 15
cob=(2)
cfi=(51)
cfn=(1650)
calls=1 0 
0 2088
0 24

fn=(1704)
0 22

fn=(1718)
0 4

fn=(1790)
0 24

fn=(2358)
0 87

fn=(2532)
0 3690
cob=(2)
cfi=(51)
cfn=(686)
calls=738 0 
0 5904
0 5904

fn=(3888) 0x00000000000e3680
0 2

fn=(3934)
0 8
cob=(2)
cfi=(51)
cfn=(3936)
calls=2 0 
0 979
0 6

ob=(1)
fl=(41) ./elf/./elf/dl-hwcaps_split.c
fn=(122) _dl_hwcaps_split
25 4
+1 3
+21 1
-20 1
+20 3

fn=(120) _dl_hwcaps_contains
66 6
+1 12
+1 6
+9 6

fn=(116) _dl_hwcaps_split_masked
51 55
-25 42
+4 24
+4 48
+1 12
-1 24
+2 24
+5 27
cfi=(42) ./string/../sysdeps/x86_64/multiarch/../strchr.S
cfn=(118) index
calls=9 -18 
* 216
+1 18
+3 6
+11 12
+1 12
+1 6
-1 6
+1 6
-2 6
+1 6
+1 3
-1 3
+1 27
cfn=(120)
calls=6 +8 
* 30
* 12
-3 5
+7 44
-19 6
cfi=(22) ./string/../sysdeps/x86_64/multiarch/strlen-vec.S
cfn=(60) strlen
calls=3 -2 
* 51
* 3

fl=(79) ./elf/./elf/dl-lookup.c
fn=(280) _dl_lookup_symbol_x
840 23230
+10 2323
-10 4646
+10 2323
-10 2323
+10 2323
204 2323
840 2323
204 11615
581 9292
-1 4646
+2 2323
-1 2323
+1 6969
-1 6969
+1 96592
-1 96592
+1 289776
-1 289776
+2 2323
846 2323
-4 2323
+1 2323
+7 2323
-8 2323
+1 2323
+7 9235
+3 2323
+2 4646
-2 2323
+6 4646
-7 13938
+7 80
+1 32522
cfn=(282) do_lookup_x
calls=2323 363 
* 853423
* 6969
+28 2323
-23 2323
+23 2323
-23 4646
+24 13826
+7 2307
-7 2307
+40 9228
+79 4614
-65 6921
+3 6921
-62 2323
+69 20907
-86 96
+18 48
+59 2

fn=(284) check_match
70 2320
+3 2320
-3 27840
+3 9264
+13 2312
-13 2312
+13 2312
-13 2312
+13 6936
+3 5520
cfi=(32) ./string/../sysdeps/x86_64/strcmp.S
cfn=(90) strcmp
calls=224 +19 
* 17292
* 448
+4 2312
+1 4624
+2 4618
+19 4618
+1 18472
+2 12
+1 2
-41 2306
+84 13836
-18 6
+2 6
+1 3
-1 6
+1 9
-1 6
+4 2
+1 7
+2 3
+2 1
+7 6
-7 5
+7 78
-45 6909
cfi=(32)
cfn=(90)
calls=2303 -9 
* 62921
* 4606
-44 32
+82 16

fn=(282)
363 18584
+1 2323
-1 11615
+48 2323
-30 4646
-11 2323
+41 2323
-30 6969
+30 2323
fi=(80) ./elf/../sysdeps/generic/dl-protected.h
44 6969
fe=(79)
381 2323
fi=(80)
44 9292
fe=(79)
395 22266
+4 7422
+4 7422
-3 7422
+3 29688
+1 22266
+3 7422
+1 14844
+7 7422
-3 14844
-2 7422
+5 29688
+3 51954
570 15369
374 14860
+3 14860
+4 14914
+4 14844
+4 14844
+88 4614
fi=(4) ./elf/../sysdeps/generic/ldsodefs.h
137 4614
+1 6921
fe=(79)
528 4614
fi=(80)
29 4614
fe=(79)
535 12072
+16 4370
+1 2185
+1 4614
422 10156
-1 5078
+2 5078
+2 29892
+13 11325
-10 30405
+3 2320
-1 4640
+1 2320
-1 2320
+2 4640
-1 27840
cfn=(284)
calls=2320 70 
* 206610
+4 6960
+3 28
573 16
+1 18584
-35 4605
222 366
+2 610
-2 122
+2 366
+2 122
-2 366
cfi=(24) ./elf/../sysdeps/nptl/dl-tls_init_tp.c
cfn=(84) rtld_mutex_dummy
calls=122 42 
* 366
+2 122
+1 122
+1 244
-2 122
+2 122
+2 242
+1 121
-1 605
+1 121
-1 121
+1 242
-1 605
+1 242
-1 1111
+24 426
+3 132
+1 396
-24 253
+1 253
-1 506
+1 80
cfi=(32)
cfn=(90)
calls=40 108 
* 2794
* 80
+2 200
+10 40
+1 80
+2 160
cfi=(24)
cfn=(84)
calls=40 42 
* 120
+1 40
469 371
+2 2
262 1134
+62 492
-1 574
+19 410
+5 164
cfi=(24)
cfn=(84)
calls=82 42 
* 246
+2 328
176 518
-2 84
+1 252
-3 332
+7 82
+3 82
-2 82
331 328
-72 132
+46 3
fi=(28) ./elf/../include/rtld-malloc.h
44 3
cfi=(27) ./elf/./elf/dl-minimal-malloc.c
cfn=(72) __minimal_calloc
calls=1 +34 
* 36
* 1
fe=(79)
315 2
+3 1
-5 1
170 1
313 1
+7 1
-1 1
+1 1
170 6
+1 1
-1 6
+1 1309
+98 6
cfi=(54) ./elf/./elf/dl-misc.c
cfn=(482) _dl_higher_prime_number
calls=2 87 
* 159
fi=(28)
44 2
fe=(79)
269 2
fi=(28)
44 4
cfi=(27)
cfn=(72)
calls=2 +34 
* 72
* 2
fe=(79)
272 4
171 4
279 2
171 8
279 284
+1 276
+1 140
170 70
281 140
170 70
281 70
170 70
+1 70
-1 70
+1 210
+1 440
+2 14
+1 42
-3 168
+7 70
+3 70
-2 70
+3 70
-7 10
285 6
-16 2
+16 10
cfi=(27)
cfn=(144) __minimal_free
calls=2 95 
* 10
+4 2
170 2
286 2
+2 2
+1 4
170 4
+1 4
-1 2
+1 8
452 18448

fl=(162) ./elf/./elf/dl-init.c
fn=(544) _dl_init
77 12
+1 1
+1 1
+3 3
+8 2
+25 1
+1 5
+1 2
-86 4
+86 12
-86 24
+2 38
cfn=(546) call_init.part.0
calls=6 -7 
* 98826
+83 21
+7 8
-92 4
+2 6
cfn=(546)
calls=1 -7 
* 61
+52 2

fn=(546)
26 56
+13 7
-13 7
+16 7
-3 14
+3 14
+5 12
+8 18
+1 24
cob=(2)
cfi=(51)
cfn=(598)
calls=1 -56 
* 7
cob=(2)
cfi=(51)
cfn=(588)
calls=1 -56 
* 7
cob=(2)
cfi=(51)
cfn=(576)
calls=1 -56 
* 7
cob=(2)
cfi=(51)
cfn=(548)
calls=1 -56 
* 26
+3 6
+1 12
+6 8
+2 8
-2 4
+3 42
+1 72
cob=(7)
cfi=(170)
cfn=(1264)
calls=1 -70 
* 252
cob=(7)
cfi=(170)
cfn=(1258)
calls=1 -70 
* 247
cob=(7)
cfi=(170)
cfn=(1232)
calls=1 -70 
* 50
cob=(7)
cfi=(170)
cfn=(1206)
calls=1 -70 
* 50
cob=(7)
cfi=(170)
cfn=(1188)
calls=1 -70 
* 34
cob=(7)
cfi=(170)
cfn=(1170)
calls=1 -70 
* 34
cob=(7)
cfi=(170)
cfn=(1166)
calls=1 -70 
* 166
cob=(7)
cfi=(170)
cfn=(1164)
calls=1 -70 
* 82
cob=(7)
cfi=(170)
cfn=(1162)
calls=1 -70 
* 82
cob=(7)
cfi=(170)
cfn=(1160)
calls=1 -70 
* 44
cob=(7)
cfi=(170)
cfn=(1134)
calls=1 -70 
* 78
cob=(7)
cfi=(170)
cfn=(1078)
calls=1 -70 
* 3990
cob=(7)
cfi=(170)
cfn=(1068)
calls=1 -70 
* 776
cob=(7)
cfi=(170)
cfn=(1066)
calls=1 -70 
* 3
cob=(7)
cfi=(170)
cfn=(1052)
calls=1 -70 
* 1005
cob=(7)
cfi=(170)
cfn=(1046)
calls=1 -70 
* 12
cob=(6) /usr/lib/x86_64-linux-gnu/libgcc_s.so.1
cfi=(168) ???
cfn=(582) 0x00000000000047c0
calls=1 -70 
* 12
cob=(3)
cfi=(167) ./libio/./libio/vtables.c
cfn=(574) check_stdfiles_vtables
calls=1 +13 
* 12
* 16
cob=(7)
cfi=(170)
cfn=(602)
calls=1 -70 
* 91006
cob=(4)
cfi=(169)
cfn=(592)
calls=1 -70 
* 12
cob=(6)
cfi=(168)
cfn=(580) __cpu_indicator_init
calls=1 -70 
* 382
cob=(3)
cfi=(164) ./csu/./csu/init-first.c
cfn=(566) _init_first
calls=1 -24 
* 74
-1 66
+3 42
-29 2

fl=(55) ./io/../sysdeps/unix/sysv/linux/open64_nocancel.c
fn=(178) __open_nocancel
28 19
+3 19
-3 57
+3 114
+8 133
+2 6
-2 39
+2 13

fl=(29) ./string/../sysdeps/x86_64/multiarch/memmove-vec-unaligned-erms.S
fn=(128) mempcpy
199 77
+1 77
+1 77
+1 77
+17 77
+1 77
+2 25
+1 25
+1 25
+2 22
+1 22
+1 22
+2 22
360 52
+1 52
+2 28
+4 28
+1 23
+1 23
+1 2
+1 2
+1 2
+1 2
+2 2
+2 23
+6 5
+1 5
+1 5
+1 5
+1 5
+29 24
+1 24
+1 24
+1 24
+1 24
+7 3
+1 3
+1 3
+1 3
+1 3
+1 3
+1 3
+11 3
+1 3
+2 3
+1 3
+1 3

fn=(80) memcpy
212 39
+1 39
+6 39
+1 39
+2 28
+1 28
+1 28
+2 13
+1 13
+1 13
+2 13
360 11
+1 11
+2 2
+4 2
+1 2
+1 2
+1 2
+1 2
+4 2
+2 2
+39 9
+1 9
+1 9
+1 9
+1 9
+7 14
+1 14
+1 14
+1 14
+1 14
+1 14
+1 14
+11 15
+1 15
+2 14
+1 14
+1 14
+20 1
+1 1
+4 1
+2 1
+16 1
+3 1
+2 1
+2 1
+4 1
+1 1
+9 1
+1 1
+2 1
+2 1
+1 1
+1 1
+3 1
+2 1
+2 1
+2 1
+6 1
+1 1
+1 1
+1 1
+1 1
+1 1
+1 1
+1 1
+1 1
+1 1
+1 1
+1 1
-11 2
+1 2
+1 2
+1 2
+1 2
+1 2
+1 2
+1 2
+1 2
+1 2
+1 2
+1 2
+2 1
+1 1
+1 1
+1 1
+2 1
+4 1

fl=(16) ./elf/../sysdeps/x86/cpu-features.c
fn=(40) update_active.constprop.0
43 7
+45 1
-41 1
+28 1
-18 1
+31 1
+4 1
-36 1
-1 1
+37 1
-26 1
-11 1
+1 1
+36 2
+1 1
-17 1
-21 1
+25 1
-4 1
-11 1
+28 1
-1 1
-36 1
+18 1
+19 1
-13 1
-4 1
-11 1
+19 1
+11 1
-3 1
-12 1
+14 1
-29 1
+18 1
+9 1
-18 1
+13 1
-13 1
-9 1
+29 2
+3 1
-14 1
-9 1
+9 1
+4 1
+10 1
-17 1
+7 1
+5 1
+5 1
+1 1
-1 1
+1 2
+2 2
+1 4
+3 1
+1 1
-1 1
+1 1
-1 1
+1 1
-1 1
+1 1
+4 2
+4 2
+2 4
+83 3
+12 2
+1 1
+3 3
+4 1
-4 1
+4 1
+67 3
+4 3
fi=(18) ./elf/../sysdeps/x86/get-isa-level.h
31 1
-3 1
+3 1
-1 2
fe=(16)
296 1
+1 8
-75 3
+1 2
+3 1
-1 1
+9 1
-5 1
+2 1
-2 1
+5 1
fi=(18)
32 3
+4 3
fe=(16)
+83 2
+2 1
+3 2
+10 1
+10 1
-10 1
+10 1
-10 1
+6 1
+4 1
-4 1
-6 1
+6 1
+2 1
-2 1
+2 3
+7 4
fi=(18)
39 3
+1 4
+5 1
-7 1
+7 3
+2 1
+1 2
+1 3
+2 4
+1 2
+1 2
+6 1
-4 1
+4 1
-3 2
fe=(16)
+75 1
-5 2
+4 1

fn=(34) init_cpu_features.constprop.0
399 1
+16 1
-16 6
+3 1
+1 1
+1 1
+11 2
+3 6
593 1
+94 5
+1 1
+3 2
+1 1
+6 1
+3 1
fi=(19) ./elf/../sysdeps/x86/dl-cacheinfo.h
+5 1
+2 1
fe=(16)
-9 1
fi=(19)
+23 2
840 1
+46 1
-46 17
+45 2
+25 2
+21 2
-21 2
+13 3
+8 1
-8 1
+8 1
cfi=(10)
cfn=(24)
calls=1 405 
* 21
* 1
+2 2
+3 4
cfi=(10)
cfn=(24)
calls=1 405 
* 21
* 1
+2 1
+3 2
-3 2
+3 1
-3 1
+3 1
cfi=(10)
cfn=(24)
calls=1 405 
* 21
* 1
+1 5
+16 2
-12 5
cfi=(10)
cfn=(24)
calls=1 405 
* 21
* 1
+1 3
+23 1
-17 5
+3 3
-3 1
cfi=(10)
cfn=(24)
calls=1 405 
* 21
+3 3
-3 2
+3 9
cfi=(10)
cfn=(54) __GI___tunable_set_val
calls=1 157 
* 58
+1 9
cfi=(10)
cfn=(54)
calls=1 157 
* 58
+1 10
cfi=(10)
cfn=(54)
calls=1 157 
* 58
+3 8
cfi=(10)
cfn=(54)
calls=1 157 
* 58
+2 8
cfi=(10)
cfn=(54)
calls=1 157 
* 58
+4 1
fe=(16)
706 1
fi=(19)
967 2
fe=(16)
706 2
fi=(19)
967 4
fe=(16)
706 1
cfi=(10)
cfn=(24)
calls=1 405 
* 19
+4 3
+14 1
-1 2
+1 3
+47 1
-1 1
+1 1
+46 4
cfi=(10)
cfn=(24)
calls=1 405 
* 19
+2 4
cfi=(10)
cfn=(24)
calls=1 405 
* 19
fi=(21) ./elf/../sysdeps/unix/sysv/linux/x86/cpu-features.c
27 6
fe=(16)
829 2
+45 8
fi=(19)
+19 11
fe=(16)
775 3
+27 2
-10 2
+1 2
+2 3
+1 2
+2 3
+1 2
fi=(19)
-75 3
cfn=(46) handle_intel.constprop.0
calls=1 255 
* 437
+1 1
-1 2
+1 1
cfn=(46)
calls=1 255 
* 478
+1 1
-1 1
+1 1
cfn=(46)
calls=1 255 
* 503
+3 1
-3 2
+3 1
cfn=(46)
calls=1 255 
* 459
+2 1
-2 1
+2 1
cfn=(46)
calls=1 255 
* 451
+3 1
-2 1
-1 1
+3 1
cfn=(46)
calls=1 255 
* 428
+2 1
-2 1
+2 1
cfn=(46)
calls=1 255 
* 429
+3 1
-2 1
-1 1
+3 1
cfn=(46)
calls=1 255 
* 469
+2 1
-2 1
+2 1
cfn=(46)
calls=1 255 
* 470
+3 1
-3 1
+3 1
cfn=(46)
calls=1 255 
* 494
+2 1
-2 1
+2 1
cfn=(46)
calls=1 255 
* 495
+2 1
-2 1
+2 1
cfn=(46)
calls=1 255 
* 790
+2 3
-2 1
+2 1
cfn=(52) get_common_cache_info.constprop.0
calls=1 481 
* 215
863 15
fe=(16)
424 6
cfn=(36) get_common_indices.constprop.0
calls=1 -99 
* 71
303 3
+1 2
+1 6
+5 2
+1 6
+5 2
+1 6
429 1
cfn=(40)
calls=1 43 
* 194
+2 1
+2 1
+83 1
-85 2
564 2
+7 2
+2 1
+4 2
+6 2
422 2
-3 1
+14 3
+1 4
+69 1
+10 11
+42 1
+1 1
434 11
+55 3

fn=(36)
325 1
+4 4
+3 3
+5 2
-5 1
+5 1
-5 1
+4 1
+1 1
+1 4
+1 4
+1 3
+1 2
+7 2
+2 5
+5 1
-5 1
+5 1
-5 1
+5 1
-5 2
+5 1
+7 1
-7 4
+7 1
+1 3
+6 1
-6 4
+6 1
fi=(17) ./elf/../sysdeps/unix/sysv/linux/x86/dl-minsigstacksize.h
24 2
+3 2
+1 2
+37 3
+7 1
+2 1
fe=(16)
384 2

fl=(327)
fn=(3940)
29 2
+1 2
+1 2
+2 2
+1 2
+1 2
+3 2
+1 2
+4 2
+1 2
+1 2
+1 2

fl=(14) ./elf/../sysdeps/unix/sysv/linux/brk.c
fn=(28) brk
35 1
+1 3
+1 2
+6 1
+1 1

fl=(49)
fn=(1312)
117 1
+1 4

fn=(154) _dl_audit_activity_map
28 6
+2 1
-1 1
+1 2
+6 6

fn=(536) _dl_audit_activity_nsid
40 6
+4 3
-4 3
+4 3
-4 3
+4 3
-4 6
+4 3
+1 3
+1 12
+4 18

fn=(206) _dl_audit_objopen
76 5
+1 20

fn=(3840) _dl_audit_objclose
96 7
+1 28

fl=(43) ./string/../sysdeps/x86_64/memcmp.S
fn=(124) bcmp
22 1
+5 1
+1 1
+1 1
+1 1
+1 1
+1 1
+1 1
+1 1
+3 1
+1 1
+1 1
+1 1
+1 1
+1 1
+1 1
+1 1
+1 1
+2 1
+1 1
+17 1
+1 1
+17 1
+1 1
+1 1
+1 1
+1 1
+4 1
+47 1
+1 1
+1 1
+1 1
+1 1
+1 1
+1 1
+1 1
+1 1
+1 1
+1 1
+1 1
+1 1

fl=(53) ./setjmp/../sysdeps/x86_64/setjmp.S
fn=(168) __sigsetjmp
30 13
+2 13
+9 13
+1 26
+1 13
+4 13
+1 13
+1 13
+1 13
+1 13
+2 26
+2 13
+1 13
+1 13
+2 26
+2 13
+8 13
+3 13
+1 13
+7 13
+1 13

fl=(1) ???
fn=(0) 0x0000000000020290
0 2
cfi=(2) ./elf/./elf/rtld.c
cfn=(2) _dl_start
calls=1 527 
0 2293932
0 14
cfi=(162)
cfn=(544)
calls=1 77 
0 99033
0 3
cob=(8)
cfi=(194) ???
cfn=(1272) (below main)
calls=1 0 
0 499558037

fl=(38) ./elf/./elf/dl-hwcaps.c
fn=(108) _dl_important_hwcaps
175 5
+1 1
-1 6
+1 1
-1 1
+1 1
-1 1
+1 1
-1 1
+1 2
cfi=(10)
cfn=(24)
calls=1 405 
* 21
* 1
+2 2
+1 3
+26 2
-26 1
+25 1
cfi=(39) ./elf/../sysdeps/x86_64/dl-hwcaps-subdirs.c
cfn=(110) _dl_hwcaps_subdirs_active
calls=1 29 
* 47
fi=(40) ./elf/./dl-hwcaps.h
54 1
fe=(38)
205 1
-1 1
fi=(40)
56 1
+32 1
+1 1
+1 1
fe=(38)
-35 2
cfi=(41)
cfn=(116)
calls=1 -4 
* 13
* 2
fi=(40)
-1 1
+2 2
-2 1
+34 2
+1 2
+1 1
fe=(38)
-32 2
-1 2
+1 2
+1 2
-1 2
-3 4
cfi=(41)
cfn=(116)
calls=2 -4 
* 114
* 2
cfi=(41)
cfn=(116)
calls=1 -4 
* 122
* 6
+48 5
fi=(28)
-47 1
cfi=(27)
cfn=(76) __minimal_malloc
calls=1 -21 
* 25
fe=(38)
+47 1
+2 2
+3 2
fi=(40)
-52 1
fe=(38)
+55 1
-3 1
fi=(40)
-54 2
+3 1
fe=(38)
+58 2
cfi=(41)
cfn=(122)
calls=1 -90 
* 12
* 2
fi=(40)
-61 1
+2 2
-2 1
+34 2
+1 2
+1 1
fe=(38)
+40 4
+1 2
-1 6
+2 2
+1 2
-2 6
-3 4
cfi=(41)
cfn=(116)
calls=2 -77 
* 114
* 2
cfi=(41)
cfn=(116)
calls=1 -77 
* 122
* 6
+8 2
+9 1
-15 1
+15 2
-15 1
+15 8
+9 2
+4 7
cfi=(43)
cfn=(124)
calls=1 22 
* 41
+1 2
+1 1
+4 1
+1 2
+1 1
-20 2
+19 1
+1 1
-20 2
-1 4
+70 1
+1 1
+4 1
-5 2
+1 4
+4 2
-4 1
+4 4
+1 1
-1 1
+1 2
+1 2
-2 5
+1 1
-1 1
+1 2
+1 2
-2 5
+5 1
+3 2
-3 2
+3 15
+7 1
-7 2
+2 3
+1 4
+2 1
fi=(329) ./elf/../sysdeps/x86/dl-hwcap.h
57 1
fe=(38)
233 2
fi=(329)
57 1
fe=(38)
233 2
fi=(329)
57 1
fe=(38)
233 1
+1 1
cfi=(22)
cfn=(60)
calls=1 41 
* 17
+1 1
+1 1
-6 1
+4 1
+1 1
-5 1
+5 1
+1 1
-1 2
-5 4
+10 3
-2 3
+2 1
+1 1
+1 1
-1 1
+4 4
+1 1
-1 1
+4 2
+4 1
-1 1
+1 4
-1 2
+4 3
+1 3
+19 10
+6 2
fi=(28)
56 1
cfi=(27)
cfn=(76)
calls=1 -21 
* 25
* 1
fe=(38)
283 2
+8 1
fi=(40)
54 1
+2 1
+34 1
-2 2
fe=(38)
-5 1
291 1
fi=(40)
54 1
+35 1
fe=(38)
291 1
fi=(40)
90 1
fe=(38)
-10 2
cfi=(41)
cfn=(116)
calls=1 -29 
* 13
* 2
fi=(40)
-26 2
+2 1
fe=(38)
+27 1
fi=(40)
-29 1
+34 2
+1 2
+1 1
fe=(38)
-8 2
+1 4
+7 2
-7 10
cfi=(29)
cfn=(128)
calls=2 199 
* 26
+4 2
+2 2
+2 2
-2 4
-9 4
cfi=(41)
cfn=(116)
calls=2 -29 
* 114
* 2
cfi=(41)
cfn=(116)
calls=1 -29 
* 122
* 6
304 1
+2 1
-2 1
-48 2
+72 1
-72 1
376 2
+13 2
-58 1
+45 1
+13 1
-58 1
-75 1
+82 1
+10 2
-92 1
+88 1
+4 3
-4 1
+3 7
-3 2
-3 1
+3 1
cfi=(29)
cfn=(128)
calls=1 199 
* 18
* 2
-3 1
+3 1
cfi=(29)
cfn=(128)
calls=1 199 
* 18
* 2
+3 2
-3 4
+3 5
+1 12
+1 2
-2 1
+2 1
cfi=(29)
cfn=(128)
calls=1 199 
* 15
* 2
-2 2
+5 8
cfi=(29)
cfn=(128)
calls=2 199 
* 30
* 4
+2 5
+5 6
+1 1
-1 3
+1 7
-1 25
+5 11
+4 1
-1 1
+1 2
-4 12
+4 2
-1 2
+1 13
-1 9
+1 18
+1 24
-1 12
-1 12
+2 24
-1 24
-1 24
+4 9
+3 1
+2 2
-1 1
-1 1
+2 1
-2 1
+2 2
-1 1
+1 2
+2 6
+1 2
+3 2
-6 2
+6 3
+7 8
+1 1
-1 2
+3 2
-3 3
+1 3
-1 6
+3 6
+3 4
-80 2
+86 9
-20 1
+1 2
-6 3
259 2
+1 2
+1 4
-1 3
+12 4
-44 2
+34 4
-2 3

fl=(148) ./elf/./dl-find_object.h
fn=(490) _dl_find_object_from_map
95 16
+1 16
+1 8
+6 40
+1 232
+1 160
+2 24
+5 8

fl=(147) ./elf/./elf/dl-find_object.c
fn=(486) _dl_find_object_init
561 4
+3 1
+2 2
+7 2
+6 1
cfn=(488) _dlfo_process_initial
calls=1 474 
* 290
+1 1
-1 1
+1 1
fi=(28)
56 1
cfi=(27)
cfn=(76)
calls=1 -21 
* 25
fe=(147)
580 1
fi=(28)
56 1
fe=(147)
582 2
+3 2
+5 1
+1 1
cfn=(488)
calls=1 474 
* 750
+3 3
+10 4
-8 2
cfn=(492) _dlfo_sort_mappings
calls=1 -60 
* 576
+3 6
+2 1

fn=(492)
536 1
+1 2
+3 4
+4 1
+1 1
-1 1
+1 2
-1 8
+1 8
-1 8
+1 34
+1 235
-1 135
+8 27
+1 18
-1 9
-13 18
+14 27
+1 18
-15 18
+17 1

fn=(488)
474 2
+3 2
-3 2
+1 2
+3 4
+26 14
+1 6
+1 14
-1 28
+3 52
+3 48
-7 10
+25 2
+2 8
-18 36
+3 12
-1 12
cfi=(148)
cfn=(490)
calls=6 95 
* 368
+2 24
-36 6
cfi=(148)
cfn=(490)
calls=2 95 
* 136
+5 2
-1 2
+1 6
+1 82
+1 52
+2 24
+3 8
+2 4
-2 8
+2 4
-2 12
+2 32
+4 16

fl=(73) ./malloc/./malloc/scratch_buffer_set_array_size.c
fn=(240) __libc_scratch_buffer_set_array_size
30 50
+4 5
+1 10
+11 5
-1 10
+18 20

fl=(12) ./elf/./elf/dl-sort-maps.c
fn=(246) _dl_sort_maps
290 20
+8 2
-8 2
+8 4
+4 16
-79 4
-37 2
+37 2
-36 8
+1 2
-1 2
+1 2
-1 4
+1 12
-1 12
+1 12
-1 24
+36 30
+8 6
-3 2
+2 2
+1 2
-8 2
+5 2
+3 8
+2 36
+2 14
-90 70
cfn=(248) dfs_traversal.part.0
calls=14 -5 
* 599
+93 28
+18 4
+13 2
+33 2
-26 8
cfi=(29)
cfn=(80)
calls=2 -64 
* 38
* 2

fn=(22) _dl_sort_maps_init
281 2
+1 4
cfi=(10)
cfn=(24)
calls=1 405 
* 20
+2 3
-1 1
+2 2

fn=(248)
140 112
+10 14
-2 14
+2 28
+2 44
+3 66
-3 132
+9 28
+15 42
+1 14
+1 84
-17 21

fl=(22)
fn=(60)
41 31
+44 31
+1 31
+1 31
+1 31
+1 31
+1 31
+1 31
+2 31
+2 31
+31 29
+1 29
+1 29
+1 29
+1 29
+1 16
+2 16
+4 13
+1 13
+1 13
+1 13
+1 13
+1 13
+1 13
+1 13
+1 13
+1 13
+1 13
+1 13
+5 104
+4 2
+1 28
+1 14
+15 1
+1 1
+1 2
+51 1
+1 1
+1 1
+1 1
+1 1
+1 1
+1 1
+1 1
+16 1
+2 1
+1 14
+2 1
+1 1
+1 1
+2 1

fl=(23) ./elf/../misc/sbrk.c
fn=(62) sbrk
37 5
+3 1
+18 2
+4 2
+16 5

fl=(27)
fn=(72)
78 17
+4 17
-4 68
+7 17
+1 51
fi=(28)
-30 17
cfi=(27)
cfn=(76)
calls=17 -21 
* 488
fe=(27)

fn=(144)
95 8
+2 32

fn=(76)
35 210
+1 42
+11 42
-11 84
+11 84
+3 42
-3 42
+3 240
+18 42
+1 42
+2 168
-16 12
+1 6
+2 3
+1 21
cfi=(60) ./misc/../sysdeps/unix/sysv/linux/mmap64.c
cfn=(194) mmap
calls=3 -12 
* 27
* 3
+2 6
+2 6
+2 2
+4 2
-4 4
-23 1
-1 1
+1 1
+1 2
-2 2
+27 1
-3 2
+4 2

fl=(54)
fn=(174) _dl_name_match_p
68 744
+1 248
cfi=(32)
cfn=(90)
calls=124 +39 
* 4105
* 248
+3 124
+2 248
+6 120
-6 240
+1 420
cfi=(32)
cfn=(90)
calls=140 +33 
* 5426
* 280
+8 20
-13 20
+13 164
-1 104
+1 312

fn=(224) _dl_sysdep_read_whole_file
36 2
+3 1
-3 6
+3 1
-3 1
+3 1
cfi=(55)
cfn=(178)
calls=1 -11 
* 19
+1 2
+23 7
-21 4
cfi=(58) ./io/../sysdeps/unix/sysv/linux/fstat64.c
cfn=(190) fstat
calls=1 -13 
* 15
* 2
+2 2
+3 2
+13 2
cfi=(64) ./io/../sysdeps/unix/sysv/linux/close_nocancel.c
cfn=(204) __GI___close_nocancel
calls=1 -35 
* 6
* 1
-11 6
cfi=(60)
cfn=(194)
calls=1 -2 
* 9
* 2

fn=(482)
87 2
+38 2
-1 2
+3 2
+2 80
+1 37
-3 24
+18 2
+1 2
-15 6

fl=(15) ./elf/../sysdeps/x86/dl-get-cpu-features.c
fn=(506) __x86_cpu_features
71 1
-32 3
+32 2

fn=(32) _dl_x86_init_cpu_features
37 1
+2 3
+2 1
cfi=(16)
cfn=(34)
calls=1 399 
* 7219

fl=(39)
fn=(110)
29 1
fi=(18)
+2 1
fe=(39)
+7 1
fi=(18)
-7 2
-1 2
fe=(39)
+22 1
fi=(18)
-20 3
+4 1
fe=(39)
+2 1
fi=(18)
-2 2
+3 4
+1 4
+5 1
fe=(39)
-7 1
fi=(18)
+7 3
fe=(39)
-2 1
fi=(18)
+5 2
+1 3
+2 4
+1 2
+1 2
+6 1
fe=(39)
-11 1
fi=(18)
+11 1
-3 2
fe=(39)

fl=(59) ./io/../sysdeps/unix/sysv/linux/fstatat64.c
fn=(192) fstatat
153 32
-55 32
+70 39
+1 7
-2 18
+1 18

fl=(26) ./elf/./elf/dl-object.c
fn=(82) _dl_add_to_namespace_list
31 12
+2 6
-2 12
+2 6
-2 12
+2 6
cfi=(24)
cfn=(84)
calls=6 +9 
* 18
+2 47
+3 80
+2 5
+2 5
+4 5
+4 5
-4 10
+1 5
+4 5
-4 5
+1 5
+3 5
-3 5
+3 5
-1 5
cfi=(24)
cfn=(84)
calls=5 -8 
* 15
-4 1
+4 1
-4 2
+1 1
+4 1
-4 1
+1 1
+3 1
-3 1
+3 1
-1 1
cfi=(24)
cfn=(84)
calls=1 -8 
* 3
-5 2

fn=(70) _dl_new_object
59 84
+3 12
+18 5
+3 5
-3 5
+3 5
cfi=(22)
cfn=(60)
calls=5 -42 
* 103
+4 10
-4 10
+9 10
fi=(28)
-48 15
cfi=(27)
cfn=(72)
calls=5 +34 
* 208
fe=(26)
+48 1
fi=(28)
-48 3
cfi=(27)
cfn=(72)
calls=1 +34 
* 43
* 6
fe=(26)
+51 12
+5 6
-2 6
+6 6
-4 6
+4 6
-5 6
+4 6
+1 6
-1 6
+1 12
cfi=(29)
cfn=(80)
calls=6 212 
* 77
* 12
+2 6
+13 12
+6 1
+2 7
+3 2
-3 35
+3 10
+9 6
-7 6
+4 6
+3 21
+2 1
-2 3
+2 15
-2 45
+16 12
-5 6
+5 6
-6 6
+6 6
-6 6
+6 12
+2 10
+3 10
-3 10
+7 20
+4 10
+8 2
+3 2
+10 3
-10 10
+10 15
+2 5
+21 5
-21 5
cfi=(22)
cfn=(60)
calls=5 41 
* 175
* 15
+17 5
-13 15
+50 15
cfi=(29)
cfn=(128)
calls=5 -46 
* 89
* 5
+5 10
+1 10
-1 158
+1 158
+2 10
+3 5
+3 5
+4 54
131 17
-12 10
+34 1
+7 4
+8 20
fi=(28)
56 10
cfi=(27)
cfn=(76)
calls=5 -21 
* 125
* 5
fe=(26)
200 20
64 2
+2 3
+1 2
+10 5
-6 2

fl=(50) ./string/../sysdeps/x86_64/strcspn.S
fn=(158) strcspn
25 1
+2 1
+7 1
+1 1
+2 1
+1 1
+1 1
+1 1
+1 33
+3 3
+7 1
+1 1
+1 1
+1 1
+2 1
+1 1
+1 1
+1 1
+2 1
+1 1
+1 1
+9 3
+12 1
+2 1
+1 1
+1 1
-4 12
+2 12
+1 12
+1 12
+2 13
+1 13
+1 13
+2 13
+1 13
+1 13
+2 13
+1 13
+1 13
+2 1
+1 1
+1 1
+2 1
+7 1
+4 1

fl=(151) ./elf/../sysdeps/nptl/dl-mutex.c
fn=(502) __rtld_mutex_init
30 2
+10 3
-10 1
+10 2
-10 1
+7 1
+3 2
cfi=(152) ./elf/./elf/dl-lookup-direct.c
cfn=(504) _dl_lookup_direct
calls=1 +34 
* 175
+4 2
+1 8
+2 3
-2 1
+2 3
cfi=(152)
cfn=(504)
calls=1 +27 
* 198
+4 2
+1 6
+1 2
-1 1
+1 2

fl=(10)
fn=(54)
157 15
-55 5
+55 5
-55 5
+55 5
-55 35
+9 5
+1 5
fi=(330) ./elf/./dl-tunable-types.h
-22 10
fe=(10)
+22 20
+1 40
fi=(11) ./elf/./elf/dl-tunables.h
+8 10
+1 5
fe=(10)
-6 15
fi=(11)
+15 5
fe=(10)
-12 10
+4 10
+7 10
+1 10
+3 30
+1 5
+1 5
+1 5
+24 5
fi=(11)
-30 15
fe=(10)

fn=(18) __GI___tunables_init
282 9
-9 7
71 95
+6 30
-3 30
+3 2063
-3 30
-3 60
357 8
81 60
+5 90
fi=(11)
+54 30
fe=(10)
-54 30
fi=(11)
+54 30
+1 80
-1 70
+1 20
-1 30
+1 60
fe=(10)
323 120
-18 4200
+6 6600
fi=(11)
140 270
+1 540
-1 19
+1 76
-1 95
fe=(10)

fn=(24)
405 36
+3 252
+9 36
-9 138
+9 10
+17 180
+2 36
-9 26
+1 26

fl=(72) ./io/../sysdeps/unix/sysv/linux/pread64_nocancel.c
fn=(238) __pread64_nocancel
25 8
+1 16
+1 4

fl=(2)
fn=(252) version_check_doit
696 3
+2 4
cfi=(75) ./elf/./elf/dl-version.c
cfn=(254) _dl_check_all_versions
calls=1 361 
* 23900
* 2
+4 2

fn=(64) dl_main
1320 2
205 1
311 1
1320 2
2818 1
1320 3
2829 1
1320 2
2698 1
1320 2
311 1
1320 3
207 1
310 1
205 1
+99 3
1332 1
cfi=(24)
cfn=(66) __tls_pre_init_tp
calls=1 53 
* 17
2677 3
+6 5
-4 1
+4 1
+2 3
cfi=(25) ./elf/./elf/dl-environ.c
cfn=(68) _dl_next_ld_env_entry
calls=1 28 
* 35
* 4
cfi=(25)
cfn=(68)
calls=2 28 
* 180
* 9
+4 6
-2 2
+2 6
+1 2
-1 6
+1 17
-1 89
+9 12
2845 4
+32 2
1348 1
+1 2
-1 2
+1 2
2774 3
+1 3
-56 2
+7 2
1627 9
cfi=(26)
cfn=(70)
calls=1 59 
* 230
* 1
+2 2
+1 1
+6 2
-6 1
+1 2
+1 3
+4 1
cfi=(26)
cfn=(82)
calls=1 31 
* 36
+1 2
1140 1
1326 1
1169 1
-29 1
+11 1
+18 2
-21 1
+21 1
-19 1
-4 1
+23 1
-21 1
+21 2
+57 1
-83 1
+23 1
+4 1
+19 1
+22 1
+15 5
-56 116
1275 4
+2 1
1169 18
fi=(30) ./elf/../sysdeps/x86/dl-prop.h
105 2
fe=(2)
1282 22
+6 4
cfi=(31) ./elf/./elf/dl-load.c
cfn=(88) _dl_process_pt_gnu_property
calls=1 868 
* 20
-7 26
+1 13
+6 13
-6 26
fi=(30)
212 4
+1 2
95 8
+10 2
212 1
105 1
-2 1
-3 1
+2 1
+3 1
-4 2
+92 4
-1 1
-87 3
+3 3
+1 2
+1 2
+4 3
+4 3
+3 3
+1 2
+4 1
+1 4
+58 3
+2 4
-56 4
+1 2
+3 4
+3 2
+1 8
+5 4
+2 4
+5 4
+14 2
-1 4
+2 2
fe=(2)
1174 1
-5 1
+5 2
-5 2
+30 1
-9 1
+27 1
-27 1
+2 1
-3 1
+10 2
-20 2
-10 1
+10 1
+1 9
-11 2
+57 4
-1 4
+1 8
-1 4
+2 8
+1 1
+2 12
+1 14
+1 2
+3 2
+1 2
-1 6
+1 6
+1 4
+1 10
+1 1
+4 1
-74 1
+74 2
-74 2
+74 3
-74 3
+74 6
-74 6
fi=(30)
165 2
fe=(2)
1271 1
1169 1
1271 1
1169 2
1294 1
+3 2
+2 1
-5 2
+3 2
+2 2
+2 2
1662 3
+2 1
-1 1
+1 2
+1 2
-2 1
+2 1
-2 2
cfi=(32)
cfn=(90)
calls=1 108 
* 34
* 2
+7 1
+3 1
-5 1
+3 1
+2 1
+1 2
+4 2
+2 2
fi=(3) ./elf/./get-dynamic-info.h
39 3
+6 1
-2 1
+2 2
+9 1
+5 1
+3 1
+2 1
-3 1
-3 1
-3 17
+13 5
-23 20
+23 24
-23 96
+4 58
+5 24
+2 5
+16 3
+25 3
+5 2
+7 2
+1 3
+22 3
+5 2
+2 2
+2 2
+2 2
+1 1
+3 3
+2 3
+1 2
+9 2
+6 2
+1 2
+3 2
fe=(2)
1688 3
+7 2
cfi=(8) ./elf/./elf/dl-setup_hash.c
cfn=(14) _dl_setup_hash
calls=1 25 
* 29
+3 2
fi=(33) ./elf/./setup-vdso.h
24 2
fi=(35) ./elf/../sysdeps/unix/sysv/linux/dl-vdso-setup.h
+21 1
fe=(2)
1723 1
cfi=(13) ./elf/../sysdeps/unix/sysv/linux/dl-sysdep.c
cfn=(100) _dl_discover_osversion
calls=1 46 
* 109
* 8
fi=(37) ./elf/./dl-main.h
109 5
cfi=(31)
cfn=(106) _dl_init_paths
calls=1 706 
* 2926
fe=(2)
1731 3
cfi=(46) ./elf/./elf/dl-debug.c
cfn=(146) _dl_debug_initialize
calls=1 56 
* 30
+7 1
-7 1
+2 1
+5 1
+4 1
+3 1
-3 3
+1 2
+3 1
+5 1
-7 1
+7 1
+1 3
+12 2
+1 2
+5 1
-3 2
+2 1
+1 2
+5 3
+1 5
-1 2
233 1
-1 1
+1 3
+1 2
-2 1
+2 2
1793 2
+5 1
-1 1
+1 1
+24 1
cfi=(47)
cfn=(148) _dl_count_modids
calls=1 197 
* 6
* 1
fi=(48) ./elf/../sysdeps/generic/dl-debug.h
29 3
+1 2
fe=(2)
1828 2
+1 1
cfi=(46)
cfn=(152) _dl_debug_state
calls=1 116 
* 2
+1 1
+4 3
cfi=(49)
cfn=(154)
calls=1 28 
* 16
+5 3
+2 1
+2 2
+9 2
+16 4
cfi=(65) ./io/../sysdeps/unix/sysv/linux/access.c
cfn=(208) access
calls=1 25 
* 9
* 2
+76 4
+16 3
85 1
1970 1
85 2
1970 2
85 1
1970 5
cfi=(66) ./elf/./elf/dl-deps.c
cfn=(210) _dl_map_object_deps
calls=1 159 
* 31095
92 1
1976 1
92 2
+9 2
1976 2
+1 5
-1 4
+1 12
-1 24
+4 4
+1 3
+1 1
+2 2
+1 4
-1 21
+1 18
+12 3
+1 2
+2 1
+2 3
+2 1
-4 1
+5 1
-1 2
+14 2
+1 2
+1 3
+11 2
+2 1
-2 1
+2 2
-2 1
+1 2
+1 1
-1 2
+1 1
cfi=(52)
cfn=(250) _dl_receive_error
calls=1 238 
* 23928
+10 2
+1 2
+3 2
862 1
fi=(331) ./elf/../sysdeps/unix/sysv/linux/dl-osinfo.h
64 2
fe=(2)
864 1
+6 1
+3 1
+7 1
-5 1
2052 3
2282 3
1778 2
+6 1
-6 2
+6 1
+2 3
fi=(30)
198 4
+2 1
+1 1
+2 1
-3 3
+3 1
fi=(3)
59 4
+3 4
+2 4
fi=(34) ./elf/../sysdeps/unix/sysv/linux/dl-vdso.h
-24 1
+1 2
fe=(2)
2331 1
1325 1
2342 1
-4 2
+10 1
-6 1
+6 1
+3 2
+8 1
fi=(30)
36 1
fe=(2)
2359 1
fi=(30)
37 3
+3 1
+13 9
-13 6
+9 12
-9 1
+9 35
+4 30
-16 21
+34 3
cfi=(77) ./elf/../sysdeps/x86/dl-cet.c
cfn=(270) _dl_cet_check
calls=1 252 
* 30
fe=(2)
2361 2
+54 3
+3 1
85 4
2422 1
+1 25
+2 14
+5 14
+2 14
+6 7
+2 21
+1 48
cfi=(78) ./elf/./elf/dl-reloc.c
cfn=(272) _dl_relocate_object
calls=6 194 
* 2192033
+4 18
+1 4
-23 2
+23 2
cfi=(47)
cfn=(412) _dl_add_to_slotinfo
calls=2 1015 
* 56
-23 8
92 3
+1 1
2454 1
93 1
2454 1
+5 4
+2 1
+7 3
cfi=(47)
cfn=(484)
calls=1 528 
* 221
+3 2
fi=(3)
72 2
+10 3
+1 4
+1 4
+1 4
+2 4
+5 4
+1 4
+1 5
fi=(35)
-64 3
+3 1
+3 1
+3 1
fi=(34)
+16 2
fe=(2)
2434 1
+1 1
-3 2
+49 3
+2 4
+10 1
cfi=(147)
cfn=(486)
calls=1 561 
* 1679
+5 2
cfi=(7) ./elf/./elf/dl-minimal.c
cfn=(494) __rtld_malloc_init_real
calls=1 76 
* 3083
+3 1
cfi=(151)
cfn=(502)
calls=1 30 
* 415
85 1
2507 1
+1 3
85 3
2508 2
cfi=(78)
cfn=(272)
calls=1 194 
* 5789
92 3
+9 2
2516 3
cfi=(153) ./elf/./elf/dl-call-libc-early-init.c
cfn=(508) _dl_call_libc_early_init
calls=1 27 
* 1441
+7 1
cfi=(9) ./elf/../elf/dl-sysdep.c
cfn=(534) _dl_sysdep_start_cleanup
calls=1 262 
* 2
+4 3
cfi=(49)
cfn=(536)
calls=1 40 
* 21
+5 2
cfi=(46)
cfn=(186) _dl_debug_update
calls=1 38 
* 7
+1 1
-1 1
+2 1
cfi=(46)
cfn=(152)
calls=1 116 
* 2
+1 1
+4 1
cfi=(68) ./elf/./elf/dl-cache.c
cfn=(538) _dl_unload_cache
calls=1 537 
* 18
+5 8
1741 4
1995 2
+50 2
cfn=(258) init_tls
calls=1 756 
* 836
* 2
2726 4
+2 2
+1 1
+46 2
+2 1
+1 1
-1 1
+1 1
+1 1
85 1
1847 1
85 2
1847 1
85 1
1847 2
cfn=(156) handle_preload_list
calls=1 894 
* 3107
* 1
92 3
+9 3
1948 16
+1 1
-1 1
+4 3
+1 1
+1 2
+1 2
-7 2
fi=(30)
170 3
-39 2
fe=(2)

fn=(156)
894 10
+5 1
-5 2
+5 2
+6 1
-64 1
+54 3
+7 3
cfi=(50)
cfn=(158)
calls=1 25 
* 233
* 1
+1 3
+9 1
191 1
914 2
191 2
916 2
-80 1
+5 5
-10 1
+8 1
-4 1
+1 1
+1 1
+4 1
cob=(2)
cfi=(51)
cfn=(160)
calls=1 0 
* 2784
+1 3
+8 3
+67 1
-18 2
+21 9
-15 4
cfi=(29)
cfn=(80)
calls=1 212 
* 19
+1 2

fn=(170) map_doit
663 2
+2 1
-2 1
+2 1
+1 2
-1 2
+1 3
cfi=(31)
cfn=(172) _dl_map_object
calls=1 2022 
* 2683
* 1
+2 2

fn=(258)
756 3
+2 1
+4 1
-4 1
+4 2
+11 1
fi=(28)
44 1
fe=(2)
768 1
+4 1
fi=(28)
44 1
cfi=(27)
cfn=(72)
calls=1 +34 
* 36
fe=(2)
783 1
-12 1
+6 1
-9 1
+11 1
+4 1
+2 3
-1 2
+3 14
+4 2
+2 2
-2 4
-5 2
-1 4
+10 3
+3 2
cfi=(47)
cfn=(260) _dl_tls_static_surplus_init
calls=1 97 
* 79
+3 1
cfi=(47)
cfn=(262) _dl_determine_tlsoffset
calls=1 221 
* 108
+7 1
cfi=(47)
cfn=(264) _dl_allocate_tls_storage
calls=1 422 
* 443
* 1
+1 2
+6 1
+3 2
-3 1
+3 6
+3 1
cfi=(24)
cfn=(266) __tls_init_tp
calls=1 68 
* 75
+1 1
+3 5
-39 5
-1 11

fn=(2)
527 10
85 1
fi=(6) ./elf/../sysdeps/x86_64/dl-machine.h
-40 1
fe=(2)
557 1
-4 1
85 2
556 1
85 1
fi=(3)
-40 1
fe=(2)
556 1
fi=(3)
45 2
+9 1
+5 1
+3 1
+2 1
+4 1
-7 1
-3 1
-3 14
+13 4
-23 16
+23 14
-23 56
+4 36
+5 20
+2 5
+3 4
fi=(4)
+21 1
fi=(3)
-8 3
+10 4
+1 4
+1 4
+1 4
+2 4
+5 4
+1 4
+1 4
+3 3
+5 2
+7 3
+1 3
+8 2
+1 2
+5 3
+3 3
fe=(2)
573 1
fi=(6)
71 1
fe=(2)
573 42
fi=(6)
414 1
fi=(5) ./elf/./elf/do-rel.h
86 1
fe=(2)
573 2
fi=(5)
49 1
+37 1
-37 1
+37 1
+2 1
-2 1
+2 1
-2 1
+27 2
-27 1
fe=(2)
573 2
fi=(5)
49 1
+37 1
-37 1
+37 1
+2 1
-2 1
+2 1
-2 1
+27 3
+1 2
fi=(6)
534 2
fi=(5)
114 282
fi=(6)
534 282
+1 142
fi=(5)
113 142
fi=(6)
535 284
fi=(5)
113 284
+5 4
+8 7
fi=(6)
326 12
fi=(5)
126 21
+2 7
+2 7
-2 7
fi=(6)
287 7
fi=(5)
130 7
-2 7
+1 14
fi=(6)
287 14
+9 70
+3 14
+27 33
fe=(2)
573 6
fi=(5)
50 1
fi=(4)
+30 2
fi=(6)
326 2
+20 12
+1 6
fe=(2)
575 1
+13 1
cfi=(7)
cfn=(12) __rtld_malloc_init_stubs
calls=1 42 
* 10
+4 2
85 1
488 2
85 3
488 1
cfi=(8)
cfn=(14)
calls=1 25 
* 29
+2 2
-1 1
+1 2
+17 1
-15 1
-2 1
+17 1
-15 1
+9 1
-11 1
+17 1
cfi=(9)
cfn=(16) _dl_sysdep_start
calls=1 85 
* 2291839
* 1
+2 2
+98 9
fi=(3)
62 4
+2 4
fe=(2)
573 3

fl=(46)
fn=(152)
116 2
+1 2

fn=(146)
56 1
+3 2
+4 1
-6 1
+4 1
+2 2
+22 2
+5 2
+1 1
+1 1
-1 1
-1 1
+5 2
+4 2
+8 2
-43 2
+32 6

fn=(186)
38 6
+3 6
-1 12
+4 12
+4 6

fl=(66)
fn=(214) openaux
61 36
+7 12
-4 24
+1 12
-1 96
cfi=(31)
cfn=(172)
calls=12 2022 
* 26428
* 12
+5 24

fn=(210)
159 5
+1 3
-1 1
+1 1
-1 2
+1 1
-1 3
+1 1
-1 4
+1 12
-8 1
-7 1
+15 1
-14 1
+6 1
+8 1
-15 1
+7 1
-8 1
+1 1
+7 1
-7 1
+31 3
-28 3
-2 1
+31 1
-33 2
+2 2
+30 2
-30 1
-1 4
+7 4
+24 2
-32 1
+60 1
-60 2
+36 1
fi=(74) ./elf/../include/scratch_buffer.h
77 3
fe=(66)
198 1
fi=(74)
78 1
fe=(66)
200 2
+98 1
198 1
+4 1
+7 1
+4 4
-4 6
+4 24
+11 18
-18 2
+18 4
433 21
+2 5
+3 5
-3 10
+3 5
fi=(28)
56 5
cfi=(27)
cfn=(76)
calls=5 -21 
* 125
* 5
fe=(66)
439 10
+6 5
+1 25
cfi=(29)
cfn=(80)
calls=5 212 
* 63
+1 25
cfi=(29)
cfn=(80)
calls=5 212 
* 63
+4 5
-1 5
+5 28
204 18
458 18
-1 7
+1 14
199 3
+27 25
+5 5
+6 5
-5 5
-1 5
+2 10
+4 20
-31 5
+31 5
+1 15
+6 20
cfi=(31)
cfn=(212) _dl_dst_count
calls=5 -6 
* 234
* 28
cfi=(31)
cfn=(212)
calls=7 -6 
* 342
* 36
+4 24
-2 12
+2 24
cob=(2)
cfi=(51)
cfn=(164)
calls=12 0 
* 27376
+1 24
+9 12
+2 24
+5 25
+6 5
+2 5
-8 10
+3 5
+1 5
+1 5
+1 5
+4 25
+4 36
+1 24
-43 548
+1 264
+44 375
-38 24
fi=(74)
85 3
fe=(66)
464 6
+1 1
+3 4
+11 3
fi=(28)
56 1
cfi=(27)
cfn=(76)
calls=1 -21 
* 25
* 1
fe=(66)
481 2
+5 3
+1 1
-1 2
+4 2
-2 1
+2 1
-2 2
+13 6
+5 6
-16 18
-2 6
+6 6
+7 6
-2 12
-5 1
+7 1
-2 2
+2 2
+5 1
-16 6
+19 2
+52 3
+37 3
+15 1
-11 1
+11 1
-14 2
+20 1
-1 3
+1 3
-1 5
cfi=(12)
cfn=(246)
calls=1 290 
* 460
+5 1
+3 1
-1 1
+2 2
+7 3
+3 3
+3 8
214 46
+3 5
fi=(74)
-86 15
cfi=(73)
cfn=(240)
calls=5 30 
* 100
fe=(66)
+86 10
+4 15
613 2
cfi=(29)
cfn=(80)
calls=1 212 
* 19
* 1
-53 2
160 2
380 12

fl=(24)
fn=(84)
42 258
+2 516

fn=(266)
68 2
fi=(332) ./elf/../include/list.h
-24 1
fe=(24)
+24 1
fi=(332)
-25 1
fe=(24)
+26 1
+3 1
fi=(332)
-29 1
+1 1
+1 1
+2 1
fe=(24)
+28 4
+1 2
+1 1
+5 2
+5 1
+6 1
-3 1
+3 1
-6 3
+6 1
+13 3
fi=(76) ./elf/../sysdeps/unix/sysv/linux/rseq-internal.h
-72 1
fe=(24)
+72 1
cfi=(10)
cfn=(24)
calls=1 405 
* 20
fi=(76)
-74 3
+2 6
+3 2
+3 1
fe=(24)
+83 3
+7 2
+2 1
+1 1
+1 3

fn=(66)
53 3
+3 8
+5 1
-5 1
+5 1
+1 1
-6 1
+8 1

fl=(160) ./elf/./elf/dl-runtime.c
fn=(528) _dl_fixup
46 896
+2 560
+1 112
+6 112
fi=(333) ./elf/../sysdeps/x86_64/dl-runtime.h
-27 112
fe=(160)
+21 112
+5 112
+1 112
-6 112
+6 224
+1 112
+2 112
-2 112
+2 112
-2 560
+7 224
+4 224
+4 336
+4 336
+1 448
-7 448
+16 112
-1 112
+1 224
+2 11
+1 11
+7 110
cfi=(79)
cfn=(280)
calls=11 840 
* 8072
* 1010
cfi=(79)
cfn=(280)
calls=101 840 
* 82085
* 112
+4 560
+10 1120
+15 448
+9 336
+26 336
fi=(6)
+70 112
fe=(160)
-66 672
-63 44
fi=(212) ./elf/../sysdeps/x86_64/dl-irel.h
-68 4
cob=(3)
cfi=(118) ./string/../sysdeps/x86_64/multiarch/strlen.c
cfn=(380) strlen
calls=1 -3 
* 21
cob=(3)
cfi=(123) ./string/../sysdeps/x86_64/multiarch/memchr.c
cfn=(396) memchr
calls=1 -3 
* 23
cob=(3)
cfi=(110) ./string/../sysdeps/x86_64/multiarch/memcmp.c
cfn=(358) bcmp
calls=1 -3 
* 22
cob=(3)
cfi=(92) ./string/../sysdeps/x86_64/multiarch/memcpy.c
cfn=(314) memcpy@@GLIBC_2.14
calls=1 -3 
* 22
fe=(160)
+93 8

fl=(7)
fn=(494)
76 2
+10 1
fi=(149) ./elf/../sysdeps/generic/dl-hash.h
-41 1
fe=(7)
+31 1
fi=(149)
-32 1
fe=(7)
+32 5
+11 1
-1 1
fi=(149)
-43 1
+5 3
+14 4
-17 3
+3 15
+14 20
-17 15
fe=(7)
+46 2
fi=(149)
-24 1
fe=(7)
+22 1
+2 2
fi=(149)
-19 1
fe=(7)
+19 1
cfn=(498) lookup_malloc_symbol
calls=1 -30 
* 744
+1 3
-1 1
+1 1
cfn=(498)
calls=1 -31 
* 792
+1 3
-1 1
+1 1
cfn=(498)
calls=1 -32 
* 754
+1 3
-1 1
+1 1
cfn=(498)
calls=1 -33 
* 685
+5 1
+1 1
+1 1
+1 1
+1 7

fn=(136) strsep
239 2
+3 4
+2 2
+1 4
+4 33
+7 84
-2 56
+13 1
+4 4
-22 14
+15 14
-15 30

fn=(498)
61 8
+3 4
-3 16
+3 4
-3 4
+3 8
-1 4
+1 12
cfi=(79)
cfn=(280)
calls=4 840 
* 2815
+4 28
+1 28
+2 4
fi=(150) ./elf/./dl-sym-post.h
-30 8
+12 12
fe=(7)
+19 20

fn=(12)
42 1
+1 2
+1 2
+1 2
+1 2
+1 1

fl=(78)
fn=(272)
194 14
+14 7
-14 63
+16 7
-16 14
+14 7
+2 14
+3 7
-1 7
+1 14
+19 14
+6 35
-34 12
+38 12
+7 24
fi=(6)
71 22
+6 16
+4 12
+14 4
-8 4
+8 8
+20 8
+4 20
-2 8
fe=(78)
288 295
-83 4
fi=(6)
474 16
fe=(78)
205 8
+83 8
fi=(5)
49 4
fe=(78)
288 4
fi=(5)
60 4
-11 8
+11 8
fe=(78)
288 3
-83 3
fi=(6)
474 12
fe=(78)
205 6
+83 6
fi=(5)
49 3
fe=(78)
288 3
fi=(5)
60 3
-11 6
+11 6
fe=(78)
288 14
fi=(5)
49 7
fe=(78)
288 7
fi=(5)
60 7
-11 14
+11 14
-7 4
-1 4
+11 32
fi=(6)
545 2258
+4 2258
+3 3387
+1 1129
fi=(5)
63 3387
+2 4744
+2 171
-4 171
+13 24
+1 16
+1 114
fi=(6)
545 57
+34 114
+2 57
cob=(4)
cfi=(134)
cfn=(476)
calls=1 27 
* 9
cob=(4)
cfi=(146)
cfn=(472)
calls=1 26 
* 9
cob=(4)
cfi=(145)
cfn=(468)
calls=1 27 
* 9
cob=(4)
cfi=(142)
cfn=(464)
calls=1 27 
* 8
cob=(4)
cfi=(144)
cfn=(462)
calls=1 49 
* 6
cob=(4)
cfi=(143)
cfn=(458)
calls=1 26 
* 9
cob=(4)
cfi=(142)
cfn=(454)
calls=1 35 
* 8
cob=(4)
cfi=(141)
cfn=(450)
calls=1 27 
* 9
cob=(4)
cfi=(140)
cfn=(446)
calls=1 27 
* 9
cob=(4)
cfi=(138)
cfn=(442)
calls=1 27 
* 8
cob=(4)
cfi=(137)
cfn=(438)
calls=1 30 
* 9
cob=(4)
cfi=(136)
cfn=(434)
calls=1 26 
* 9
cob=(4)
cfi=(135)
cfn=(430)
calls=1 27 
* 9
cob=(4)
cfi=(134)
cfn=(426)
calls=1 34 
* 9
cob=(4)
cfi=(133)
cfn=(422)
calls=1 27 
* 9
cob=(4)
cfi=(131)
cfn=(418)
calls=1 27 
* 9
cob=(4)
cfi=(129)
cfn=(414)
calls=1 26 
* 9
cob=(3)
cfi=(128) ./string/../sysdeps/x86_64/multiarch/rawmemchr.c
cfn=(408) rawmemchr
calls=1 31 
* 23
cob=(3)
cfi=(127) ./string/../sysdeps/x86_64/multiarch/strncase.c
cfn=(406) strncasecmp
calls=1 31 
* 7
cob=(3)
cfi=(126) ./string/../sysdeps/x86_64/multiarch/mempcpy.c
cfn=(402) mempcpy
calls=1 33 
* 22
cob=(3)
cfi=(125) ./string/../sysdeps/x86_64/multiarch/strspn.c
cfn=(400) strspn
calls=1 29 
* 7
cob=(3)
cfi=(123)
cfn=(396)
calls=1 29 
* 23
cob=(3)
cfi=(122) ./string/../sysdeps/x86_64/multiarch/stpcpy.c
cfn=(392) stpcpy
calls=1 33 
* 17
cob=(3)
cfi=(120) ./wcsmbs/../sysdeps/x86_64/multiarch/wmemcmp.c
cfn=(388) wmemcmp
calls=1 29 
* 22
cob=(3)
cfi=(119) ./string/../sysdeps/x86_64/multiarch/strncpy.c
cfn=(384) strncpy
calls=1 29 
* 17
cob=(3)
cfi=(118)
cfn=(380)
calls=1 29 
* 21
cob=(3)
cfi=(117) ./string/../sysdeps/x86_64/multiarch/strcasecmp_l.c
cfn=(378) strcasecmp_l
calls=1 31 
* 7
cob=(3)
cfi=(116) ./string/../sysdeps/x86_64/multiarch/strcpy.c
cfn=(374) strcpy
calls=1 29 
* 17
cob=(3)
cfi=(115) ./string/../sysdeps/x86_64/multiarch/strchrnul.c
cfn=(370) strchrnul
calls=1 31 
* 21
cob=(3)
cfi=(114) ./string/../sysdeps/x86_64/multiarch/memrchr.c
cfn=(366) memrchr
calls=1 29 
* 21
cob=(3)
cfi=(112) ./wcsmbs/../sysdeps/x86_64/multiarch/wmemset.c
cfn=(362) wmemset
calls=2 31 
* 38
cob=(3)
cfi=(110)
cfn=(358)
calls=1 29 
* 22
cob=(3)
cfi=(109) ./string/../sysdeps/x86_64/multiarch/strncase_l.c
cfn=(356) strncasecmp_l
calls=1 31 
* 7
cob=(3)
cfi=(108) ./string/../sysdeps/x86_64/multiarch/strcat.c
cfn=(352) strcat
calls=1 29 
* 17
cob=(3)
cfi=(107) ./wcsmbs/../sysdeps/x86_64/multiarch/wcscpy.c
cfn=(350) wcscpy
calls=1 43 
* 7
cob=(3)
cfi=(106) ./string/../sysdeps/x86_64/multiarch/strcspn.c
cfn=(348) strcspn
calls=1 29 
* 7
cob=(3)
cfi=(105) ./string/../sysdeps/x86_64/multiarch/strcasecmp.c
cfn=(346) strcasecmp
calls=1 31 
* 7
cob=(3)
cfi=(104) ./string/../sysdeps/x86_64/multiarch/strncmp.c
cfn=(344) strncmp
calls=1 66 
* 17
cob=(3)
cfi=(102) ./wcsmbs/../sysdeps/x86_64/multiarch/wmemchr.c
cfn=(340) wmemchr
calls=2 31 
* 46
cob=(3)
cfi=(100) ./string/../sysdeps/x86_64/multiarch/stpncpy.c
cfn=(336) stpncpy
calls=1 31 
* 17
cob=(3)
cfi=(99) ./wcsmbs/../sysdeps/x86_64/multiarch/wcscmp.c
cfn=(332) wcscmp
calls=1 30 
* 21
cob=(3)
cfi=(98) ./string/../sysdeps/x86_64/multiarch/memmove.c
cfn=(328) memmove
calls=2 29 
* 44
cob=(3)
cfi=(97) ./string/../sysdeps/x86_64/multiarch/strrchr.c
cfn=(324) rindex
calls=1 28 
* 21
cob=(3)
cfi=(96) ./string/../sysdeps/x86_64/multiarch/strchr.c
cfn=(322) index
calls=1 61 
* 19
cob=(3)
cfi=(94) ./wcsmbs/../sysdeps/x86_64/multiarch/wcschr.c
cfn=(318) wcschr
calls=2 31 
* 42
cob=(3)
cfi=(92)
cfn=(314)
calls=1 29 
* 22
cob=(3)
cfi=(91) ./wcsmbs/../sysdeps/x86_64/multiarch/wcslen.c
cfn=(310) wcslen
calls=1 29 
* 19
cob=(3)
cfi=(89) ./string/../sysdeps/x86_64/multiarch/memset.c
cfn=(306) memset
calls=1 29 
* 24
cob=(3)
cfi=(87) ./wcsmbs/../sysdeps/x86_64/multiarch/wcsnlen.c
cfn=(302) wcsnlen
calls=1 29 
* 19
cob=(3)
cfi=(86) ./string/../sysdeps/x86_64/multiarch/strcmp.c
cfn=(300) strcmp
calls=1 65 
* 17
cob=(3)
cfi=(85) ./string/../sysdeps/x86_64/multiarch/strpbrk.c
cfn=(298) strpbrk
calls=1 29 
* 7
cob=(3)
cfi=(83) ./string/../sysdeps/x86_64/multiarch/strnlen.c
cfn=(294) strnlen
calls=2 31 
* 42
-36 57
+37 57
fi=(5)
77 173
fe=(78)
288 56
+3 42
+24 7
+3 14
+17 21
+2 56
-98 14
+3 2
+7 4
-9 2
fi=(5)
86 20
+2 20
+12 10
-14 40
+14 20
+10 16
+3 22
+1 6
fi=(6)
529 6
fi=(5)
114 6
fi=(6)
529 12
fi=(5)
114 2332
fi=(6)
529 2332
fi=(5)
114 2332
fi=(6)
529 4664
+5 4676
+1 2338
fi=(5)
113 2338
fi=(6)
535 2338
-5 2338
fi=(5)
113 4676
+7 40
+4 32
+2 16
-73 6
fi=(6)
484 6
fi=(5)
52 6
fi=(6)
484 12
fi=(5)
128 12
+1 6
+1 6
-2 6
+2 6
+3 6
-5 6
+2 6
-2 6
+1 12
+2 6
-2 6
+2 18
+2 12
-5 7138
+1 3569
+1 3569
-2 3569
+2 3569
+3 3569
-5 3569
+2 3569
-2 3569
+1 7138
+2 3569
-2 3569
+2 10707
+2 7138
+9 3573
fi=(6)
262 7146
+21 7146
+4 7146
+7 14292
fi=(4)
138 10668
fi=(6)
294 104519
cfi=(79)
cfn=(280)
calls=2201 840 
* 1789006
* 19809
+2 10668
+30 21428
450 10626
fi=(5)
145 10672
-19 10725
+32 30
+1 6
fi=(6)
294 2
+22 2
-22 4
fi=(5)
160 6
+3 2
+4 2
-4 2
+4 4
-2 2
-2 2
+2 2
+1 2
-1 4
fi=(6)
294 8
508 2
-1 4
+1 4
+1 2
cfi=(15)
cfn=(506)
calls=1 71 
* 6
cob=(3)
cfi=(81) ./string/../sysdeps/x86/cacheinfo.c
cfn=(290) __x86_cacheinfo
calls=1 86 
* 28
+1 2
fi=(5)
159 2
fi=(6)
510 2
fi=(5)
159 8
-14 24
+1 408
fi=(6)
360 6
+1 9
fi=(5)
145 6
fi=(6)
490 24
+5 16
-1 24
+1 16
-1 8
cfi=(29)
cfn=(80)
calls=8 212 
* 167
+2 32
+1 8
-75 54
+4 72
+5 18
+9 18
-9 36
+9 18
fi=(5)
145 36
fi=(6)
368 6
+11 2
-9 4
+9 2
fi=(5)
145 38
fi=(6)
296 3611
+3 3560
-3 3560
+3 7120
+2 25
+3 10
+1 15
+11 10
+7 5
cob=(3)
cfi=(98)
cfn=(328)
calls=1 29 
* 22
cob=(3)
cfi=(86)
cfn=(300)
calls=1 65 
* 17
cob=(3)
cfi=(110)
cfn=(358)
calls=1 29 
* 22
cob=(3)
cfi=(118)
cfn=(380)
calls=1 29 
* 21
cob=(3)
cfi=(96)
cfn=(322)
calls=1 61 
* 19
* 15
+3 10
fi=(5)
135 10
+3 2
fi=(6)
296 3543
+3 3543
-3 7102
+3 4
fi=(5)
50 14
fe=(78)
308 3280
fi=(6)
-14 10051
fe=(78)
+49 35
+3 7
-3 7
+3 7
+4 14
+1 28
cfi=(71) ./misc/../sysdeps/unix/syscall-template.S
cfn=(234) mprotect
calls=7 117 
* 42
* 14
fi=(6)
-57 12
fe=(78)
-6 6
fi=(5)
53 2
175 7
+2 2
+1 2
-1 1
+3 1
-3 4
+3 2
-3 10
+1 10
-1 5
+3 5
-3 20
+3 10
+8 6
fi=(6)
+74 12
+21 12
+4 12
+7 24
fi=(4)
138 18
fi=(6)
294 204
cfi=(79)
cfn=(280)
calls=6 840 
* 4190
* 54
+2 18
+30 36
450 12
fi=(5)
191 18
-16 18
+30 4
fi=(6)
+91 3
+3 3
-3 3
+3 6
-3 3
+3 3
-3 6
fe=(78)

fl=(322) ./elf/./elf/dl-fini.c
fn=(3814) _dl_fini
31 9
+20 3
-3 7
+3 4
+3 2
cob=(3)
cfi=(291) ./nptl/./nptl/pthread_mutex_lock.c
cfn=(3646) pthread_mutex_lock@@GLIBC_2.2.5
calls=1 +23 
* 43
+2 1
+3 2
+2 6
+7 2
-2 1
+2 1
cfi=(49)
cfn=(536)
calls=1 -28 
* 21
+5 14
+5 1
-5 1
+5 3
+2 14
+2 14
+2 14
+1 7
+1 7
+4 7
-12 21
+14 6
+1 4
+6 5
cfi=(12)
cfn=(246)
calls=1 290 
* 527
+9 2
cob=(3)
cfi=(292) ./nptl/./nptl/pthread_mutex_unlock.c
cfn=(3648) pthread_mutex_unlock@@GLIBC_2.2.5
calls=1 367 
* 36
+5 6
+2 1
+2 3
-2 6
+2 18
+3 14
+3 21
+4 8
+11 16
+1 4
+1 8
+1 20
+1 8
cob=(6)
cfi=(168)
cfn=(3984) 0x00000000000037f0
calls=1 0 
* 12
cob=(4)
cfi=(169)
cfn=(3966)
calls=1 0 
* 159
cob=(7)
cfi=(170)
cfn=(3864)
calls=1 0 
* 9426
cob=(8)
cfi=(194)
cfn=(3816) 0x0000000000007170
calls=1 0 
* 159
* 2
cob=(6)
cfi=(168)
cfn=(3990) 0x0000000000004780
calls=1 0 
* 159
-1 25
+5 12
+1 15
cob=(2)
cfi=(51)
cfn=(4006)
calls=1 0 
* 4
cob=(2)
cfi=(51)
cfn=(3982)
calls=1 0 
* 4
cob=(2)
cfi=(51)
cfn=(3964)
calls=1 0 
* 4
cob=(2)
cfi=(51)
cfn=(3842)
calls=1 0 
* 177
cob=(2)
cfi=(51)
cfn=(3838)
calls=1 0 
* 4
+6 14
cfi=(49)
cfn=(3840)
calls=7 -57 
* 35
+5 7
-45 21
+49 3
cfi=(49)
cfn=(536)
calls=1 40 
* 21
* 2
-38 9
+3 2
+41 6
+6 2
+7 8
73 2

fl=(45) ./string/./string/strdup.c
fn=(140) strdup
40 30
+1 6
cfi=(22)
cfn=(60)
calls=6 * 
* 218
* 6
fi=(334) ./string/../include/rtld-malloc.h
+15 12
cfi=(27)
cfn=(76)
calls=6 -21 
* 150
fe=(45)
-12 12
+4 6
-1 18
+1 12
-1 6
cfi=(29)
cfn=(80)
calls=6 212 
* 90

fl=(44) ./string/../sysdeps/x86_64/multiarch/memset-vec-unaligned-erms.S
fn=(132) memset
125 43
+1 215
+6 43
+1 43
+1 42
+1 42
+2 18
+1 18
+1 18
+65 4
+1 4
+2 4
+76 24
+1 24
+5 24
+3 24
+1 24
+3 20
+1 20
+13 20
+1 20
+2 20
+3 3
+3 6
+3 3
+1 3
+1 3
+1 3
+1 3
+1 3
+1 3
-6 81
+1 81
+1 81
+1 81
+1 81
+1 81
+1 81
+3 20
+1 20
+1 20
+1 20
+5 20
+29 1
+1 1
+1 1
+32 1
+1 1
+1 1

fl=(152)
fn=(504)
74 30
+2 3
-2 3
+4 3
-4 3
+2 3
+2 9
+37 3
-37 9
+1 6
+2 12
+3 25
-52 3
+54 6
-54 3
+54 3
-54 9
+1 9
+2 6
+1 6
+12 12
+3 3
+2 3
-2 3
+2 9
cfi=(32)
cfn=(90)
calls=3 +55 
* 207
* 6
+4 6
+1 3
-1 3
+1 18
+1 9
cfi=(32)
cfn=(90)
calls=3 +49 
* 75
* 6
+57 27
-23 6

fl=(153)
fn=(508)
27 1
+2 2
-2 1
+6 3
-6 1
+6 3
-6 1
+6 1
cfi=(152)
cfn=(504)
calls=1 +41 
* 177
+4 2
+2 4
+2 1
-1 1
+1 2
-1 1
cob=(3)
cfi=(154) ./elf/./elf/libc_early_init.c
cfn=(510) __libc_early_init
calls=1 -7 
* 1240

fl=(60)
fn=(194)
47 52
+3 52
+8 104
+2 26

fl=(65)
fn=(208)
25 1
+2 7
+4 1

fl=(159)
fn=(526)
67 112
+5 112
+3 112
+2 112
+10 112
+6 112
+1 112
+1 112
+1 112
+1 112
+1 112
+1 112
+4 112
+1 112
+3 112
+1 112
+2 112
+1 112
+1 112
+1 112
+1 112
+1 112
+2 112
+7 112
+1 112
+1 112
cfi=(160)
cfn=(528)
calls=112 -80 
* 101075
+1 112
+5 112
+1 112
+1 112
+2 112
+1 112
+1 112
+1 112
+1 112
+1 112
+1 112
+2 112
+2 112
+4 112
+2 112

fl=(42)
fn=(118)
23 28
+1 28
+1 28
+1 28
+1 28
+1 28
+1 28
+1 28
+1 28
+1 28
+1 28
+1 28
+1 28
+1 28
+1 28
+1 28
+1 28
+1 28
+1 24
+4 24
+1 24
+1 24
+1 24
+2 24
+4 4
+1 4
+1 4
+1 4
+1 4
+1 4
+1 4
+1 4
+1 4
+1 4
+1 4
+1 4
+1 4
+1 4
+1 4
+1 4
+1 4
+1 4
+1 4
+1 4
+1 4
+1 4
+1 4
+1 4
+52 4
+4 4
+1 4
+1 4
+1 4
+2 4

fl=(52)
fn=(162)
225 10
+2 2
cob=(2)
cfi=(51)
cfn=(164)
calls=1 0 
* 2759
+1 2
+1 1
+1 1
-1 1
+1 1
+2 5

fn=(250)
238 6
+1 1
+1 1
+3 1
+1 1
+2 1
cfi=(2)
cfn=(252)
calls=1 696 
* 23911
+2 1
+1 1
+1 4

fn=(166)
175 39
+5 13
-5 39
+5 13
-2 26
+22 13
-1 13
+7 26
-6 13
+3 26
+3 13
cfi=(53)
cfn=(168)
calls=13 30 
* 312
* 52
+2 39
cfi=(66)
cfn=(214)
calls=12 61 
* 26644
cfi=(2)
cfn=(170)
calls=1 663 
* 2698
+2 13
-1 13
+1 13
-1 13
+1 26
+9 52

fl=(64)
fn=(204)
25 6
+1 24
+1 6

fl=(71)
fn=(234)
117 45
+5 9

fn=(540) munmap
117 5
+5 1

fl=(75)
fn=(254)
361 6
+4 5
-2 2
+4 42
cfn=(256) _dl_check_map_versions
calls=7 155 
* 23789
-2 7
+2 21
-1 7
-1 14
+5 7

fn=(256)
155 56
+15 7
-15 14
+15 14
+2 35
+2 7
+1 7
-1 7
+1 7
+2 14
+3 10
-16 5
-8 5
+28 5
-4 5
+4 10
+16 5
36 10
200 5
36 25
200 7
36 14
200 7
36 35
+1 54
-1 108
+2 198
cfi=(54)
cfn=(174)
calls=66 +30 
* 6696
* 132
208 36
+5 12
-71 24
+71 36
+8 12
-2 12
-2 24
+4 12
-4 72
+4 40
-2 40
-2 80
+4 40
-4 325
56 208
+8 156
+6 156
+16 52
+1 104
+2 52
+5 468
+14 1654
+12 2325
+4 775
-30 1550
224 208
+3 156
+5 40
-11 40
110 52
+3 208
cfi=(32)
cfn=(90)
calls=52 -5 
* 2120
* 220
236 48
+5 14
-44 7
+1 7
+52 10
+3 20
+10 120
-7 480
+3 360
-3 20
+3 15
+8 12
+6 6
fi=(28)
44 6
fe=(75)
273 6
fi=(28)
44 6
cfi=(27)
cfn=(72)
calls=6 +34 
* 244
fe=(75)
272 6
fi=(28)
44 6
fe=(75)
274 12
+13 6
-3 6
+3 24
+2 18
+3 20
+4 36
+7 52
+1 52
-1 156
+1 52
+1 52
-2 52
+2 104
+1 156
+3 156
+5 40
-15 40
+2 40
-2 40
+2 40
-2 40
+2 80
-2 12
+2 12
-2 12
+2 12
-2 12
+2 24
+16 36
+5 7
-28 7
+62 63
-29 18
+3 20
+4 120
+6 120
+1 120
+1 120
-1 360
+1 120
-1 120
+1 120
+1 120
+3 360
+4 120
-14 250
+10 15
164 2
+86 2
-94 2
+94 3

fl=(25)
fn=(68)
28 3
+1 3
+3 38
+13 28
-13 56
+2 60
+1 18
+5 2
-3 2
+3 2
+2 2
+7 1

fl=(36) ./posix/../sysdeps/unix/syscall-template.S
fn=(102) uname
120 5
+2 1

fl=(9)
fn=(16)
85 4
+25 1
-25 6
+25 1
-1 1
+1 99
+11 1
-8 1
+1 1
-4 1
+3 1
+6 1
+2 13
-34 1
-1 1
+36 113
+3 1
+1 1
-5 85
+57 1
-57 1
+58 1
-1 1
-57 3
+29 1
-29 1
+30 1
-1 1
-29 3
+41 1
-41 1
+42 1
-1 1
-41 3
+35 1
-35 1
+36 1
-1 1
-35 3
+32 1
-32 1
+33 1
-1 1
-32 4
+13 1
-13 1
+14 1
-1 1
-13 3
+10 1
-10 1
+11 1
-1 1
-10 3
+7 1
-7 4
224 1
cfi=(10)
cfn=(18)
calls=1 +58 
* 14752
+3 1
cfi=(12)
cfn=(22)
calls=1 +54 
* 32
fi=(13)
36 2
cfi=(14)
cfn=(28)
calls=1 -1 
* 8
fi=(6)
215 1
cfi=(15)
cfn=(32)
calls=1 37 
* 7224
fe=(9)
+23 3
+1 1
cfi=(22)
cfn=(60)
calls=1 41 
* 17
* 1
+2 2
cfi=(23)
cfn=(62)
calls=1 37 
* 15
* 3
+12 3
+3 5
cfi=(2)
cfn=(64)
calls=1 1320 
* 2269371
+2 9

fn=(534)
262 1
+1 1

fl=(19)
fn=(52)
481 1
+17 1
-17 4
+16 1
-16 1
+15 1
-15 3
+18 1
-1 1
+9 2
+3 3
+11 1
-11 1
-5 1
+21 3
+4 2
681 4
+1 5
+4 2
+9 2
-2 1
+2 2
-1 1
+1 3
535 6
+3 8
+7 2
-7 9
+7 6
+3 26
+14 2
+4 1
+3 1
+1 1
-4 2
+3 3
+6 2
-37 6
+15 2
+4 1
+1 1
-1 2
+18 2
-68 6
+74 4
+8 7
+2 2
+4 3
+2 1
+2 5
-4 1
+16 1
-16 3
+21 2
-21 4
+3 1
+1 4
-4 1
+6 4
+3 2
+5 1
+2 2
+1 1
+1 1
-2 2
+1 1
-19 5
+46 2
+1 1
+1 2
+2 2
-1 3
-23 2
+7 1
+2 2
-16 1
+22 1
-6 2
+1 1
+5 1

fn=(46)
255 24
-5 24
+16 12
-16 72
+13 12
+1 36
-3 24
+11 60
+5 24
+2 12
+1 12
-1 12
+5 48
cfn=(48) intel_check_word.constprop.0
calls=12 123 
* 3876
+2 24
+3 60
cfn=(48)
calls=12 123 
* 1156
+2 24
+3 5
cfn=(48)
calls=1 123 
* 20
+2 2
+3 5
cfn=(48)
calls=1 123 
* 255
+2 2
-35 3
+39 3
+5 96

fn=(48)
123 78
-4 78
+10 104
-10 26
+10 52
+2 52
+71 200
-71 102
+2 63
+2 126
+8 126
+51 102
+22 51
fi=(20) ./elf/../bits/stdlib-bsearch.h
28 51
-1 102
+4 102
+1 51
fe=(19)
+78 102
fi=(20)
-79 76
+1 38
fe=(19)
+78 76
+3 345
fi=(20)
-84 820
+2 512
+1 256
fe=(19)
+78 512
+15 15
246 104
fi=(20)
37 63
-8 151
fe=(19)
155 36
+3 36
-6 54
+3 14
+9 14
+23 19
-32 57
+3 57
+4 50
+2 100
+2 50
+2 36
+4 11
+2 22
+6 14
+3 8
+1 12
-8 4
+2 4
-1 4
-1 4
+2 8
-2 4
+3 12
-2 12
+2 8
-10 24
+1 10
+11 12
-26 4
+9 4
+23 2
-32 6
+3 6
+4 8
+2 16
+2 8
-11 3
+7 6
+2 12

fl=(32)
fn=(90)
108 2926
+33 2926
+1 2926
+2 2926
+1 2926
+21 2926
+1 2926
+1 2610
+1 2610
+1 2464
+1 2464
+1 2464
+1 2464
+21 2464
+1 2464
+1 2464
+1 2464
+1 2464
+1 2464
+1 2464
+5 117
+1 351
+9 117
+1 117
+1 117
+1 117
+1 117
+1 117
+1 117
+1 117
-7 462
+1 462
+1 462
+1 462
+1 462
+1 462
+1 462
+1 462
+1 362
+1 191
+1 191
+1 191
+2 191
+1 191
+1 191
+1 191
+1 191
+1 191
-5 171
+1 171
+1 171
+1 171
+1 171
+1 171
+10 217
+1 217
+1 217
+2 217
+6 217
+1 217
+1 217
+1 217
+1 217
+5 217
+2 201
+1 201
+1 402
+8 201
+1 201
+3 201
+1 201
+1 201
+1 201
+1 201
+1 201
-9 23
+1 23
+3 23
+1 23
+1 23
+1 23
+1 23
+1 23
+6 39
+1 39
+1 39
+3 39
+1 39
+1 39
+1 39
+1 39
+1 39
+5 23
+1 23
+9 3
+1 3
+1 3
+1 3
+1 3
+2 3
+1 3
+1 3
+1 3
+1 3
+1 3
+1 3
+1 3
+3 3
+1 3
+1 3
+6 3
+1 3
+1 6
+4 3
+1 3
-1 2
+1 2
+3 5
+1 5
+1 5
+3 5
+1 5
+1 5
+6 5
+1 5
+1 5
+1 5
+1 5
+1 5
+6 2
+1 2
+2 2
+1 2
+2 2
+1 2
+1 2
+3 2
+1 2
+1 2
+6 2
+1 2
+1 2
+1 2
+1 2
+1 2
+6 2
+1 2
+1 2
+40 16
+1 16
+1 16
+1 16
+1 16
+2 16
+1 16
+1 16
+1 16
+1 16
+1 16
+1 16
+1 7
+3 7
+1 7
+1 7
+6 7
+1 7
+1 14
+4 7
+1 7
-1 2
+1 2
+3 7
+1 7
+1 7
+3 7
+1 7
+1 7
+6 7
+1 7
+1 7
+1 7
+1 7
+1 7
+7 3
+1 3
+2 3
+1 3
+2 3
+1 3
+1 3
+3 3
+1 3
+1 3
+6 3
+1 3
+1 3
+1 3
+1 3
+1 3
+7 2
+1 2
+1 2
+4 2
+1 2
+1 2
+1 2
+13 2
+1 2
+1 2
+1 2
+9 5
+1 5
+1 5
+1 5
+1 5
+2 5
+1 5
+1 5
+1 5
+1 5
+1 5
+1 5
+1 5
+4 5
+1 5
+1 5
+6 5
+1 5
+1 10
+4 5
+1 5
-1 3
+1 3
+3 8
+1 8
+1 8
+3 8
+1 8
+1 8
+6 8
+1 8
+1 8
+1 8
+1 8
+1 8
+7 4
+1 4
+2 4
+1 4
+2 4
+1 4
+1 4
+3 4
+1 4
+1 4
+6 4
+1 4
+1 4
+1 4
+1 4
+1 4
+7 3
+1 3
+1 3
818 1
+1 1
+1 1
+1 1
+1 1
+2 1
+1 1
+1 1
+1 1
+1 1
+1 1
+1 1
+1 1
+4 1
+1 1
+1 1
+6 1
+1 1
+1 2
+4 1
+1 1
-1 1
+1 1
+3 2
+1 2
+1 2
+3 2
+1 2
+1 2
+6 2
+1 2
+1 2
+1 2
+1 2
+1 2
+7 2
+1 2
+2 2
+1 2
+2 2
+1 2
+1 2
+3 2
+1 2
+1 2
+6 2
+1 2
+1 2
+1 2
+1 2
+1 2
+7 1
+1 1
+1 1
+32 18
+1 18
+1 18
+1 18
+1 18
+2 18
+1 18
+1 18
+1 18
+1 18
+1 18
+1 18
+1 10
+4 10
+1 10
+1 10
+6 10
+1 10
+1 20
+4 10
+1 10
-1 9
+1 9
+3 19
+1 19
+1 19
+3 19
+1 19
+1 19
+6 19
+1 19
+1 19
+1 19
+1 19
+1 19
+7 14
+1 14
+2 14
+1 14
+2 14
+1 14
+1 14
+3 14
+1 14
+1 14
+6 14
+1 14
+1 14
+1 14
+1 14
+1 14
+7 9
+1 9
+1 9
+32 15
+1 15
+1 15
+1 15
+1 15
+2 15
+1 15
+1 15
+1 15
+1 15
+1 15
+1 15
+1 8
+4 8
+1 8
+1 8
+6 8
+1 8
+1 16
+4 8
+1 8
-1 4
+1 4
+3 12
+1 12
+1 12
+3 12
+1 12
+1 12
+6 12
+1 12
+1 12
+1 12
+1 12
+1 12
+7 10
+1 10
+2 10
+1 10
+2 10
+1 10
+1 10
+3 10
+1 10
+1 10
+6 10
+1 10
+1 10
+1 10
+1 10
+1 10
+7 4
+1 4
+1 4
+32 23
+1 23
+1 23
+1 23
+1 23
+2 23
+1 23
+1 23
+1 23
+1 23
+1 23
+1 23
+1 14
+4 14
+1 14
+1 14
+6 14
+1 14
+1 28
+4 14
+1 14
-1 5
+1 5
+3 20
+1 20
+1 20
+3 20
+1 20
+1 20
+6 20
+1 20
+1 20
+1 20
+1 20
+1 20
+7 10
+1 10
+2 10
+1 10
+2 9
+1 9
+1 9
+3 9
+1 9
+1 9
+6 9
+1 9
+1 9
+1 9
+1 9
+1 9
+7 5
+1 5
+1 5
+4 1
+1 1
+1 1
+1 1
+7 1
+1 1
+1 1
+16 42
+1 42
+1 42
+1 42
+1 42
+2 42
+1 42
+1 42
+1 42
+1 42
+1 42
+1 42
+1 19
+4 19
+1 19
+1 19
+6 19
+1 19
+1 38
+4 19
+1 19
-1 5
+1 5
+3 24
+1 24
+1 24
+3 24
+1 24
+1 24
+6 24
+1 24
+1 24
+1 24
+1 24
+1 24
+7 11
+1 11
+2 11
+1 11
+2 11
+1 11
+1 11
+3 11
+1 11
+1 11
+6 11
+1 11
+1 11
+1 11
+1 11
+1 11
+7 5
+1 5
+1 5
+32 37
+1 37
+1 37
+1 37
+1 37
+2 37
+1 37
+1 37
+1 37
+1 37
+1 37
+1 37
+1 27
+4 27
+1 27
+1 27
+6 27
+1 27
+1 54
+4 27
+1 27
-1 4
+1 4
+3 31
+1 31
+1 31
+3 31
+1 31
+1 31
+6 31
+1 31
+1 31
+1 31
+1 31
+1 31
+7 7
+1 7
+2 7
+1 7
+2 7
+1 7
+1 7
+3 7
+1 7
+1 7
+6 7
+1 7
+1 7
+1 7
+1 7
+1 7
+7 4
+1 4
+1 4
+32 18
+1 18
+1 18
+1 18
+1 18
+2 18
+1 18
+1 18
+1 18
+1 18
+1 18
+1 18
+1 17
+4 17
+1 17
+1 17
+6 17
+1 17
+1 34
+4 17
+1 17
-1 11
+1 11
+3 28
+1 28
+1 28
+3 28
+1 28
+1 28
+6 28
+1 28
+1 28
+1 28
+1 28
+1 28
+7 15
+1 15
+2 15
+1 15
+2 15
+1 15
+1 15
+3 15
+1 15
+1 15
+6 15
+1 15
+1 15
+1 15
+1 15
+1 15
+7 11
+1 11
+1 11
+32 39
+1 39
+1 39
+1 39
+1 39
+2 39
+1 39
+1 39
+1 39
+1 39
+1 39
+1 39
+1 34
+4 34
+1 34
+1 34
+6 34
+1 34
+1 68
+4 34
+1 34
-1 8
+1 8
+3 42
+1 42
+1 42
+3 42
+1 42
+1 42
+6 42
+1 42
+1 42
+1 42
+1 42
+1 42
+7 14
+1 14
+2 14
+1 14
+2 14
+1 14
+1 14
+3 14
+1 14
+1 14
+6 14
+1 14
+1 14
+1 14
+1 14
+1 14
+7 8
+1 8
+1 8
+32 52
+1 52
+1 52
+1 52
+1 52
+2 52
+1 52
+1 52
+1 52
+1 52
+1 52
+1 52
+1 37
+4 37
+1 37
+1 37
+6 37
+1 37
+1 74
+4 37
+1 37
-1 8
+1 8
+3 45
+1 45
+1 45
+3 45
+1 45
+1 45
+6 45
+1 45
+1 45
+1 45
+1 45
+1 45
+7 16
+1 16
+2 16
+1 16
+2 16
+1 16
+1 16
+3 16
+1 16
+1 16
+6 16
+1 16
+1 16
+1 16
+1 16
+1 16
+7 8
+1 8
+1 8
+32 40
+1 40
+1 40
+1 40
+1 40
+2 40
+1 40
+1 40
+1 40
+1 40
+1 40
+1 40
+1 16
+4 16
+1 16
+1 16
+6 16
+1 16
+1 32
+4 16
+1 16
-1 4
+1 4
+3 20
+1 20
+1 20
+3 20
+1 20
+1 20
+6 20
+1 20
+1 20
+1 20
+1 20
+1 20
+7 6
+1 6
+2 6
+1 6
+2 6
+1 6
+1 6
+3 6
+1 6
+1 6
+6 6
+1 6
+1 6
+1 6
+1 6
+1 6
+7 4
+1 4
+1 4
+32 53
+1 53
+1 53
+1 53
+1 53
+2 53
+1 53
+1 53
+1 53
+1 53
+1 53
+1 53
+2 22
+4 22
+1 22
+1 22
+6 22
+1 22
+2 44
+4 22
+1 22
-1 5
+1 5
+3 27
+1 27
+1 27
+3 27
+1 27
+1 27
+6 27
+1 27
+1 27
+1 27
+1 27
+1 27
+7 7
+1 7
+2 7
+1 7
+2 7
+1 7
+1 7
+3 7
+1 7
+1 7
+6 7
+1 7
+1 7
+1 7
+1 7
+1 7
+7 5
+1 5
+1 5
+4 1
+1 1
+1 1
+1 1
+7 1
+1 1
+1 1
+11 2
+1 2
+1 2
+1 4
+4 2
+2 2
+1 2
+1 2
+1 2
-5 419
+2 419
+1 419
+1 419
+1 419
-3 158
+1 158
+1 158
+1 158
+1 382
+5 191
+6 191
+1 191
+8 191
+1 191
-16 2735
+6 2735
+1 2735
+8 2735
+1 2735

fl=(56) ./io/../sysdeps/unix/sysv/linux/read_nocancel.c
fn=(180) __read_nocancel
25 5
+1 20
+1 5

fl=(58)
fn=(190)
29 12
+1 12
+5 18
cfi=(59)
cfn=(192)
calls=6 153 
* 48

fl=(13)
fn=(100)
46 5
+2 3
+40 2
cfi=(36)
cfn=(102)
calls=1 +32 
* 6
+15 1
-15 2
+20 1
-1 1
+3 12
+4 3
-2 6
+2 11
+3 2
-1 2
+1 6
-3 8
+3 1
-1 1
+1 3
-3 4
+7 3
-1 3
+4 3
-2 3
+2 12
+9 5

fl=(68)
fn=(230) _dl_cache_libcmp
370 31
+1 31
+32 31
-33 62
+1 72
+2 178
+2 178
-2 356
+20 346
+2 346
-12 147
+2 147
+14 147
+1 147
-29 294
+32 15
-28 10
+8 5
-2 10
+1 10
-1 5
+2 15
+2 5
-3 5
+3 15
+2 10
+9 78

fn=(222) _dl_load_cache_lookup
416 40
+2 8
+3 12
+69 9
+5 3
208 3
495 7
208 1
495 2
+3 12
fi=(70) ./elf/../sysdeps/x86/dl-procinfo.h
39 8
+3 12
cfi=(32)
cfn=(90)
calls=4 +66 
* 100
* 16
fe=(68)
212 24
cfi=(10)
cfn=(24)
calls=4 405 
* 84
* 4
+16 8
-16 4
+6 8
+10 4
-7 20
+9 12
+1 4
-37 8
+37 4
+4 8
-5 66
+1 22
-37 44
+37 22
+4 44
+4 78
cfn=(230)
calls=26 370 
* 2156
+1 52
359 22
+3 20
228 20
360 12
228 36
+2 20
+20 10
+3 10
+2 20
cfn=(230)
calls=5 370 
* 540
* 10
+2 1
-9 10
-30 8
+1 4
+95 4
-95 4
-1 32
+96 12
-47 8
+10 8
+1 12
fi=(69) ./elf/../sysdeps/generic/dl-cache.h
125 20
fe=(68)
294 8
+9 8
+3 8
+2 12
+1 8
+5 8
+1 16
+7 8
+21 16
513 8
+12 8
cfi=(22)
cfn=(60)
calls=4 41 
* 140
* 48
+1 4
-1 4
+1 4
-1 4
+1 4
cfi=(29)
cfn=(80)
calls=4 212 
* 60
* 4
+1 4
cfi=(45)
cfn=(140)
calls=4 40 
* 398
+1 32
-3 8
424 4
cfi=(54)
cfn=(224)
calls=1 36 
* 91
* 1
+8 5
+1 8
+3 4
+1 1
-1 3
fi=(69)
194 1
+1 5
fe=(68)
444 1
+1 2

fn=(538)
537 1
+1 4
-1 1
+3 2
cfi=(71)
cfn=(540)
calls=1 117 
* 6
+1 1
+4 1
+2 2

fl=(47)
fn=(148)
197 1
+2 2
+1 1
+15 2

fn=(262)
221 8
+6 3
+3 2
+36 3
+2 1
-2 1
-2 1
-40 1
-1 1
-1 1
+46 2
+23 6
+3 2
-3 8
+2 4
-2 2
-25 2
+20 2
-20 10
+2 4
+3 2
-1 2
+5 4
-5 2
+1 2
-1 2
+3 4
+2 6
+32 3
-1 1
+1 4
+2 2
-2 2
+53 8

fn=(260)
97 2
+4 1
-4 2
+4 1
-4 2
+4 3
cfi=(10)
cfn=(24)
calls=1 405 
* 21
* 1
+1 4
cfi=(10)
cfn=(24)
calls=1 405 
* 21
* 1
+8 1
-8 1
+6 2
+2 3
+3 1
+2 1
-32 3
+34 3
+1 5

fn=(484)
528 50
+1 10
+4 5
+6 5
-6 5
+6 5
cob=(3)
cfi=(291)
cfn=(3646)
calls=4 77 
* 172
cfi=(24)
cfn=(84)
calls=1 42 
* 3
+3 15
+12 5
-18 5
-1 5
+43 15
-19 65
+9 30
+1 20
+6 30
+1 10
+2 20
-2 10
+6 10
-4 20
+4 10
-4 20
+3 20
+4 20
+1 40
+2 20
+1 20
+17 10
-8 10
+8 10
+2 30
cfi=(29)
cfn=(128)
calls=10 199 
* 130
* 50
cfi=(44)
cfn=(132)
calls=10 125 
* 190
-49 10
+55 10
-55 40
+6 30
+55 10
cob=(3)
cfi=(292)
cfn=(3648)
calls=4 367 
* 144
cfi=(24)
cfn=(84)
calls=1 42 
* 3
+3 10
+3 45

fn=(3716)
641 64
+1 8
+3 32
+1 24
fi=(28)
50 16
cob=(3)
cfi=(188)
cfn=(1606)
calls=8 3352 
* 32
fe=(47)
646 360
fi=(28)
50 240
cob=(3)
cfi=(188)
cfn=(1606)
calls=120 3352 
* 480
fe=(47)
645 256
+4 16
+1 8
fi=(28)
50 8
cob=(3)
cfi=(188)
cfn=(1606)
calls=8 3352 
* 771
fe=(47)
652 16
+2 48

fn=(236) _dl_assign_tls_modid
131 4
+3 2
+13 2
-13 2
+52 2
+2 2
+3 2
+1 4

fn=(3636)
631 108
+1 24
370 12
fi=(28)
44 12
fe=(47)
374 12
+1 12
fi=(28)
44 12
cob=(3)
cfi=(188)
cfn=(3638) calloc
calls=12 3624 
* 3609
fe=(47)
376 24
+9 12
-6 12
+6 36
539 24
cob=(3)
cfi=(291)
cfn=(3646)
calls=12 77 
* 516
+3 48
-6 12
+18 12
-19 24
+24 96
+9 72
+1 48
+6 72
+1 24
+2 48
-2 48
+2 72
-2 24
+6 24
-4 24
+4 24
-1 48
+4 48
+1 96
+2 48
+1 48
+19 24
-10 24
+10 48
cfi=(29)
cfn=(128)
calls=24 199 
* 312
* 120
cfi=(44)
cfn=(132)
calls=24 125 
* 456
-49 24
+55 24
-55 96
+6 72
+55 24
cob=(3)
cfi=(292)
cfn=(3648)
calls=12 367 
* 430
+3 36
+2 12
+10 96

fn=(264)
422 2
+13 1
-13 2
+2 1
+12 1
fi=(28)
56 1
cfi=(27)
cfn=(76)
calls=1 -21 
* 54
fe=(47)
437 3
+8 2
fi=(28)
44 1
fe=(47)
445 2
+1 1
+4 321
+19 1
-99 1
+4 1
+1 1
fi=(28)
44 1
cfi=(27)
cfn=(72)
calls=1 +34 
* 36
fe=(47)
376 2
+3 1
+6 2
+90 5

fn=(412)
1015 16
+6 2
+3 2
+1 2
+4 6
+34 4
+3 6
+1 6
+3 12

fl=(8)
fn=(14)
25 7
+3 7
-3 7
+3 14
+3 21
+1 14
+2 7
-1 7
+3 21
+1 7
+4 7
-3 7
+7 7
-4 7
-3 7
+2 14
+5 7
-5 7
-2 7
+7 7
-5 7
+10 7

fl=(31)
fn=(106)
706 11
+14 1
-14 2
+14 2
cfi=(38)
cfn=(108)
calls=1 175 
* 1847
fi=(28)
56 1
fe=(31)
720 1
fi=(28)
56 1
cfi=(27)
cfn=(76)
calls=1 -21 
* 25
fe=(31)
725 1
+2 2
+7 2
+1 2
-1 3
+5 3
fi=(28)
56 1
cfi=(27)
cfn=(76)
calls=1 -21 
* 25
fe=(31)
739 1
+2 4
+17 1
-10 1
+19 1
-11 1
-9 1
+9 1
+12 2
-10 1
+3 2
+9 1
-7 1
+4 1
+3 2
-3 1
-8 1
+3 1
+8 1
-3 1
+1 16
cfi=(44)
cfn=(132)
calls=4 125 
* 72
+2 18
-14 3
+10 3
+4 3
-12 3
-2 3
+2 3
+4 3
-3 3
+3 3
+1 3
-2 3
+5 6
+1 3
-4 3
+4 3
+15 1
+3 1
-15 1
+7 1
-1 1
+9 2
+2 4
+2 3
+36 5
+2 2
cfi=(22)
cfn=(60)
calls=1 41 
* 17
* 9
-19 1
-2 1
+2 2
+19 9
cfi=(29)
cfn=(80)
calls=1 212 
* 11
* 1
+5 4
-1 2
+2 1
+1 2
-2 4
+1 13
+1 26
-2 52
+5 1
fi=(28)
56 1
cfi=(27)
cfn=(76)
calls=1 -21 
* 25
fe=(31)
836 1
fi=(28)
56 1
fe=(31)
838 2
+6 6
cfn=(134) fillin_rpath.isra.0
calls=1 468 
* 587
+3 3
+6 1
+4 8
-35 2
+5 2

fn=(138) expand_dynamic_string_token
385 14
241 2
385 2
241 2
385 2
241 2
cfi=(42)
cfn=(118)
calls=2 23 
* 72
+3 4
410 2
-11 2
+11 12
-11 2
cfi=(45)
cfn=(140)
calls=2 40 
* 168

fn=(134)
468 7
+4 1
-4 8
+6 3
cfi=(7)
cfn=(136)
calls=1 239 
* 240
* 3
cfi=(7)
cfn=(136)
calls=1 239 
* 8
* 6
+7 2
+2 3
cfn=(138)
calls=1 -98 
* 118
* 1
+4 2
+5 2
cfi=(22)
cfn=(60)
calls=1 41 
* 17
* 1
+1 2
+7 5
+9 15
+1 8
+55 2
fi=(28)
50 2
cfi=(27)
cfn=(144)
calls=1 +45 
* 5
+1 1
fe=(31)
528 2
+4 3
fi=(28)
56 1
cfi=(27)
cfn=(76)
calls=1 -21 
* 25
* 1
fe=(31)
534 2
+5 1
+1 2
-1 1
-1 1
+2 1
cfi=(29)
cfn=(128)
calls=1 199 
* 13
+3 1
-3 1
+1 1
+2 1
+6 1
+1 1
-1 3
+1 11
+1 1
-1 1
+1 2
-1 2
+1 1
-1 1
+1 2
-1 6
+1 1
-1 1
+1 1
-1 3
+1 1
-1 2
+3 1
+1 1
-1 1
+1 2
+1 1
+6 2
+1 2
-57 4
+66 1
+3 8
-46 4

fn=(216) open_path
1870 32
+1 4
-1 24
+1 4
+6 8
+5 64
-7 8
+7 4
-8 4
+8 8
+3 8
+9 24
+7 12
+1 4
-1 4
cfi=(29)
cfn=(128)
calls=4 199 
* 52
-12 4
+12 4
+59 20
-58 16
+3 80
+5 104
cfi=(29)
cfn=(128)
calls=13 199 
* 173
* 52
cfi=(29)
cfn=(128)
calls=13 199 
* 169
+3 26
+6 39
+3 78
cfn=(218) open_verify.constprop.0
calls=13 1568 
* 702
* 13
+2 39
+2 20
+65 32
+7 8
-2 8
+2 8
+3 12
-13 4
+27 36
-65 12
+2 6
-50 205
+29 20
+1 70
+6 20
+2 10
-2 10
+2 20
cfi=(67) ./io/../sysdeps/unix/sysv/linux/stat64.c
cfn=(220) stat
calls=10 28 
* 158
* 10
+3 10
-3 20
+1 1
+2 2
-2 1
+2 26
-61 8

fn=(218)
1568 187
+39 51
+19 68
cfi=(55)
cfn=(178)
calls=17 28 
* 362
* 17
+2 34
+11 4
+6 8
-5 4
+5 32
cfi=(56)
cfn=(180)
calls=4 25 
* 24
+2 8
+2 8
+2 8
+6 8
+17 44
fi=(28)
50 8
cfi=(27)
cfn=(144)
calls=4 +45 
* 20
fe=(31)
1856 153
1674 12
+74 8
+5 8
+2 16
+6 8
+6 4
+1 4
-1 12
+1 4
-1 4
+1 8
+1 6
+20 12
+31 4
-31 4
1633 4
1820 8
-31 222
+1 102
+1 32
+4 32
+6 4
+1 28
+10 12
cfi=(72)
cfn=(238)
calls=2 25 
* 14
* 16
+8 60
+15 4
+6 2
-3 2
+1 2
+1 2
+1 4
-3 2
+1 2
+1 2
+2 2
-3 6
-1 2
+4 4
-19 72
+3 8
-4 8
+4 16
+5 2
+1 16
-60 13
+1 3
-1 1
+1 3
cfi=(72)
cfn=(238)
calls=1 25 
* 7
* 3
+16 5
+7 18
1612 26
+62 9
1802 4
-30 2

fn=(88)
868 6
+8 6
-8 6
+8 6
-6 6
+12 12
-13 6
+13 6
-13 6
+13 12
+3 18
+1 12
+1 12
+43 6

fn=(176) open_verify.constprop.1
1568 11
+39 3
+19 4
cfi=(55)
cfn=(178)
calls=1 28 
* 19
* 1
+2 2
+11 1
+6 2
-5 1
+5 8
cfi=(56)
cfn=(180)
calls=1 25 
* 6
+2 2
+2 2
+2 2
+6 2
+17 11
fi=(28)
50 2
cfi=(27)
cfn=(144)
calls=1 +45 
* 5
fe=(31)
1856 9
1674 3
+74 2
+5 2
+2 4
+6 2
+6 1
+1 1
-1 3
+1 1
-1 1
+1 2
+1 2
+20 3
+31 1
-31 1
1633 1
1820 2
-31 66
+1 28
+1 8
+4 8
+25 12
+3 18
+3 2
-4 2
+4 4
+6 4
-36 6

fn=(184) _dl_map_object_from_fd
944 50
+10 5
-10 20
+10 5
cfi=(46)
cfn=(186)
calls=5 38 
* 35
* 5
+7 20
+85 20
+10 10
+7 35
cfi=(26)
cfn=(70)
calls=5 59 
* 1754
* 5
+1 10
+11 10
+5 5
-5 5
+1 10
+1 5
+2 5
-2 5
+2 10
+1 15
+1 8
+19 8
-2 4
+2 42
-2 1
+2 60
+10 20
+85 5
-58 5
-34 5
-1 5
+93 5
+6 5
-64 10
+9 5
+55 10
-55 5
-42 5
+97 10
1101 5
-5 10
+15 138
+20 2
+1 1
-22 162
+1 304
1213 10
1110 5
1213 10
1110 15
1218 15
+10 10
+1 5
-1 5
+1 5
-1 15
+1 15
-1 15
+1 15
-1 45
1076 10
1235 10
+10 20
+7 10
fi=(61) ./elf/./dl-map-segments.h
96 5
fe=(31)
1252 15
fi=(61)
28 5
fe=(31)
1252 5
fi=(61)
96 5
fe=(31)
1252 5
fi=(61)
28 10
+1 40
cfi=(60)
cfn=(194)
calls=5 +18 
* 45
+74 10
-1 5
-73 5
+74 5
+3 10
+1 5
+2 5
-3 5
+1 5
+2 5
+7 16
+3 8
cfi=(71)
cfn=(234)
calls=2 -2 
* 12
* 6
+7 5
+2 5
fi=(62) ./elf/./dl-load.h
-37 40
+1 15
+2 40
fi=(61)
+56 80
+8 5
-2 5
+1 5
+2 5
-1 5
+1 5
-1 15
+8 10
+3 10
+8 35
cfi=(44)
cfn=(132)
calls=5 -52 
* 699
+1 10
+5 10
+12 20
-59 100
+2 30
+3 15
-3 30
+2 120
cfi=(60)
cfn=(194)
calls=15 -93 
* 135
* 45
fi=(57) ./elf/../sysdeps/posix/dl-fileid.h
37 15
cfi=(58)
cfn=(190)
calls=5 -8 
* 75
* 10
fe=(31)
999 10
fi=(57)
40 15
fe=(31)
999 5
fi=(57)
40 5
fe=(31)
999 80
+1 40
fi=(57)
49 60
fe=(31)
1515 45
1018 10
+66 13
+1 2
-1 1
+1 1
-1 1
+1 1
cfi=(72)
cfn=(238)
calls=1 25 
* 7
* 2
+26 62
+26 120
+10 20
-1 20
-1 20
+2 20
+2 20
-2 20
-1 120
+2 40
+1 20
+2 20
-3 20
+3 120
+2 40
+4 40
+1 75
+4 15
+1 15
-1 15
+1 105
-18 15
+28 15
-11 5
+1 5
-1 5
+1 35
-18 5
+28 5
-56 10
+7 5
+2 5
-2 5
+1 5
+1 5
-1 10
+1 40
+50 6
+5 2
-1 4
+5 2
-5 4
-56 2
+61 8
+1 2
+3 2
-3 2
+8 8
+15 10
+1 5
+58 20
+1 15
fi=(63) ./elf/./elf/get-dynamic-info.h
39 10
+6 5
-2 5
+2 10
+9 5
+5 5
+3 5
+2 5
-3 5
-3 5
-3 88
+13 26
-23 104
+23 95
-23 380
+4 242
+5 124
+2 25
+3 20
+13 20
+10 17
+1 20
+1 20
+1 20
+2 20
+5 19
+1 19
+1 20
+3 15
+5 8
+7 10
+1 15
+22 15
+5 4
+2 4
+2 4
+2 4
+4 15
+2 3
+1 2
+9 2
+6 2
+4 10
fe=(31)
1275 10
+1 10
+2 10
+10 15
+19 15
+2 25
+52 15
+1 4
+6 40
+1 98
+6 20
cfn=(88)
calls=5 868 
* 100
-7 128
+1 59
+6 59
-6 118
fi=(30)
95 40
213 5
-1 10
105 10
212 5
105 5
-2 5
-3 5
+2 5
+3 5
-4 10
+92 20
-1 5
-87 15
+3 15
+1 10
+1 10
+4 15
+4 15
+3 15
+1 10
+4 5
+1 20
+58 15
+2 20
-56 14
+1 7
+3 14
+3 7
+1 28
+5 14
+2 14
+5 14
+14 7
-1 14
+2 4
-1 10
fe=(31)
1380 10
cfi=(64)
cfn=(204)
calls=5 25 
* 30
* 10
+13 10
+2 20
+2 10
+16 10
cfi=(8)
cfn=(14)
calls=5 25 
* 145
+4 10
+1 10
+17 10
+1 1
+3 1
+5 1
-5 1
+5 1
-5 4
+5 4
-5 4
+5 4
+10 10
+7 30
+10 10
+1 8
+5 4
cfi=(47)
cfn=(236)
calls=2 131 
* 20
+7 15
cfi=(26)
cfn=(82)
calls=5 31 
* 265
+3 20
+23 35
+1 15
cfi=(49)
cfn=(206)
calls=5 76 
* 25
* 5
fi=(62)
95 20
+2 4
-1 8
+1 4
-1 4
+1 4
-1 4
+1 4
-1 8
+3 16
fe=(31)
1506 25
fi=(30)
198 20
+2 5
+1 5
+2 5
-3 15
fe=(31)
1368 15
fi=(63)
62 20
+2 20
fe=(31)
1084 2
fi=(61)
187 16
cfi=(60)
cfn=(194)
calls=2 47 
* 18
+3 4
fe=(31)
1462 15
+2 4
-1 20
+1 4
-1 4
+1 4
-1 4
cfi=(32)
cfn=(90)
calls=4 108 
* 100
* 8
+2 5
1275 8
fi=(57)
49 9
fi=(30)
170 6
-39 4
fe=(31)

fn=(172)
2022 130
+8 26
+1 52
+3 254
+5 406
+2 174
cfi=(54)
cfn=(174)
calls=58 68 
* 6127
* 116
+4 100
+1 150
+4 28
-1 140
+1 28
+1 28
-1 28
+1 28
cfi=(32)
cfn=(90)
calls=28 108 
* 1094
* 56
2329 117
2068 5
+1 5
-1 5
+1 5
-1 5
+1 5
-1 10
-44 5
+53 15
+17 10
-2 5
+2 5
cfi=(42)
cfn=(118)
calls=5 23 
* 120
* 10
2260 2
-1 3
cfn=(138)
calls=1 385 
* 168
+2 1
-3 1
+1 1
+2 2
+4 5
cfn=(176)
calls=1 1568 
* 283
+3 2
-3 1
+3 1
+12 4
+46 1
+1 3
-1 1
+1 9
cfn=(184)
calls=1 944 
* 1819
-1 4
+1 12
-1 4
+1 36
cfn=(184)
calls=4 944 
* 8467
* 15
2098 8
cfi=(22)
cfn=(60)
calls=4 41 
* 68
* 8
+2 8
+7 16
+51 44
cfn=(216)
calls=4 1870 
* 2520
+6 4
-6 4
+6 16
682 4
2165 4
682 8
2252 8
+28 16
+2 16
2111 4
696 12
2111 4
+1 4
696 8
2116 12
682 4
2117 4
682 8
2173 4
+14 8
+2 12
+4 8
cfi=(68)
cfn=(222)
calls=4 416 
* 4700
* 4
+2 8
+4 8
+8 12
+23 24
cfn=(218)
calls=4 1568 
* 1246
+4 8
-4 4
+4 4
+1 8
2131 20
+1 40
682 4
2133 4
682 8
2157 12
+1 8
-16 8

fn=(212)
238 24
+3 12
-3 24
+7 12
-7 24
+3 12
cfi=(42)
cfn=(118)
calls=12 23 
* 360
+3 24
+20 84

fl=(67)
fn=(220)
28 20
+1 40
cfi=(59)
cfn=(192)
calls=10 153 
* 98

fl=(77)
fn=(270)
252 8
42 1
+9 1
-10 1
+4 1
-4 1
+3 1
+4 2
+1 2
-1 2
+14 2
254 8

ob=(8)
fl=(208)
fn=(1388)
206 8129
+5 2217
cfi=(209) /usr/include/c++/11/ext/type_traits.h
cfn=(1390) bool __gnu_cxx::__is_null_pointer<char>(char*)
calls=739 -59 
* 5912
* 3695
+4 3695
cfi=(210) /usr/include/c++/11/bits/stl_iterator_base_funcs.h
cfn=(1392) std::iterator_traits<char*>::difference_type std::distance<char*>(char*, char*)
calls=739 -77 
* 22909
* 739
+2 2217
+8 2217
cob=(2)
cfi=(51)
cfn=(1358)
calls=739 0 
* 3695
* 4434
cob=(2)
cfi=(51)
cfn=(1398)
calls=739 0 
* 6666
+7 3695
cob=(2)
cfi=(51)
cfn=(1374)
calls=739 0 
* 5173
+1 5173

fn=(1348) void std::__cxx11::basic_string<char, std::char_traits<char>, std::allocator<char> >::_M_construct<char const*>(char const*, char const*, std::forward_iterator_tag)
206 44
+5 12
cfi=(209)
cfn=(1350) bool __gnu_cxx::__is_null_pointer<char const>(char const*)
calls=4 -59 
* 32
* 20
+4 20
cfi=(210)
cfn=(1352) std::iterator_traits<char const*>::difference_type std::distance<char const*>(char const*, char const*)
calls=4 -77 
* 124
* 4
+2 12
+2 6
cob=(2)
cfi=(51)
cfn=(3730)
calls=1 0 
* 73
* 5
cob=(2)
cfi=(51)
cfn=(3732)
calls=1 0 
* 5
+1 5
cob=(2)
cfi=(51)
cfn=(3736)
calls=1 0 
* 5
+5 12
cob=(2)
cfi=(51)
cfn=(1358)
calls=4 0 
* 20
* 24
cob=(2)
cfi=(51)
cfn=(1362)
calls=4 0 
* 1104
+7 20
cob=(2)
cfi=(51)
cfn=(1374)
calls=4 0 
* 28
+1 28

fn=(3362) void std::__cxx11::basic_string<char, std::char_traits<char>, std::allocator<char> >::_M_construct<__gnu_cxx::__normal_iterator<char const*, std::__cxx11::basic_string<char, std::char_traits<char>, std::allocator<char> > > >(__gnu_cxx::__normal_iterator<char const*, std::__cxx11::basic_string<char, std::char_traits<char>, std::allocator<char> > >, __gnu_cxx::__normal_iterator<char const*, std::__cxx11::basic_string<char, std::char_traits<char>, std::allocator<char> > >, std::forward_iterator_tag)
206 33
+5 9
cfi=(209)
cfn=(3364) bool __gnu_cxx::__is_null_pointer<__gnu_cxx::__normal_iterator<char const*, std::__cxx11::basic_string<char, std::char_traits<char>, std::allocator<char> > > >(__gnu_cxx::__normal_iterator<char const*, std::__cxx11::basic_string<char, std::char_traits<char>, std::allocator<char> > >)
calls=3 -54 
* 21
* 15
+4 15
cfi=(210)
cfn=(3366) std::iterator_traits<__gnu_cxx::__normal_iterator<char const*, std::__cxx11::basic_string<char, std::char_traits<char>, std::allocator<char> > > >::difference_type std::distance<__gnu_cxx::__normal_iterator<char const*, std::__cxx11::basic_string<char, std::char_traits<char>, std::allocator<char> > > >(__gnu_cxx::__normal_iterator<char const*, std::__cxx11::basic_string<char, std::char_traits<char>, std::allocator<char> > >, __gnu_cxx::__normal_iterator<char const*, std::__cxx11::basic_string<char, std::char_traits<char>, std::allocator<char> > >)
calls=3 -77 
* 207
* 3
+2 9
+8 9
cob=(2)
cfi=(51)
cfn=(1358)
calls=3 0 
* 15
* 18
cob=(2)
cfi=(51)
cfn=(3374)
calls=3 0 
* 87
+7 15
cob=(2)
cfi=(51)
cfn=(1374)
calls=3 0 
* 21
+1 21

fl=(254) /usr/include/c++/11/bits/vector.tcc
fn=(2106) std::__detail::_State<char>& std::vector<std::__detail::_State<char>, std::allocator<std::__detail::_State<char> > >::emplace_back<std::__detail::_State<char> >(std::__detail::_State<char>&&)
109 196
+3 168
+3 51
cfi=(240) /usr/include/c++/11/bits/move.h
cfn=(2108) std::__detail::_State<char>&& std::forward<std::__detail::_State<char> >(std::remove_reference<std::__detail::_State<char> >::type&)
calls=17 -38 
* 119
* 119
cfi=(244) /usr/include/c++/11/bits/alloc_traits.h
cfn=(2144) void std::allocator_traits<std::allocator<std::__detail::_State<char> > >::construct<std::__detail::_State<char>, std::__detail::_State<char> >(std::allocator<std::__detail::_State<char> >&, std::__detail::_State<char>*, std::__detail::_State<char>&&)
calls=17 511 
* 2280
+2 102
+4 33
cfi=(240)
cfn=(2108)
calls=11 -44 
* 77
* 44
cfi=(249) /usr/include/c++/11/bits/stl_vector.h
cfn=(2110) std::vector<std::__detail::_State<char>, std::allocator<std::__detail::_State<char> > >::end()
calls=11 829 
* 352
* 66
cfn=(2114) void std::vector<std::__detail::_State<char>, std::allocator<std::__detail::_State<char> > >::_M_realloc_insert<std::__detail::_State<char> >(__gnu_cxx::__normal_iterator<std::__detail::_State<char>*, std::vector<std::__detail::_State<char>, std::allocator<std::__detail::_State<char> > > >, std::__detail::_State<char>&&)
calls=11 426 
* 24947
+2 84
cfi=(249)
cfn=(2162) std::vector<std::__detail::_State<char>, std::allocator<std::__detail::_State<char> > >::back()
calls=28 1143 
* 2996
+2 84

fn=(2408) std::vector<char, std::allocator<char> >::_M_erase(__gnu_cxx::__normal_iterator<char*, std::vector<char, std::allocator<char> > >, __gnu_cxx::__normal_iterator<char*, std::vector<char, std::allocator<char> > >)
184 33
+3 15
cfi=(253) /usr/include/c++/11/bits/stl_iterator.h
cfn=(2380) bool __gnu_cxx::operator!=<char*, std::vector<char, std::allocator<char> > >(__gnu_cxx::__normal_iterator<char*, std::vector<char, std::allocator<char> > > const&, __gnu_cxx::__normal_iterator<char*, std::vector<char, std::allocator<char> > > const&)
calls=3 1179 
* 102
* 6
+6 3
+1 18

fn=(2040) void std::vector<unsigned long, std::allocator<unsigned long> >::_M_realloc_insert<unsigned long const&>(__gnu_cxx::__normal_iterator<unsigned long*, std::vector<unsigned long, std::allocator<unsigned long> > >, unsigned long const&)
426 44
+10 20
cfi=(249)
cfn=(2042) std::vector<unsigned long, std::allocator<unsigned long> >::_M_check_len(unsigned long, char const*) const
calls=4 1756 
* 1178
* 4
+1 12
+1 12
+1 12
cfi=(249)
cfn=(2060) std::vector<unsigned long, std::allocator<unsigned long> >::begin()
calls=4 811 
* 124
* 24
cfi=(253)
cfn=(2062) __gnu_cxx::__normal_iterator<unsigned long*, std::vector<unsigned long, std::allocator<unsigned long> > >::difference_type __gnu_cxx::operator-<unsigned long*, std::vector<unsigned long, std::allocator<unsigned long> > >(__gnu_cxx::__normal_iterator<unsigned long*, std::vector<unsigned long, std::allocator<unsigned long> > > const&, __gnu_cxx::__normal_iterator<unsigned long*, std::vector<unsigned long, std::allocator<unsigned long> > > const&)
calls=4 1268 
* 140
* 4
+1 20
cfi=(249)
cfn=(2066) std::_Vector_base<unsigned long, std::allocator<unsigned long> >::_M_allocate(unsigned long)
calls=4 -97 
* 790
* 4
+1 8
+8 12
cfi=(240)
cfn=(2072) unsigned long const& std::forward<unsigned long const&>(std::remove_reference<unsigned long const&>::type&)
calls=4 77 
* 28
* 4
+1 8
-1 24
cfi=(244)
cfn=(2074) void std::allocator_traits<std::allocator<unsigned long> >::construct<unsigned long, unsigned long const&>(std::allocator<unsigned long>&, unsigned long*, unsigned long const&)
calls=4 +62 
* 248
+7 4
+6 12
cfi=(249)
cfn=(2078) std::_Vector_base<unsigned long, std::allocator<unsigned long> >::_M_get_Tp_allocator()
calls=4 276 
* 28
* 4
-1 12
cfi=(253)
cfn=(2064) __gnu_cxx::__normal_iterator<unsigned long*, std::vector<unsigned long, std::allocator<unsigned long> > >::base() const
calls=4 1105 
* 28
* 24
cfi=(249)
cfn=(2080) std::vector<unsigned long, std::allocator<unsigned long> >::_S_relocate(unsigned long*, unsigned long*, unsigned long*, std::allocator<unsigned long>&)
calls=4 +4 
* 464
* 4
+3 4
+3 12
cfi=(249)
cfn=(2078)
calls=4 276 
* 28
* 4
-1 12
cfi=(253)
cfn=(2064)
calls=4 1105 
* 28
* 24
cfi=(249)
cfn=(2080)
calls=4 -1 
* 420
* 4
+34 4
+1 16
-1 16
cfi=(249)
cfn=(2090) std::_Vector_base<unsigned long, std::allocator<unsigned long> >::_M_deallocate(unsigned long*, unsigned long)
calls=4 350 
* 320
+2 12
+1 12
+1 24
+1 28

fn=(2114)
426 121
+10 55
cfi=(249)
cfn=(2116) std::vector<std::__detail::_State<char>, std::allocator<std::__detail::_State<char> > >::_M_check_len(unsigned long, char const*) const
calls=11 1756 
* 3368
* 11
+1 33
+1 33
+1 33
cfi=(249)
cfn=(2132) std::vector<std::__detail::_State<char>, std::allocator<std::__detail::_State<char> > >::begin()
calls=11 811 
* 341
* 66
cfi=(253)
cfn=(2134) __gnu_cxx::__normal_iterator<std::__detail::_State<char>*, std::vector<std::__detail::_State<char>, std::allocator<std::__detail::_State<char> > > >::difference_type __gnu_cxx::operator-<std::__detail::_State<char>*, std::vector<std::__detail::_State<char>, std::allocator<std::__detail::_State<char> > > >(__gnu_cxx::__normal_iterator<std::__detail::_State<char>*, std::vector<std::__detail::_State<char>, std::allocator<std::__detail::_State<char> > > > const&, __gnu_cxx::__normal_iterator<std::__detail::_State<char>*, std::vector<std::__detail::_State<char>, std::allocator<std::__detail::_State<char> > > > const&)
calls=11 1268 
* 418
* 11
+1 55
cfi=(249)
cfn=(2138) std::_Vector_base<std::__detail::_State<char>, std::allocator<std::__detail::_State<char> > >::_M_allocate(unsigned long)
calls=11 -97 
* 2470
* 11
+1 22
+8 33
cfi=(240)
cfn=(2108)
calls=11 77 
* 77
* 11
+1 66
-1 77
cfi=(244)
cfn=(2144)
calls=11 +62 
* 1144
+7 11
+6 33
cfi=(249)
cfn=(2148) std::_Vector_base<std::__detail::_State<char>, std::allocator<std::__detail::_State<char> > >::_M_get_Tp_allocator()
calls=11 276 
* 77
* 11
-1 33
cfi=(253)
cfn=(2136) __gnu_cxx::__normal_iterator<std::__detail::_State<char>*, std::vector<std::__detail::_State<char>, std::allocator<std::__detail::_State<char> > > >::base() const
calls=11 1105 
* 77
* 66
cfi=(249)
cfn=(2150) std::vector<std::__detail::_State<char>, std::allocator<std::__detail::_State<char> > >::_S_relocate(std::__detail::_State<char>*, std::__detail::_State<char>*, std::__detail::_State<char>*, std::allocator<std::__detail::_State<char> >&)
calls=11 +4 
* 12932
* 11
+3 11
+3 33
cfi=(249)
cfn=(2148)
calls=11 276 
* 77
* 11
-1 33
cfi=(253)
cfn=(2136)
calls=11 1105 
* 77
* 66
cfi=(249)
cfn=(2150)
calls=11 -1 
* 1144
* 11
+34 11
+1 77
-1 44
cfi=(249)
cfn=(2160) std::_Vector_base<std::__detail::_State<char>, std::allocator<std::__detail::_State<char> > >::_M_deallocate(std::__detail::_State<char>*, unsigned long)
calls=11 350 
* 1392
+2 33
+1 33
+1 110
+1 77

fn=(3008) std::vector<std::__cxx11::sub_match<__gnu_cxx::__normal_iterator<char const*, std::__cxx11::basic_string<char, std::char_traits<char>, std::allocator<char> > > >, std::allocator<std::__cxx11::sub_match<__gnu_cxx::__normal_iterator<char const*, std::__cxx11::basic_string<char, std::char_traits<char>, std::allocator<char> > > > > >::_M_fill_assign(unsigned long, std::__cxx11::sub_match<__gnu_cxx::__normal_iterator<char const*, std::__cxx11::basic_string<char, std::char_traits<char>, std::allocator<char> > > > const&)
257 22
+3 6
cfi=(249)
cfn=(3010) std::vector<std::__cxx11::sub_match<__gnu_cxx::__normal_iterator<char const*, std::__cxx11::basic_string<char, std::char_traits<char>, std::allocator<char> > > >, std::allocator<std::__cxx11::sub_match<__gnu_cxx::__normal_iterator<char const*, std::__cxx11::basic_string<char, std::char_traits<char>, std::allocator<char> > > > > >::capacity() const
calls=2 998 
* 32
* 8
+2 6
cfi=(249)
cfn=(3012) std::_Vector_base<std::__cxx11::sub_match<__gnu_cxx::__normal_iterator<char const*, std::__cxx11::basic_string<char, std::char_traits<char>, std::allocator<char> > > >, std::allocator<std::__cxx11::sub_match<__gnu_cxx::__normal_iterator<char const*, std::__cxx11::basic_string<char, std::char_traits<char>, std::allocator<char> > > > > >::_M_get_Tp_allocator()
calls=2 +14 
* 14
* 12
cfi=(249)
cfn=(3014) std::vector<std::__cxx11::sub_match<__gnu_cxx::__normal_iterator<char const*, std::__cxx11::basic_string<char, std::char_traits<char>, std::allocator<char> > > >, std::allocator<std::__cxx11::sub_match<__gnu_cxx::__normal_iterator<char const*, std::__cxx11::basic_string<char, std::char_traits<char>, std::allocator<char> > > > > >::vector(unsigned long, std::__cxx11::sub_match<__gnu_cxx::__normal_iterator<char const*, std::__cxx11::basic_string<char, std::char_traits<char>, std::allocator<char> > > > const&, std::allocator<std::__cxx11::sub_match<__gnu_cxx::__normal_iterator<char const*, std::__cxx11::basic_string<char, std::char_traits<char>, std::allocator<char> > > > > const&)
calls=2 522 
* 2339
+1 10
cfi=(249)
cfn=(3050) std::_Vector_base<std::__cxx11::sub_match<__gnu_cxx::__normal_iterator<char const*, std::__cxx11::basic_string<char, std::char_traits<char>, std::allocator<char> > > >, std::allocator<std::__cxx11::sub_match<__gnu_cxx::__normal_iterator<char const*, std::__cxx11::basic_string<char, std::char_traits<char>, std::allocator<char> > > > > >::_Vector_impl_data::_M_swap_data(std::_Vector_base<std::__cxx11::sub_match<__gnu_cxx::__normal_iterator<char const*, std::__cxx11::basic_string<char, std::char_traits<char>, std::allocator<char> > > >, std::allocator<std::__cxx11::sub_match<__gnu_cxx::__normal_iterator<char const*, std::__cxx11::basic_string<char, std::char_traits<char>, std::allocator<char> > > > > >::_Vector_impl_data&)
calls=2 117 
* 212
+1 6
cfi=(249)
cfn=(3054) std::vector<std::__cxx11::sub_match<__gnu_cxx::__normal_iterator<char const*, std::__cxx11::basic_string<char, std::char_traits<char>, std::allocator<char> > > >, std::allocator<std::__cxx11::sub_match<__gnu_cxx::__normal_iterator<char const*, std::__cxx11::basic_string<char, std::char_traits<char>, std::allocator<char> > > > > >::~vector()
calls=2 678 
* 270
+13 16

fn=(3146) std::vector<std::__cxx11::sub_match<__gnu_cxx::__normal_iterator<char const*, std::__cxx11::basic_string<char, std::char_traits<char>, std::allocator<char> > > >, std::allocator<std::__cxx11::sub_match<__gnu_cxx::__normal_iterator<char const*, std::__cxx11::basic_string<char, std::char_traits<char>, std::allocator<char> > > > > >::operator=(std::vector<std::__cxx11::sub_match<__gnu_cxx::__normal_iterator<char const*, std::__cxx11::basic_string<char, std::char_traits<char>, std::allocator<char> > > >, std::allocator<std::__cxx11::sub_match<__gnu_cxx::__normal_iterator<char const*, std::__cxx11::basic_string<char, std::char_traits<char>, std::allocator<char> > > > > > const&)
198 40
+3 12
+4 4
cfi=(271) /usr/include/c++/11/ext/alloc_traits.h
cfn=(3148) __gnu_cxx::__alloc_traits<std::allocator<std::__cxx11::sub_match<__gnu_cxx::__normal_iterator<char const*, std::__cxx11::basic_string<char, std::char_traits<char>, std::allocator<char> > > > >, std::__cxx11::sub_match<__gnu_cxx::__normal_iterator<char const*, std::__cxx11::basic_string<char, std::char_traits<char>, std::allocator<char> > > > >::_S_propagate_on_copy_assign()
calls=4 103 
* 24
* 8
+18 12
cfi=(249)
cfn=(3150) std::vector<std::__cxx11::sub_match<__gnu_cxx::__normal_iterator<char const*, std::__cxx11::basic_string<char, std::char_traits<char>, std::allocator<char> > > >, std::allocator<std::__cxx11::sub_match<__gnu_cxx::__normal_iterator<char const*, std::__cxx11::basic_string<char, std::char_traits<char>, std::allocator<char> > > > > >::size() const
calls=4 918 
* 64
* 4
+1 12
cfi=(249)
cfn=(3010)
calls=4 998 
* 64
* 16
+2 6
cfi=(249)
cfn=(3152) std::vector<std::__cxx11::sub_match<__gnu_cxx::__normal_iterator<char const*, std::__cxx11::basic_string<char, std::char_traits<char>, std::allocator<char> > > >, std::allocator<std::__cxx11::sub_match<__gnu_cxx::__normal_iterator<char const*, std::__cxx11::basic_string<char, std::char_traits<char>, std::allocator<char> > > > > >::end() const
calls=2 838 
* 64
* 8
cfi=(249)
cfn=(3156) std::vector<std::__cxx11::sub_match<__gnu_cxx::__normal_iterator<char const*, std::__cxx11::basic_string<char, std::char_traits<char>, std::allocator<char> > > >, std::allocator<std::__cxx11::sub_match<__gnu_cxx::__normal_iterator<char const*, std::__cxx11::basic_string<char, std::char_traits<char>, std::allocator<char> > > > > >::begin() const
calls=2 820 
* 62
* 12
cfi=(249)
cfn=(3158) std::__cxx11::sub_match<__gnu_cxx::__normal_iterator<char const*, std::__cxx11::basic_string<char, std::char_traits<char>, std::allocator<char> > > >* std::vector<std::__cxx11::sub_match<__gnu_cxx::__normal_iterator<char const*, std::__cxx11::basic_string<char, std::char_traits<char>, std::allocator<char> > > >, std::allocator<std::__cxx11::sub_match<__gnu_cxx::__normal_iterator<char const*, std::__cxx11::basic_string<char, std::char_traits<char>, std::allocator<char> > > > > >::_M_allocate_and_copy<__gnu_cxx::__normal_iterator<std::__cxx11::sub_match<__gnu_cxx::__normal_iterator<char const*, std::__cxx11::basic_string<char, std::char_traits<char>, std::allocator<char> > > > const*, std::vector<std::__cxx11::sub_match<__gnu_cxx::__normal_iterator<char const*, std::__cxx11::basic_string<char, std::char_traits<char>, std::allocator<char> > > >, std::allocator<std::__cxx11::sub_match<__gnu_cxx::__normal_iterator<char const*, std::__cxx11::basic_string<char, std::char_traits<char>, std::allocator<char> > > > > > > >(unsigned long, __gnu_cxx::__normal_iterator<std::__cxx11::sub_match<__gnu_cxx::__normal_iterator<char const*, std::__cxx11::basic_string<char, std::char_traits<char>, std::allocator<char> > > > const*, std::vector<std::__cxx11::sub_match<__gnu_cxx::__normal_iterator<char const*, std::__cxx11::basic_string<char, std::char_traits<char>, std::allocator<char> > > >, std::allocator<std::__cxx11::sub_match<__gnu_cxx::__normal_iterator<char const*, std::__cxx11::basic_string<char, std::char_traits<char>, std::allocator<char> > > > > > >, __gnu_cxx::__normal_iterator<std::__cxx11::sub_match<__gnu_cxx::__normal_iterator<char const*, std::__cxx11::basic_string<char, std::char_traits<char>, std::allocator<char> > > > const*, std::vector<std::__cxx11::sub_match<__gnu_cxx::__normal_iterator<char const*, std::__cxx11::basic_string<char, std::char_traits<char>, std::allocator<char> > > >, std::allocator<std::__cxx11::sub_match<__gnu_cxx::__normal_iterator<char const*, std::__cxx11::basic_string<char, std::char_traits<char>, std::allocator<char> > > > > > >)
calls=2 1508 
* 2163
* 2
+3 6
cfi=(249)
cfn=(3012)
calls=2 +47 
* 14
* 2
-1 14
cfi=(244)
cfn=(3056) void std::_Destroy<std::__cxx11::sub_match<__gnu_cxx::__normal_iterator<char const*, std::__cxx11::basic_string<char, std::char_traits<char>, std::allocator<char> > > >*, std::__cxx11::sub_match<__gnu_cxx::__normal_iterator<char const*, std::__cxx11::basic_string<char, std::char_traits<char>, std::allocator<char> > > > >(std::__cxx11::sub_match<__gnu_cxx::__normal_iterator<char const*, std::__cxx11::basic_string<char, std::char_traits<char>, std::allocator<char> > > >*, std::__cxx11::sub_match<__gnu_cxx::__normal_iterator<char const*, std::__cxx11::basic_string<char, std::char_traits<char>, std::allocator<char> > > >*, std::allocator<std::__cxx11::sub_match<__gnu_cxx::__normal_iterator<char const*, std::__cxx11::basic_string<char, std::char_traits<char>, std::allocator<char> > > > >&)
calls=2 845 
* 74
+2 2
+1 4
+1 16
-2 14
cfi=(249)
cfn=(3064) std::_Vector_base<std::__cxx11::sub_match<__gnu_cxx::__normal_iterator<char const*, std::__cxx11::basic_string<char, std::char_traits<char>, std::allocator<char> > > >, std::allocator<std::__cxx11::sub_match<__gnu_cxx::__normal_iterator<char const*, std::__cxx11::basic_string<char, std::char_traits<char>, std::allocator<char> > > > > >::_M_deallocate(std::__cxx11::sub_match<__gnu_cxx::__normal_iterator<char const*, std::__cxx11::basic_string<char, std::char_traits<char>, std::allocator<char> > > >*, unsigned long)
calls=2 350 
* 24
+3 6
+1 22
+2 6
cfi=(249)
cfn=(3150)
calls=2 918 
* 32
* 8
+3 6
cfi=(249)
cfn=(3012)
calls=2 +37 
* 14
* 2
-1 6
cfi=(249)
cfn=(3266) std::vector<std::__cxx11::sub_match<__gnu_cxx::__normal_iterator<char const*, std::__cxx11::basic_string<char, std::char_traits<char>, std::allocator<char> > > >, std::allocator<std::__cxx11::sub_match<__gnu_cxx::__normal_iterator<char const*, std::__cxx11::basic_string<char, std::char_traits<char>, std::allocator<char> > > > > >::end()
calls=2 829 
* 64
* 8
cfi=(249)
cfn=(3270) std::vector<std::__cxx11::sub_match<__gnu_cxx::__normal_iterator<char const*, std::__cxx11::basic_string<char, std::char_traits<char>, std::allocator<char> > > >, std::allocator<std::__cxx11::sub_match<__gnu_cxx::__normal_iterator<char const*, std::__cxx11::basic_string<char, std::char_traits<char>, std::allocator<char> > > > > >::begin()
calls=2 811 
* 62
* 8
cfi=(249)
cfn=(3152)
calls=2 838 
* 64
* 8
cfi=(249)
cfn=(3156)
calls=2 820 
* 62
* 8
cfi=(252) /usr/include/c++/11/bits/stl_algobase.h
cfn=(3272) __gnu_cxx::__normal_iterator<std::__cxx11::sub_match<__gnu_cxx::__normal_iterator<char const*, std::__cxx11::basic_string<char, std::char_traits<char>, std::allocator<char> > > >*, std::vector<std::__cxx11::sub_match<__gnu_cxx::__normal_iterator<char const*, std::__cxx11::basic_string<char, std::char_traits<char>, std::allocator<char> > > >, std::allocator<std::__cxx11::sub_match<__gnu_cxx::__normal_iterator<char const*, std::__cxx11::basic_string<char, std::char_traits<char>, std::allocator<char> > > > > > > std::copy<__gnu_cxx::__normal_iterator<std::__cxx11::sub_match<__gnu_cxx::__normal_iterator<char const*, std::__cxx11::basic_string<char, std::char_traits<char>, std::allocator<char> > > > const*, std::vector<std::__cxx11::sub_match<__gnu_cxx::__normal_iterator<char const*, std::__cxx11::basic_string<char, std::char_traits<char>, std::allocator<char> > > >, std::allocator<std::__cxx11::sub_match<__gnu_cxx::__normal_iterator<char const*, std::__cxx11::basic_string<char, std::char_traits<char>, std::allocator<char> > > > > > >, __gnu_cxx::__normal_iterator<std::__cxx11::sub_match<__gnu_cxx::__normal_iterator<char const*, std::__cxx11::basic_string<char, std::char_traits<char>, std::allocator<char> > > >*, std::vector<std::__cxx11::sub_match<__gnu_cxx::__normal_iterator<char const*, std::__cxx11::basic_string<char, std::char_traits<char>, std::allocator<char> > > >, std::allocator<std::__cxx11::sub_match<__gnu_cxx::__normal_iterator<char const*, std::__cxx11::basic_string<char, std::char_traits<char>, std::allocator<char> > > > > > > >(__gnu_cxx::__normal_iterator<std::__cxx11::sub_match<__gnu_cxx::__normal_iterator<char const*, std::__cxx11::basic_string<char, std::char_traits<char>, std::allocator<char> > > > const*, std::vector<std::__cxx11::sub_match<__gnu_cxx::__normal_iterator<char const*, std::__cxx11::basic_string<char, std::char_traits<char>, std::allocator<char> > > >, std::allocator<std::__cxx11::sub_match<__gnu_cxx::__normal_iterator<char const*, std::__cxx11::basic_string<char, std::char_traits<char>, std::allocator<char> > > > > > >, __gnu_cxx::__normal_iterator<std::__cxx11::sub_match<__gnu_cxx::__normal_iterator<char const*, std::__cxx11::basic_string<char, std::char_traits<char>, std::allocator<char> > > > const*, std::vector<std::__cxx11::sub_match<__gnu_cxx::__normal_iterator<char const*, std::__cxx11::basic_string<char, std::char_traits<char>, std::allocator<char> > > >, std::allocator<std::__cxx11::sub_match<__gnu_cxx::__normal_iterator<char const*, std::__cxx11::basic_string<char, std::char_traits<char>, std::allocator<char> > > > > > >, __gnu_cxx::__normal_iterator<std::__cxx11::sub_match<__gnu_cxx::__normal_iterator<char const*, std::__cxx11::basic_string<char, std::char_traits<char>, std::allocator<char> > > >*, std::vector<std::__cxx11::sub_match<__gnu_cxx::__normal_iterator<char const*, std::__cxx11::basic_string<char, std::char_traits<char>, std::allocator<char> > > >, std::allocator<std::__cxx11::sub_match<__gnu_cxx::__normal_iterator<char const*, std::__cxx11::basic_string<char, std::char_traits<char>, std::allocator<char> > > > > > >)
calls=2 611 
* 1000
* 8
cfi=(244)
cfn=(3298) void std::_Destroy<__gnu_cxx::__normal_iterator<std::__cxx11::sub_match<__gnu_cxx::__normal_iterator<char const*, std::__cxx11::basic_string<char, std::char_traits<char>, std::allocator<char> > > >*, std::vector<std::__cxx11::sub_match<__gnu_cxx::__normal_iterator<char const*, std::__cxx11::basic_string<char, std::char_traits<char>, std::allocator<char> > > >, std::allocator<std::__cxx11::sub_match<__gnu_cxx::__normal_iterator<char const*, std::__cxx11::basic_string<char, std::char_traits<char>, std::allocator<char> > > > > > >, std::__cxx11::sub_match<__gnu_cxx::__normal_iterator<char const*, std::__cxx11::basic_string<char, std::char_traits<char>, std::allocator<char> > > > >(__gnu_cxx::__normal_iterator<std::__cxx11::sub_match<__gnu_cxx::__normal_iterator<char const*, std::__cxx11::basic_string<char, std::char_traits<char>, std::allocator<char> > > >*, std::vector<std::__cxx11::sub_match<__gnu_cxx::__normal_iterator<char const*, std::__cxx11::basic_string<char, std::char_traits<char>, std::allocator<char> > > >, std::allocator<std::__cxx11::sub_match<__gnu_cxx::__normal_iterator<char const*, std::__cxx11::basic_string<char, std::char_traits<char>, std::allocator<char> > > > > > >, __gnu_cxx::__normal_iterator<std::__cxx11::sub_match<__gnu_cxx::__normal_iterator<char const*, std::__cxx11::basic_string<char, std::char_traits<char>, std::allocator<char> > > >*, std::vector<std::__cxx11::sub_match<__gnu_cxx::__normal_iterator<char const*, std::__cxx11::basic_string<char, std::char_traits<char>, std::allocator<char> > > >, std::allocator<std::__cxx11::sub_match<__gnu_cxx::__normal_iterator<char const*, std::__cxx11::basic_string<char, std::char_traits<char>, std::allocator<char> > > > > > >, std::allocator<std::__cxx11::sub_match<__gnu_cxx::__normal_iterator<char const*, std::__cxx11::basic_string<char, std::char_traits<char>, std::allocator<char> > > > >&)
calls=2 845 
* 74
* 2
+12 40
+2 4
+1 28

fl=(271)
fn=(3148)
103 12
+1 12

fl=(262) /usr/include/c++/11/bits/cpp_type_traits.h
fn=(2502) char const* std::__miter_base<char const*>(char const*)
560 5904
+1 4428

fn=(3274) __gnu_cxx::__normal_iterator<std::__cxx11::sub_match<__gnu_cxx::__normal_iterator<char const*, std::__cxx11::basic_string<char, std::char_traits<char>, std::allocator<char> > > > const*, std::vector<std::__cxx11::sub_match<__gnu_cxx::__normal_iterator<char const*, std::__cxx11::basic_string<char, std::char_traits<char>, std::allocator<char> > > >, std::allocator<std::__cxx11::sub_match<__gnu_cxx::__normal_iterator<char const*, std::__cxx11::basic_string<char, std::char_traits<char>, std::allocator<char> > > > > > > std::__miter_base<__gnu_cxx::__normal_iterator<std::__cxx11::sub_match<__gnu_cxx::__normal_iterator<char const*, std::__cxx11::basic_string<char, std::char_traits<char>, std::allocator<char> > > > const*, std::vector<std::__cxx11::sub_match<__gnu_cxx::__normal_iterator<char const*, std::__cxx11::basic_string<char, std::char_traits<char>, std::allocator<char> > > >, std::allocator<std::__cxx11::sub_match<__gnu_cxx::__normal_iterator<char const*, std::__cxx11::basic_string<char, std::char_traits<char>, std::allocator<char> > > > > > > >(__gnu_cxx::__normal_iterator<std::__cxx11::sub_match<__gnu_cxx::__normal_iterator<char const*, std::__cxx11::basic_string<char, std::char_traits<char>, std::allocator<char> > > > const*, std::vector<std::__cxx11::sub_match<__gnu_cxx::__normal_iterator<char const*, std::__cxx11::basic_string<char, std::char_traits<char>, std::allocator<char> > > >, std::allocator<std::__cxx11::sub_match<__gnu_cxx::__normal_iterator<char const*, std::__cxx11::basic_string<char, std::char_traits<char>, std::allocator<char> > > > > > >)
560 16
+1 12

fl=(205) /home/amir/dv1674/dv1674_a2/blur/ppm.hpp
fn=(1324) PPM::Reader::Reader()
21 8
cob=(2)
cfi=(51)
cfn=(1326)
calls=1 -21 
* 692
* 3

fn=(3802) PPM::Reader::~Reader()
21 8
cob=(2)
cfi=(51)
cfn=(3804)
calls=1 -21 
* 170
* 3

fl=(233) /usr/include/c++/11/bits/regex_compiler.tcc
fn=(2182) std::__detail::_Compiler<std::__cxx11::regex_traits<char> >::_M_match_token(std::__detail::_ScannerBase::_TokenT)
574 1182
+3 788
cfi=(237) /usr/include/c++/11/bits/regex_scanner.h
cfn=(2184) std::__detail::_Scanner<char>::_M_get_token() const
calls=197 225 
* 1576
* 788
+2 76
cfi=(237)
cfn=(2186) std::__detail::_Scanner<char>::_M_get_value[abi:cxx11]() const
calls=19 229 
* 152
* 114
cob=(2)
cfi=(51)
cfn=(2188)
calls=19 0 
* 2140
+1 76
cfi=(236) /usr/include/c++/11/bits/regex_scanner.tcc
cfn=(1832) std::__detail::_Scanner<char>::_M_advance()
calls=19 69 
* 4453
+1 38
+2 178
+1 394

fn=(2416) std::__detail::_BracketMatcher<std::__cxx11::regex_traits<char>, false, false>::_M_apply(char, std::integral_constant<bool, false>) const::{lambda()#1}::operator()() const
605 8448
+3 768
-3 1536
+3 3072
cfi=(234) /usr/include/c++/11/bits/regex_compiler.h
cfn=(2418) std::__detail::_RegexTranslator<std::__cxx11::regex_traits<char>, false, false>::_M_translate(char) const
calls=768 329 
* 6912
* 768
-3 1536
+2 1536
cfi=(249)
cfn=(2420) std::vector<char, std::allocator<char> >::end() const
calls=768 838 
* 24576
* 768
-2 1536
+2 1536
cfi=(249)
cfn=(2422) std::vector<char, std::allocator<char> >::begin() const
calls=768 820 
* 23808
* 4608
cfi=(260) /usr/include/c++/11/bits/stl_algo.h
cfn=(2424) bool std::binary_search<__gnu_cxx::__normal_iterator<char const*, std::vector<char, std::allocator<char> > >, char>(__gnu_cxx::__normal_iterator<char const*, std::vector<char, std::allocator<char> > >, __gnu_cxx::__normal_iterator<char const*, std::vector<char, std::allocator<char> > >, char const&)
calls=768 2242 
* 128256
* 1536
-2 1536
+5 768
-5 1536
+5 3072
cfi=(234)
cfn=(2438) std::__detail::_RegexTranslator<std::__cxx11::regex_traits<char>, false, false>::_M_transform(char) const
calls=768 333 
* 6912
* 768
-5 1536
+6 3840
cfi=(249)
cfn=(2440) std::vector<std::pair<char, char>, std::allocator<std::pair<char, char> > >::begin() const
calls=768 820 
* 23808
* 3072
cfi=(249)
cfn=(2444) std::vector<std::pair<char, char>, std::allocator<std::pair<char, char> > >::end() const
calls=768 838 
* 24576
* 5376
cfi=(253)
cfn=(2446) bool __gnu_cxx::operator!=<std::pair<char, char> const*, std::vector<std::pair<char, char>, std::allocator<std::pair<char, char> > > >(__gnu_cxx::__normal_iterator<std::pair<char, char> const*, std::vector<std::pair<char, char>, std::allocator<std::pair<char, char> > > > const&, __gnu_cxx::__normal_iterator<std::pair<char, char> const*, std::vector<std::pair<char, char>, std::allocator<std::pair<char, char> > > > const&)
calls=768 1179 
* 26112
* 1536
-6 1536
+9 768
-9 3072
+9 3840
cfi=(259) /usr/include/c++/11/bits/regex.tcc
cfn=(2450) std::__cxx11::regex_traits<char>::isctype(char, std::__cxx11::regex_traits<char>::_RegexMask) const
calls=768 324 
* 55176
* 1536
+1 60
-10 1476
+13 2214
cfi=(249)
cfn=(2452) std::vector<std::__cxx11::basic_string<char, std::char_traits<char>, std::allocator<char> >, std::allocator<std::__cxx11::basic_string<char, std::char_traits<char>, std::allocator<char> > > >::end() const
calls=738 838 
* 23616
* 738
-13 1476
+12 2214
-1 4428
cfi=(230) /usr/include/c++/11/bits/regex.h
cfn=(2456) std::__cxx11::basic_string<char, std::char_traits<char>, std::allocator<char> > std::__cxx11::regex_traits<char>::transform_primary<char const*>(char const*, char const*) const
calls=738 260 
* 1381570
-11 1476
+11 2214
cfi=(249)
cfn=(2452)
calls=738 838 
* 23616
* 738
-11 1476
+11 2214
cfi=(249)
cfn=(2594) std::vector<std::__cxx11::basic_string<char, std::char_traits<char>, std::allocator<char> >, std::allocator<std::__cxx11::basic_string<char, std::char_traits<char>, std::allocator<char> > > >::begin() const
calls=738 820 
* 22878
* 4428
cfi=(260)
cfn=(2596) __gnu_cxx::__normal_iterator<std::__cxx11::basic_string<char, std::char_traits<char>, std::allocator<char> > const*, std::vector<std::__cxx11::basic_string<char, std::char_traits<char>, std::allocator<char> >, std::allocator<std::__cxx11::basic_string<char, std::char_traits<char>, std::allocator<char> > > > > std::find<__gnu_cxx::__normal_iterator<std::__cxx11::basic_string<char, std::char_traits<char>, std::allocator<char> > const*, std::vector<std::__cxx11::basic_string<char, std::char_traits<char>, std::allocator<char> >, std::allocator<std::__cxx11::basic_string<char, std::char_traits<char>, std::allocator<char> > > > >, std::__cxx11::basic_string<char, std::char_traits<char>, std::allocator<char> > >(__gnu_cxx::__normal_iterator<std::__cxx11::basic_string<char, std::char_traits<char>, std::allocator<char> > const*, std::vector<std::__cxx11::basic_string<char, std::char_traits<char>, std::allocator<char> >, std::allocator<std::__cxx11::basic_string<char, std::char_traits<char>, std::allocator<char> > > > >, __gnu_cxx::__normal_iterator<std::__cxx11::basic_string<char, std::char_traits<char>, std::allocator<char> > const*, std::vector<std::__cxx11::basic_string<char, std::char_traits<char>, std::allocator<char> >, std::allocator<std::__cxx11::basic_string<char, std::char_traits<char>, std::allocator<char> > > > >, std::__cxx11::basic_string<char, std::char_traits<char>, std::allocator<char> > const&)
calls=738 3876 
* 129888
* 738
+2 3690
cfi=(253)
cfn=(2612) bool __gnu_cxx::operator!=<std::__cxx11::basic_string<char, std::char_traits<char>, std::allocator<char> > const*, std::vector<std::__cxx11::basic_string<char, std::char_traits<char>, std::allocator<char> >, std::allocator<std::__cxx11::basic_string<char, std::char_traits<char>, std::allocator<char> > > > >(__gnu_cxx::__normal_iterator<std::__cxx11::basic_string<char, std::char_traits<char>, std::allocator<char> > const*, std::vector<std::__cxx11::basic_string<char, std::char_traits<char>, std::allocator<char> >, std::allocator<std::__cxx11::basic_string<char, std::char_traits<char>, std::allocator<char> > > > > const&, __gnu_cxx::__normal_iterator<std::__cxx11::basic_string<char, std::char_traits<char>, std::allocator<char> > const*, std::vector<std::__cxx11::basic_string<char, std::char_traits<char>, std::allocator<char> >, std::allocator<std::__cxx11::basic_string<char, std::char_traits<char>, std::allocator<char> > > > > const&)
calls=738 1179 
* 25092
* 738
-2 2214
cob=(2)
cfi=(51)
cfn=(1712)
calls=738 0 
* 5904
* 1476
-11 1476
+15 3690
cfi=(249)
cfn=(2614) std::vector<std::__cxx11::regex_traits<char>::_RegexMask, std::allocator<std::__cxx11::regex_traits<char>::_RegexMask> >::begin() const
calls=738 820 
* 22878
* 2952
cfi=(249)
cfn=(2618) std::vector<std::__cxx11::regex_traits<char>::_RegexMask, std::allocator<std::__cxx11::regex_traits<char>::_RegexMask> >::end() const
calls=738 838 
* 23616
* 5166
cfi=(253)
cfn=(2620) bool __gnu_cxx::operator!=<std::__cxx11::regex_traits<char>::_RegexMask const*, std::vector<std::__cxx11::regex_traits<char>::_RegexMask, std::allocator<std::__cxx11::regex_traits<char>::_RegexMask> > >(__gnu_cxx::__normal_iterator<std::__cxx11::regex_traits<char>::_RegexMask const*, std::vector<std::__cxx11::regex_traits<char>::_RegexMask, std::allocator<std::__cxx11::regex_traits<char>::_RegexMask> > > const&, __gnu_cxx::__normal_iterator<std::__cxx11::regex_traits<char>::_RegexMask const*, std::vector<std::__cxx11::regex_traits<char>::_RegexMask, std::allocator<std::__cxx11::regex_traits<char>::_RegexMask> > > const&)
calls=738 1179 
* 25092
* 1476
+3 738
-18 4608

fn=(2178) std::__detail::_Compiler<std::__cxx11::regex_traits<char> >::_M_term()
128 50
+3 30
cfn=(2180) std::__detail::_Compiler<std::__cxx11::regex_traits<char> >::_M_assertion()
calls=10 +13 
* 8781
* 20
+1 8
+1 18
cfn=(2254) std::__detail::_Compiler<std::__cxx11::regex_traits<char> >::_M_atom()
calls=6 306 
* 2315702
* 12
+2 16
cfn=(2810) std::__detail::_Compiler<std::__cxx11::regex_traits<char> >::_M_quantifier()
calls=4 +41 
* 660
* 8
+2 8
+2 2
+1 20

fn=(2179) std::__detail::_Compiler<std::__cxx11::regex_traits<char> >::_M_term()'2
128 30
+3 18
cfn=(2180)
calls=6 +13 
* 864
* 12
+2 18
cfn=(2255) std::__detail::_Compiler<std::__cxx11::regex_traits<char> >::_M_atom()'2
calls=6 306 
* 2279809
* 12
+2 12
cfn=(2810)
calls=3 +41 
* 8383
* 9
cfn=(2810)
calls=3 +41 
* 495
* 12
+2 6
+2 3
+1 12

fn=(2254)
306 60
+3 24
cfn=(2182)
calls=6 574 
* 150
* 12
+7 18
cfn=(2256) std::__detail::_Compiler<std::__cxx11::regex_traits<char> >::_M_try_char()
calls=6 553 
* 864
* 12
+1 5
cfi=(235) /usr/include/c++/11/bits/regex_constants.h
cfn=(1812) std::regex_constants::operator&(std::regex_constants::syntax_option_type, std::regex_constants::syntax_option_type)
calls=1 202 
* 9
* 9
cfi=(235)
cfn=(1812)
calls=1 202 
* 9
* 7
cfn=(2852) void std::__detail::_Compiler<std::__cxx11::regex_traits<char> >::_M_insert_char_matcher<false, false>()
calls=1 +73 
* 1880
* 1
+1 20
cfn=(2182)
calls=5 574 
* 125
* 10
+3 20
cfn=(2182)
calls=5 574 
* 125
* 10
+2 20
cfn=(2182)
calls=5 574 
* 125
* 10
+10 20
cfn=(2182)
calls=5 574 
* 2707
* 10
+2 12
cfi=(232) /usr/include/c++/11/bits/shared_ptr_base.h
cfn=(2016) std::__shared_ptr_access<std::__detail::_NFA<std::__cxx11::regex_traits<char> >, (__gnu_cxx::_Lock_policy)2, false, false>::operator->() const
calls=3 984 
* 84
* 6
cfi=(248) /usr/include/c++/11/bits/regex_automaton.h
cfn=(2032) std::__detail::_NFA<std::__cxx11::regex_traits<char> >::_M_insert_subexpr_begin()
calls=3 -60 
* 10613
* 15
cfi=(232)
cfn=(2028) std::__shared_ptr_access<std::__detail::_NFA<std::__cxx11::regex_traits<char> >, (__gnu_cxx::_Lock_policy)2, false, false>::operator*() const
calls=3 977 
* 90
* 18
cfi=(248)
cfn=(2030) std::__detail::_StateSeq<std::__cxx11::regex_traits<char> >::_StateSeq(std::__detail::_NFA<std::__cxx11::regex_traits<char> >&, long)
calls=3 +25 
* 54
+1 9
cfn=(2175) std::__detail::_Compiler<std::__cxx11::regex_traits<char> >::_M_disjunction()'2
calls=3 88 
* 2294075
+1 12
cfn=(2182)
calls=3 574 
* 860
* 9
+3 15
cfi=(234)
cfn=(2240) std::__detail::_Compiler<std::__cxx11::regex_traits<char> >::_M_pop()
calls=3 171 
* 588
* 15
cfi=(248)
cfn=(2836) std::__detail::_StateSeq<std::__cxx11::regex_traits<char> >::_M_append(std::__detail::_StateSeq<std::__cxx11::regex_traits<char> > const&)
calls=3 +38 
* 123
+1 12
cfi=(232)
cfn=(2016)
calls=3 984 
* 84
* 6
cfi=(248)
cfn=(2838) std::__detail::_NFA<std::__cxx11::regex_traits<char> >::_M_insert_subexpr_end()
calls=3 -56 
* 2028
* 15
cfi=(248)
cfn=(2170) std::__detail::_StateSeq<std::__cxx11::regex_traits<char> >::_M_append(long)
calls=3 +29 
* 117
+1 18
cfi=(250) /usr/include/c++/11/bits/stl_stack.h
cfn=(2822) std::stack<std::__detail::_StateSeq<std::__cxx11::regex_traits<char> >, std::deque<std::__detail::_StateSeq<std::__cxx11::regex_traits<char> >, std::allocator<std::__detail::_StateSeq<std::__cxx11::regex_traits<char> > > > >::push(std::__detail::_StateSeq<std::__cxx11::regex_traits<char> > const&)
calls=3 239 
* 333
* 3
+2 6
cfn=(2832) std::__detail::_Compiler<std::__cxx11::regex_traits<char> >::_M_bracket_expression()
calls=2 +7 
* 158
* 6
+1 4
+1 4
+1 48

fn=(2255)
306 60
+3 24
cfn=(2182)
calls=6 574 
* 150
* 12
+7 18
cfn=(2256)
calls=6 553 
* 624
* 12
+2 24
cfn=(2182)
calls=6 574 
* 150
* 12
+3 24
cfn=(2182)
calls=6 574 
* 1014
* 12
+1 15
cfi=(235)
cfn=(1812)
calls=3 202 
* 27
* 27
cfi=(235)
cfn=(1812)
calls=3 202 
* 27
* 21
cfn=(2280) void std::__detail::_Compiler<std::__cxx11::regex_traits<char> >::_M_insert_character_class_matcher<false, false>()
calls=3 +80 
* 2277055
* 3
+1 12
cfn=(2182)
calls=3 574 
* 75
* 6
+10 12
cfn=(2182)
calls=3 574 
* 75
* 6
+11 9
cfn=(2832)
calls=3 +7 
* 237
* 9
+1 6
+1 3
+1 48

fn=(2280)
402 30
+3 6
+1 6
+1 21
cob=(2)
cfi=(51)
cfn=(1788)
calls=3 0 
* 18
* 18
cfi=(257) /usr/include/x86_64-linux-gnu/c++/11/bits/ctype_inline.h
cfn=(2282) std::ctype<char>::is(unsigned short, char) const
calls=3 44 
* 60
-1 18
cfi=(234)
cfn=(2284) std::__detail::_BracketMatcher<std::__cxx11::regex_traits<char>, false, false>::_BracketMatcher(bool, std::__cxx11::regex_traits<char> const&)
calls=3 +27 
* 1113
+2 21
cfi=(234)
cfn=(2340) std::__detail::_BracketMatcher<std::__cxx11::regex_traits<char>, false, false>::_M_add_character_class(std::__cxx11::basic_string<char, std::char_traits<char>, std::allocator<char> > const&, bool)
calls=3 +74 
* 1413
+1 9
cfi=(234)
cfn=(2366) std::__detail::_BracketMatcher<std::__cxx11::regex_traits<char>, false, false>::_M_ready()
calls=3 509 
* 2265160
+1 6
+1 6
-1 6
cfi=(232)
cfn=(2016)
calls=3 984 
* 84
* 3
+1 9
cfi=(240)
cfn=(2640) std::remove_reference<std::__detail::_BracketMatcher<std::__cxx11::regex_traits<char>, false, false>&>::type&& std::move<std::__detail::_BracketMatcher<std::__cxx11::regex_traits<char>, false, false>&>(std::__detail::_BracketMatcher<std::__cxx11::regex_traits<char>, false, false>&)
calls=3 104 
* 21
* 3
-1 12
cfi=(266) /usr/include/c++/11/bits/std_function.h
cfn=(2642) std::function<bool (char)>::function<std::__detail::_BracketMatcher<std::__cxx11::regex_traits<char>, false, false>, void>(std::__detail::_BracketMatcher<std::__cxx11::regex_traits<char>, false, false>&&)
calls=3 +25 
* 2472
* 12
cfi=(248)
cfn=(2712) std::__detail::_NFA<std::__cxx11::regex_traits<char> >::_M_insert_matcher(std::function<bool (char)>)
calls=3 267 
* 3858
* 15
cfi=(232)
cfn=(2028)
calls=3 977 
* 90
* 18
cfi=(248)
cfn=(2030)
calls=3 -50 
* 54
* 12
cfi=(250)
cfn=(2216) std::stack<std::__detail::_StateSeq<std::__cxx11::regex_traits<char> >, std::deque<std::__detail::_StateSeq<std::__cxx11::regex_traits<char> >, std::allocator<std::__detail::_StateSeq<std::__cxx11::regex_traits<char> > > > >::push(std::__detail::_StateSeq<std::__cxx11::regex_traits<char> >&&)
calls=3 244 
* 744
* 9
cfi=(266)
cfn=(2744) std::function<bool (char)>::~function()
calls=3 -76 
* 69
+2 9
cfi=(234)
cfn=(2748) std::__detail::_BracketMatcher<std::__cxx11::regex_traits<char>, false, false>::~_BracketMatcher()
calls=3 +11 
* 1626
* 24

fn=(2176) std::__detail::_Compiler<std::__cxx11::regex_traits<char> >::_M_alternative()
112 20
+3 6
cfn=(2178)
calls=2 +13 
* 6015
* 4
+2 10
cfi=(234)
cfn=(2240)
calls=2 +54 
* 392
+1 6
cfn=(2177) std::__detail::_Compiler<std::__cxx11::regex_traits<char> >::_M_alternative()'2
calls=2 -6 
* 2327531
+1 10
cfi=(234)
cfn=(2240)
calls=2 +52 
* 392
* 10
cfi=(248)
cfn=(2836)
calls=2 378 
* 82
+1 12
cfi=(250)
cfn=(2822)
calls=2 239 
* 222
+4 20

fn=(2177)
112 140
+3 42
cfn=(2179)
calls=6 +13 
* 2289695
cfn=(2178)
calls=8 +13 
* 2319320
* 28
+2 45
cfi=(234)
cfn=(2240)
calls=9 +54 
* 1764
+1 27
cfn=(2177)
calls=9 -6 
* 1567932
+1 45
cfi=(234)
cfn=(2240)
calls=9 +52 
* 1764
* 45
cfi=(248)
cfn=(2836)
calls=9 378 
* 369
+1 54
cfi=(250)
cfn=(2822)
calls=9 239 
* 999
+4 9
-1 30
cfi=(232)
cfn=(2016)
calls=5 984 
* 140
* 10
cfi=(248)
cfn=(2834) std::__detail::_NFA<std::__cxx11::regex_traits<char> >::_M_insert_dummy()
calls=5 322 
* 5237
* 25
cfi=(232)
cfn=(2028)
calls=5 977 
* 150
* 30
cfi=(248)
cfn=(2030)
calls=5 360 
* 90
* 20
cfi=(250)
cfn=(2216)
calls=5 244 
* 1240
+1 126

fn=(2812) std::__detail::_Compiler<std::__cxx11::regex_traits<char> >::_M_quantifier()::{lambda()#1}::operator()() const
180 21
+2 9
cfi=(250)
cfn=(2814) std::stack<std::__detail::_StateSeq<std::__cxx11::regex_traits<char> >, std::deque<std::__detail::_StateSeq<std::__cxx11::regex_traits<char> >, std::allocator<std::__detail::_StateSeq<std::__cxx11::regex_traits<char> > > > >::empty() const
calls=3 +17 
* 111
* 6
-2 6
+5 9
-5 6
+5 9
cfn=(2182)
calls=3 574 
* 75
* 9
-5 6
+5 3
-5 9

fn=(1806) std::__detail::_Compiler<std::__cxx11::regex_traits<char> >::_Compiler(char const*, char const*, std::locale const&, std::regex_constants::syntax_option_type)
65 26
+3 6
cfi=(234)
cfn=(1808) std::__detail::_Compiler<std::__cxx11::regex_traits<char> >::_S_validate(std::regex_constants::syntax_option_type)
calls=2 179 
* 222
* 4
+1 14
cob=(2)
cfi=(51)
cfn=(1814)
calls=2 -69 
* 18
* 18
cfi=(236)
cfn=(1818) std::__detail::_Scanner<char>::_Scanner(char const*, char const*, std::regex_constants::syntax_option_type, std::locale)
calls=2 -13 
* 1116
* 6
cob=(2)
cfi=(51)
cfn=(1842)
calls=2 -69 
* 20
+1 14
cfi=(231) /usr/include/c++/11/bits/shared_ptr.h
cfn=(1844) std::shared_ptr<std::__detail::_NFA<std::__cxx11::regex_traits<char> > > std::make_shared<std::__detail::_NFA<std::__cxx11::regex_traits<char> >, std::locale const&, std::regex_constants::syntax_option_type&>(std::locale const&, std::regex_constants::syntax_option_type&)
calls=2 875 
* 2914
+2 8
cob=(2)
cfi=(51)
cfn=(1722)
calls=2 -72 
* 16
* 8
cfi=(250)
cfn=(1960) std::stack<std::__detail::_StateSeq<std::__cxx11::regex_traits<char> >, std::deque<std::__detail::_StateSeq<std::__cxx11::regex_traits<char> >, std::allocator<std::__detail::_StateSeq<std::__cxx11::regex_traits<char> > > > >::stack<std::deque<std::__detail::_StateSeq<std::__cxx11::regex_traits<char> >, std::allocator<std::__detail::_StateSeq<std::__cxx11::regex_traits<char> > > >, void>()
calls=2 +90 
* 1760
-1 8
cfi=(232)
cfn=(2016)
calls=2 984 
* 56
* 6
+1 6
cob=(2)
cfi=(51)
cfn=(2022)
calls=2 -72 
* 46
* 4
+2 8
cfi=(232)
cfn=(2016)
calls=2 984 
* 56
* 4
cfi=(248)
cfn=(2026) std::__detail::_NFA_base::_M_start() const
calls=2 205 
* 16
* 10
cfi=(232)
cfn=(2028)
calls=2 977 
* 60
* 12
cfi=(248)
cfn=(2030)
calls=2 360 
* 36
+1 8
cfi=(232)
cfn=(2016)
calls=2 984 
* 56
* 4
cfi=(248)
cfn=(2032)
calls=2 275 
* 5128
* 10
cfi=(248)
cfn=(2170)
calls=2 370 
* 78
+1 6
cfn=(2174) std::__detail::_Compiler<std::__cxx11::regex_traits<char> >::_M_disjunction()
calls=2 +12 
* 2334840
+1 8
cfn=(2182)
calls=2 574 
* 238
* 6
+2 10
cfi=(234)
cfn=(2240)
calls=2 +92 
* 392
* 10
cfi=(248)
cfn=(2836)
calls=2 378 
* 82
+1 4
+1 8
cfi=(232)
cfn=(2016)
calls=2 984 
* 56
* 4
cfi=(248)
cfn=(2838)
calls=2 285 
* 1352
* 10
cfi=(248)
cfn=(2170)
calls=2 370 
* 78
+1 8
cfi=(232)
cfn=(2016)
calls=2 984 
* 56
* 4
cfi=(248)
cfn=(2868) std::__detail::_NFA<std::__cxx11::regex_traits<char> >::_M_insert_accept()
calls=2 236 
* 6394
* 10
cfi=(248)
cfn=(2170)
calls=2 370 
* 78
+1 8
cfi=(232)
cfn=(2016)
calls=2 984 
* 56
* 4
cfi=(267) /usr/include/c++/11/bits/regex_automaton.tcc
cfn=(2870) std::__detail::_NFA<std::__cxx11::regex_traits<char> >::_M_eliminate_dummy()
calls=2 +95 
* 4398
+1 14

fn=(2174)
88 20
+3 6
cfn=(2176)
calls=2 +21 
* 2334732
+1 10
cfn=(2182)
calls=2 574 
* 50
* 4
+16 18

fn=(2175)
88 30
+3 9
cfn=(2177)
calls=3 +21 
* 2293913
+1 15
cfn=(2182)
calls=3 574 
* 75
* 6
+16 27

fn=(2256)
553 72
+3 12
+1 48
cfn=(2182)
calls=12 +17 
* 300
* 24
+5 48
cfn=(2182)
calls=12 +12 
* 300
* 24
+5 48
cfn=(2182)
calls=12 +7 
* 539
* 24
+1 1
+1 1
+1 3
-1 11
+1 33

fn=(2810)
176 100
+3 50
cfi=(235)
cfn=(1812)
calls=10 +23 
* 90
* 30
+1 40
+7 40
cfn=(2182)
calls=10 574 
* 250
* 20
+10 40
cfn=(2182)
calls=10 574 
* 829
* 20
+2 9
cfn=(2812)
calls=3 -19 
* 279
+1 15
cfi=(234)
cfn=(2240)
calls=3 -29 
* 588
+1 12
cfi=(232)
cfn=(2016)
calls=3 984 
* 84
* 24
cfi=(248)
cfn=(2820) std::__detail::_NFA<std::__cxx11::regex_traits<char> >::_M_insert_repeat(long, long, bool)
calls=3 +54 
* 6001
* 15
cfi=(248)
cfn=(2170)
calls=3 370 
* 117
+2 18
cfi=(250)
cfn=(2822)
calls=3 +36 
* 333
* 3
+2 28
cfn=(2182)
calls=7 574 
* 175
* 14
+12 28
cfn=(2182)
calls=7 574 
* 175
* 14
+69 14
+1 3
+1 80

fn=(2852)
390 11
+3 2
+1 2
-1 2
cfi=(232)
cfn=(2016)
calls=1 984 
* 28
* 1
+2 2
+1 5
cob=(2)
cfi=(51)
cfn=(1788)
calls=1 0 
* 6
-1 7
cfi=(234)
cfn=(2854) std::__detail::_CharMatcher<std::__cxx11::regex_traits<char>, false, false>::_CharMatcher(char, std::__cxx11::regex_traits<char> const&)
calls=1 +14 
* 40
-2 5
cfi=(266)
cfn=(2856) std::function<bool (char)>::function<std::__detail::_CharMatcher<std::__cxx11::regex_traits<char>, false, false>, void>(std::__detail::_CharMatcher<std::__cxx11::regex_traits<char>, false, false>&&)
calls=1 +42 
* 132
* 4
cfi=(248)
cfn=(2712)
calls=1 267 
* 1286
* 5
cfi=(232)
cfn=(2028)
calls=1 977 
* 30
* 6
cfi=(248)
cfn=(2030)
calls=1 -33 
* 18
* 4
cfi=(250)
cfn=(2216)
calls=1 244 
* 248
* 3
cfi=(266)
cfn=(2744)
calls=1 -59 
* 23
+4 10

fn=(2414) std::__detail::_BracketMatcher<std::__cxx11::regex_traits<char>, false, false>::_M_apply(char, std::integral_constant<bool, false>) const
602 7680
+22 5376
cfn=(2416)
calls=768 -19 
* 2119840
* 3072
+1 3840

fn=(2180)
144 160
+3 64
cfn=(2182)
calls=16 574 
* 2005
* 32
+1 12
cfi=(232)
cfn=(2016)
calls=2 984 
* 56
* 4
cfi=(248)
cfn=(2198) std::__detail::_NFA<std::__cxx11::regex_traits<char> >::_M_insert_line_begin()
calls=2 297 
* 3586
* 10
cfi=(232)
cfn=(2028)
calls=2 977 
* 60
* 12
cfi=(248)
cfn=(2030)
calls=2 360 
* 36
* 8
cfi=(250)
cfn=(2216)
calls=2 +96 
* 496
* 2
+1 56
cfn=(2182)
calls=14 574 
* 538
* 28
+1 12
cfi=(232)
cfn=(2016)
calls=2 984 
* 56
* 4
cfi=(248)
cfn=(2866) std::__detail::_NFA<std::__cxx11::regex_traits<char> >::_M_insert_line_end()
calls=2 301 
* 884
* 10
cfi=(232)
cfn=(2028)
calls=2 977 
* 60
* 12
cfi=(248)
cfn=(2030)
calls=2 360 
* 36
* 8
cfi=(250)
cfn=(2216)
calls=2 +94 
* 496
* 2
+1 48
cfn=(2182)
calls=12 574 
* 300
* 24
+4 48
cfn=(2182)
calls=12 574 
* 300
* 24
+15 24
+1 4
+1 128

fn=(2832)
351 25
+4 20
cfn=(2182)
calls=5 574 
* 125
* 5
+1 40
cfn=(2182)
calls=5 574 
* 125
* 35
+1 10
+3 10

fl=(231)
fn=(1796) std::shared_ptr<std::__detail::_NFA<std::__cxx11::regex_traits<char> > const>::shared_ptr()
148 16
cfi=(232)
cfn=(1798) std::__shared_ptr<std::__detail::_NFA<std::__cxx11::regex_traits<char> > const, (__gnu_cxx::_Lock_policy)2>::__shared_ptr()
calls=2 1092 
* 46
* 6

fn=(1854) std::shared_ptr<std::__detail::_NFA<std::__cxx11::regex_traits<char> > > std::allocate_shared<std::__detail::_NFA<std::__cxx11::regex_traits<char> >, std::allocator<std::__detail::_NFA<std::__cxx11::regex_traits<char> > >, std::locale const&, std::regex_constants::syntax_option_type&>(std::allocator<std::__detail::_NFA<std::__cxx11::regex_traits<char> > > const&, std::locale const&, std::regex_constants::syntax_option_type&)
858 18
+5 6
cfi=(240)
cfn=(1846) std::regex_constants::syntax_option_type& std::forward<std::regex_constants::syntax_option_type&>(std::remove_reference<std::regex_constants::syntax_option_type&>::type&)
calls=2 77 
* 14
* 8
cfi=(240)
cfn=(1848) std::locale const& std::forward<std::locale const&>(std::remove_reference<std::locale const&>::type&)
calls=2 77 
* 14
* 12
cfn=(1856) std::shared_ptr<std::__detail::_NFA<std::__cxx11::regex_traits<char> > >::shared_ptr<std::allocator<std::__detail::_NFA<std::__cxx11::regex_traits<char> > >, std::locale const&, std::regex_constants::syntax_option_type&>(std::_Sp_alloc_shared_tag<std::allocator<std::__detail::_NFA<std::__cxx11::regex_traits<char> > > >, std::locale const&, std::regex_constants::syntax_option_type&)
calls=2 408 
* 2648
+1 8

fn=(1856)
408 20
+1 8
cfi=(240)
cfn=(1846)
calls=2 77 
* 14
* 8
cfi=(240)
cfn=(1848)
calls=2 77 
* 14
* 12
cfi=(232)
cfn=(1858) std::__shared_ptr<std::__detail::_NFA<std::__cxx11::regex_traits<char> >, (__gnu_cxx::_Lock_policy)2>::__shared_ptr<std::allocator<std::__detail::_NFA<std::__cxx11::regex_traits<char> > >, std::locale const&, std::regex_constants::syntax_option_type&>(std::_Sp_alloc_shared_tag<std::allocator<std::__detail::_NFA<std::__cxx11::regex_traits<char> > > >, std::locale const&, std::regex_constants::syntax_option_type&)
calls=2 1341 
* 2560
+1 12

fn=(2942) std::shared_ptr<std::__detail::_NFA<std::__cxx11::regex_traits<char> > >::~shared_ptr()
122 16
cfi=(232)
cfn=(2944) std::__shared_ptr<std::__detail::_NFA<std::__cxx11::regex_traits<char> >, (__gnu_cxx::_Lock_policy)2>::~__shared_ptr()
calls=2 1154 
* 48
* 6

fn=(2988) bool std::operator==<std::__detail::_NFA<std::__cxx11::regex_traits<char> > const>(std::shared_ptr<std::__detail::_NFA<std::__cxx11::regex_traits<char> > const> const&, decltype(nullptr))
443 12
+1 6
cfi=(232)
cfn=(2990) std::__shared_ptr<std::__detail::_NFA<std::__cxx11::regex_traits<char> > const, (__gnu_cxx::_Lock_policy)2>::operator bool() const
calls=2 1299 
* 20
* 6

fn=(1844)
875 24
+4 6
cfi=(240)
cfn=(1846)
calls=2 77 
* 14
* 8
cfi=(240)
cfn=(1848)
calls=2 77 
* 14
* 2
-1 6
cfi=(241) /usr/include/c++/11/bits/allocator.h
cfn=(1850) std::allocator<std::__detail::_NFA<std::__cxx11::regex_traits<char> > >::allocator()
calls=2 156 
* 36
+1 12
cfn=(1854)
calls=2 -21 
* 2728
* 2
-1 6
cfi=(241)
cfn=(1898) std::allocator<std::__detail::_NFA<std::__cxx11::regex_traits<char> > >::~allocator()
calls=2 174 
* 36
+1 2
+1 18

fn=(2882) std::shared_ptr<std::__detail::_NFA<std::__cxx11::regex_traits<char> > const>::shared_ptr<std::__detail::_NFA<std::__cxx11::regex_traits<char> >, void>(std::shared_ptr<std::__detail::_NFA<std::__cxx11::regex_traits<char> > >&&)
313 14
+1 8
cfi=(240)
cfn=(2880) std::remove_reference<std::shared_ptr<std::__detail::_NFA<std::__cxx11::regex_traits<char> > >&>::type&& std::move<std::shared_ptr<std::__detail::_NFA<std::__cxx11::regex_traits<char> > >&>(std::shared_ptr<std::__detail::_NFA<std::__cxx11::regex_traits<char> > >&)
calls=2 104 
* 14
* 6
cfi=(232)
cfn=(2884) std::__shared_ptr<std::__detail::_NFA<std::__cxx11::regex_traits<char> > const, (__gnu_cxx::_Lock_policy)2>::__shared_ptr<std::__detail::_NFA<std::__cxx11::regex_traits<char> >, void>(std::__shared_ptr<std::__detail::_NFA<std::__cxx11::regex_traits<char> >, (__gnu_cxx::_Lock_policy)2>&&)
calls=2 1169 
* 106
* 8

fn=(2888) std::shared_ptr<std::__detail::_NFA<std::__cxx11::regex_traits<char> > const>::operator=(std::shared_ptr<std::__detail::_NFA<std::__cxx11::regex_traits<char> > const>&&)
383 14
+2 8
cfi=(240)
cfn=(2890) std::remove_reference<std::shared_ptr<std::__detail::_NFA<std::__cxx11::regex_traits<char> > const>&>::type&& std::move<std::shared_ptr<std::__detail::_NFA<std::__cxx11::regex_traits<char> > const>&>(std::shared_ptr<std::__detail::_NFA<std::__cxx11::regex_traits<char> > const>&)
calls=2 104 
* 14
* 6
cfi=(232)
cfn=(2892) std::__shared_ptr<std::__detail::_NFA<std::__cxx11::regex_traits<char> > const, (__gnu_cxx::_Lock_policy)2>::operator=(std::__shared_ptr<std::__detail::_NFA<std::__cxx11::regex_traits<char> > const, (__gnu_cxx::_Lock_policy)2>&&)
calls=2 1248 
* 414
+1 2
+1 6

fn=(2908) std::shared_ptr<std::__detail::_NFA<std::__cxx11::regex_traits<char> > const>::~shared_ptr()
122 32
cfi=(232)
cfn=(2904) std::__shared_ptr<std::__detail::_NFA<std::__cxx11::regex_traits<char> > const, (__gnu_cxx::_Lock_policy)2>::~__shared_ptr()
calls=4 1154 
* 6220
* 12

fl=(238) /usr/include/c++/11/bits/locale_classes.tcc
fn=(1824) std::ctype<char> const& std::use_facet<std::ctype<char> const>(std::locale const&)
132 10
+2 6
cob=(2)
cfi=(51)
cfn=(1826)
calls=2 0 
* 16
* 2
+1 8
+1 24
+3 20
cob=(2)
cfi=(51)
cfn=(1828)
calls=2 0 
* 96
* 4
+4 4

fl=(236)
fn=(2260) std::__detail::_Scanner<char>::_M_eat_escape_ecma()
319 18
+3 18
+4 21
+1 24
cfi=(239) /usr/include/c++/11/bits/locale_facets.h
cfn=(1836) std::ctype<char>::narrow(char, char) const
calls=3 934 
* 93
* 12
cfi=(237)
cfn=(2262) std::__detail::_ScannerBase::_M_find_escape(char)
calls=3 115 
* 240
* 3
+2 6
+5 6
+5 6
+6 6
+7 6
+1 21
cob=(2)
cfi=(51)
cfn=(2264)
calls=3 0 
* 1342
* 3
+39 12

fn=(1834) std::__detail::_Scanner<char>::_M_scan_normal()
95 85
+3 119
+2 119
cfi=(239)
cfn=(1836)
calls=17 934 
* 545
* 102
cob=(2)
cfi=(51)
cfn=(1840)
calls=17 0 
* 391
* 68
+2 2
+1 7
cob=(2)
cfi=(51)
cfn=(2264)
calls=1 0 
* 57
+1 1
+2 32
+2 18
+5 9
cfi=(237)
cfn=(2258) std::__detail::_ScannerBase::_M_is_basic() const
calls=3 +16 
* 108
* 3
+1 12
-1 6
+5 42
cfn=(2260)
calls=3 319 
* 1837
+1 3
+4 26
+2 9
cfi=(237)
cfn=(1822) std::__detail::_ScannerBase::_M_is_ecma() const
calls=3 * 
* 69
* 30
+29 15
cfi=(235)
cfn=(1812)
calls=3 +48 
* 27
* 12
+3 9
+2 20
+1 9
+1 14
+12 14
+5 35
+10 28
+2 14
+1 49
cfi=(239)
cfn=(1836)
calls=7 934 
* 175
* 7
+1 7
+1 84
+2 28
+1 7
-4 98
+13 34

fn=(1832)
69 105
+3 126
+2 8
+1 4
+3 68
+1 51
cfn=(1834)
calls=17 +16 
* 4386
* 17
+9 42

fn=(1818)
56 20
+8 10
cfi=(237)
cfn=(1820) std::__detail::_ScannerBase::_ScannerBase(std::regex_constants::syntax_option_type)
calls=2 +27 
* 414
-4 12
+1 6
cfi=(238)
cfn=(1824)
calls=2 +71 
* 190
* 4
+3 8
cob=(2)
cfi=(51)
cfn=(1722)
calls=2 -64 
* 16
-2 6
cfi=(237)
cfn=(1822)
calls=2 +63 
* 46
* 16
+3 6
cfn=(1832)
calls=2 +4 
* 354
* 8

fl=(200) /home/amir/dv1674/dv1674_a2/blur/filters.cpp
fn=(1306) __static_initialization_and_destruction_0(int, int)
163 10
fi=(197) /usr/include/c++/11/iostream
-89 3
cob=(2)
cfi=(51)
cfn=(1292)
calls=1 -74 
* 27
* 7
cob=(2)
cfi=(51)
cfn=(1294)
calls=1 -74 
* 77
fe=(200)
+89 3

fn=(3600) Filter::Gauss::get_weights(int, double*)
26 7
+1 2
+2 128
+1 240
cob=(2)
cfi=(51)
cfn=(3602)
calls=16 -30 
* 872
* 32
-3 67
+5 5

fn=(3724) Filter::blur_vertical(void*)
87 48
+1 16
+1 24
+1 24
+1 24
+2 24
+1 32
+1 3052
+1 4642092
cfi=(198) /home/amir/dv1674/dv1674_a2/blur/matrix.cpp
cfn=(3580) Matrix::r(unsigned int, unsigned int)
calls=515788 +60 
* 9284184
* 7736820
cfi=(198)
cfn=(3582) Matrix::g(unsigned int, unsigned int)
calls=515788 +65 
* 9284184
* 7736820
cfi=(198)
cfn=(3584) Matrix::b(unsigned int, unsigned int)
calls=515788 +70 
* 9284184
* 4642092
+2 1031576
+1 54157740
+1 23210460
+1 15473640
+1 45934200
cfi=(198)
cfn=(3580)
calls=7655700 +54 
* 137802600
* 61245600
+1 45934200
cfi=(198)
cfn=(3582)
calls=7655700 +58 
* 137802600
* 61245600
+1 45934200
cfi=(198)
cfn=(3584)
calls=7655700 +62 
* 137802600
* 61245600
+1 22967100
+2 30622800
+1 22967100
cfi=(198)
cfn=(3596) Matrix::get_y_size() const
calls=7655700 +8 
* 61245600
-1 324480
+1 243360
cfi=(198)
cfn=(3596)
calls=81120 +8 
* 648960
* 38684100
+1 45934200
cfi=(198)
cfn=(3580)
calls=7655700 +47 
* 137802600
* 61245600
+1 45934200
cfi=(198)
cfn=(3582)
calls=7655700 +51 
* 137802600
* 61245600
+1 45934200
cfi=(198)
cfn=(3584)
calls=7655700 +55 
* 137802600
* 61245600
+1 22967100
-14 32494644
+17 5157880
cfi=(198)
cfn=(3580)
calls=515788 +41 
* 9284184
* 515788
+1 5157880
cfi=(198)
cfn=(3582)
calls=515788 +45 
* 9284184
* 515788
+1 5157880
cfi=(198)
cfn=(3584)
calls=515788 +49 
* 9284184
* 515788
-22 2581992
-1 3847
+27 8
+1 24

fn=(3592) Filter::blur(Matrix, int, int)
125 20
+37 2
-36 5
cfi=(198)
cfn=(3578) Matrix::Matrix(Matrix const&)
calls=1 -84 
* 86662347
+1 3
cfi=(198)
cfn=(3594) Matrix::get_x_size() const
calls=1 -16 
* 8
* 1
+1 3
cfi=(198)
cfn=(3596)
calls=1 -12 
* 8
* 1
+2 4
cfi=(198)
cfn=(3598) Matrix::Matrix(unsigned int)
calls=1 -98 
* 969
+2 1005
+1 5
cfn=(3600)
calls=1 26 
* 1353
+2 7
+1 44
+1 68
+2 2
+1 24
+1 72
cfi=(252)
cfn=(3612) int const& std::min<int>(int const&, int const&)
calls=8 +89 
* 119
* 16
+1 776
+1 144
cob=(2)
cfi=(51)
cfn=(3614)
calls=8 0 
* 10293
-4 35
+7 2
+1 56
cob=(2)
cfi=(51)
cfn=(3694)
calls=8 0 
* 3659
-1 35
+4 2
+1 24
+1 72
cfi=(252)
cfn=(3612)
calls=8 +78 
* 119
* 16
+1 776
+1 144
cob=(2)
cfi=(51)
cfn=(3614)
calls=8 0 
* 9950
-4 35
+7 2
+1 56
cob=(2)
cfi=(51)
cfn=(3694)
calls=8 0 
* 2813
-1 35
+4 1
+1 3
cfi=(198)
cfn=(3726) Matrix::~Matrix()
calls=1 -70 
* 288
* 1
-1 1
+1 12

fn=(3668) Filter::blur_horizontal(void*)
48 48
+1 16
+1 24
+1 24
+1 24
+2 24
+2 32
+1 3052
+1 4642092
cfi=(198)
cfn=(3580)
calls=515788 +98 
* 9284184
* 7736820
cfi=(198)
cfn=(3582)
calls=515788 161 
* 9284184
* 7736820
cfi=(198)
cfn=(3584)
calls=515788 166 
* 9284184
* 4642092
+2 1031576
+1 54157740
+1 23210460
+1 15473640
+1 45871560
cfi=(198)
cfn=(3580)
calls=7645260 +92 
* 137614680
* 61162080
+1 45871560
cfi=(198)
cfn=(3582)
calls=7645260 +96 
* 137614680
* 61162080
+1 45871560
cfi=(198)
cfn=(3584)
calls=7645260 166 
* 137614680
* 61162080
+1 22935780
+2 30581040
+1 22935780
cfi=(198)
cfn=(3594)
calls=7645260 +41 
* 61162080
-1 366240
+1 274680
cfi=(198)
cfn=(3594)
calls=91560 +41 
* 732480
* 38684100
+1 45871560
cfi=(198)
cfn=(3580)
calls=7645260 +85 
* 137614680
* 61162080
+1 45871560
cfi=(198)
cfn=(3582)
calls=7645260 +89 
* 137614680
* 61162080
+1 45871560
cfi=(198)
cfn=(3584)
calls=7645260 +93 
* 137614680
* 61162080
+1 22935780
-14 32494644
+17 5157880
cfi=(198)
cfn=(3580)
calls=515788 +79 
* 9284184
* 515788
+1 5157880
cfi=(198)
cfn=(3582)
calls=515788 +83 
* 9284184
* 515788
+1 5157880
cfi=(198)
cfn=(3584)
calls=515788 +87 
* 9284184
* 515788
-22 2581992
-1 3847
+27 8
+1 24

fn=(1304) _GLOBAL__sub_I__ZN6Filter5Gauss11get_weightsEiPd
163 6
cfn=(1306)
calls=1 * 
* 127
* 2

fl=(272) /usr/include/c++/11/bits/invoke.h
fn=(3218) bool std::__invoke_impl<bool, std::__detail::_BracketMatcher<std::__cxx11::regex_traits<char>, false, false>&, char>(std::__invoke_other, std::__detail::_BracketMatcher<std::__cxx11::regex_traits<char>, false, false>&, char&&)
60 70
+1 30
cfi=(240)
cfn=(3216) std::__detail::_BracketMatcher<std::__cxx11::regex_traits<char>, false, false>& std::forward<std::__detail::_BracketMatcher<std::__cxx11::regex_traits<char>, false, false>&>(std::remove_reference<std::__detail::_BracketMatcher<std::__cxx11::regex_traits<char>, false, false>&>::type&)
calls=10 +16 
* 70
* 40
cfi=(240)
cfn=(3204) char&& std::forward<char>(std::remove_reference<char>::type&)
calls=10 +16 
* 70
* 50
cfi=(234)
cfn=(3220) std::__detail::_BracketMatcher<std::__cxx11::regex_traits<char>, false, false>::operator()(char) const
calls=10 440 
* 1080
* 30

fn=(3214) std::enable_if<is_invocable_r_v<bool, std::__detail::_BracketMatcher<std::__cxx11::regex_traits<char>, false, false>&, char>, bool>::type std::__invoke_r<bool, std::__detail::_BracketMatcher<std::__cxx11::regex_traits<char>, false, false>&, char>(std::__detail::_BracketMatcher<std::__cxx11::regex_traits<char>, false, false>&, char&&)
104 70
+10 30
cfi=(240)
cfn=(3204)
calls=10 -37 
* 70
* 40
cfi=(240)
cfn=(3216)
calls=10 -37 
* 70
* 30
cfn=(3218)
calls=10 -54 
* 1440
+3 30

fn=(3256) bool std::__invoke_impl<bool, std::__detail::_CharMatcher<std::__cxx11::regex_traits<char>, false, false>&, char>(std::__invoke_other, std::__detail::_CharMatcher<std::__cxx11::regex_traits<char>, false, false>&, char&&)
60 7
+1 3
cfi=(240)
cfn=(3254) std::__detail::_CharMatcher<std::__cxx11::regex_traits<char>, false, false>& std::forward<std::__detail::_CharMatcher<std::__cxx11::regex_traits<char>, false, false>&>(std::remove_reference<std::__detail::_CharMatcher<std::__cxx11::regex_traits<char>, false, false>&>::type&)
calls=1 +16 
* 7
* 4
cfi=(240)
cfn=(3204)
calls=1 +16 
* 7
* 5
cfi=(234)
cfn=(3258) std::__detail::_CharMatcher<std::__cxx11::regex_traits<char>, false, false>::operator()(char) const
calls=1 414 
* 29
* 3

fn=(3252) std::enable_if<is_invocable_r_v<bool, std::__detail::_CharMatcher<std::__cxx11::regex_traits<char>, false, false>&, char>, bool>::type std::__invoke_r<bool, std::__detail::_CharMatcher<std::__cxx11::regex_traits<char>, false, false>&, char>(std::__detail::_CharMatcher<std::__cxx11::regex_traits<char>, false, false>&, char&&)
104 7
+10 3
cfi=(240)
cfn=(3204)
calls=1 -37 
* 7
* 4
cfi=(240)
cfn=(3254)
calls=1 -37 
* 7
* 3
cfn=(3256)
calls=1 -54 
* 65
+3 3

fl=(278) /usr/include/c++/11/utility
fn=(3500) unsigned int&& std::__pair_get<1ul>::__move_get<unsigned int, unsigned int>(std::pair<unsigned int, unsigned int>&&)
207 5
+1 4
cfi=(240)
cfn=(3496) unsigned int&& std::forward<unsigned int>(std::remove_reference<unsigned int>::type&)
calls=1 77 
* 7
* 2

fn=(3490) std::tuple_element<0ul, std::pair<unsigned int, unsigned int> >::type&& std::get<0ul, unsigned int, unsigned int>(std::pair<unsigned int, unsigned int>&&)
228 5
+1 3
cfi=(240)
cfn=(3492) std::remove_reference<std::pair<unsigned int, unsigned int>&>::type&& std::move<std::pair<unsigned int, unsigned int>&>(std::pair<unsigned int, unsigned int>&)
calls=1 104 
* 7
* 2
cfn=(3494) unsigned int&& std::__pair_get<0ul>::__move_get<unsigned int, unsigned int>(std::pair<unsigned int, unsigned int>&&)
calls=1 -46 
* 17
* 2

fn=(3494)
183 5
+1 3
cfi=(240)
cfn=(3496)
calls=1 77 
* 7
* 2

fn=(3498) std::tuple_element<1ul, std::pair<unsigned int, unsigned int> >::type&& std::get<1ul, unsigned int, unsigned int>(std::pair<unsigned int, unsigned int>&&)
228 5
+1 3
cfi=(240)
cfn=(3492)
calls=1 104 
* 7
* 2
cfn=(3500)
calls=1 -22 
* 18
* 2

fl=(221) /usr/include/c++/11/bits/streambuf_iterator.h
fn=(1512) std::istreambuf_iterator<char, std::char_traits<char> >::istreambuf_iterator()
114 5
+1 3
cfi=(207) /usr/include/c++/11/bits/char_traits.h
cfn=(1514) std::char_traits<char>::eof()
calls=1 467 
* 6
* 5

fn=(1506) std::ostreambuf_iterator<char, std::char_traits<char> >::ostreambuf_iterator(std::ostream&)
273 6
+1 9
cob=(2)
cfi=(51)
cfn=(1508)
calls=1 0 
* 5
* 11

fn=(1522) __gnu_cxx::__enable_if<std::__is_char<char>::__value, std::ostreambuf_iterator<char, std::char_traits<char> > >::__type std::copy<char>(std::istreambuf_iterator<char, std::char_traits<char> >, std::istreambuf_iterator<char, std::char_traits<char> >, std::ostreambuf_iterator<char, std::char_traits<char> >)
325 18
+4 10
+3 6
cob=(2)
cfi=(51)
cfn=(1524)
calls=1 0 
* 1355988
+1 4
+3 2
+1 5

fn=(1520) std::istreambuf_iterator<char, std::char_traits<char> >::istreambuf_iterator(std::basic_streambuf<char, std::char_traits<char> >*)
133 6
+1 4
cfi=(207)
cfn=(1514)
calls=1 467 
* 6
* 5

fl=(240)
fn=(2738) std::remove_reference<bool (*&)(std::_Any_data&, std::_Any_data const&, std::_Manager_operation)>::type&& std::move<bool (*&)(std::_Any_data&, std::_Any_data const&, std::_Manager_operation)>(bool (*&)(std::_Any_data&, std::_Any_data const&, std::_Manager_operation))
104 48
+1 36

fn=(2742) std::remove_reference<bool (*&)(std::_Any_data const&, char&&)>::type&& std::move<bool (*&)(std::_Any_data const&, char&&)>(bool (*&)(std::_Any_data const&, char&&))
104 48
+1 36

fn=(3048) std::__cxx11::sub_match<__gnu_cxx::__normal_iterator<char const*, std::__cxx11::basic_string<char, std::char_traits<char>, std::allocator<char> > > > const& std::forward<std::__cxx11::sub_match<__gnu_cxx::__normal_iterator<char const*, std::__cxx11::basic_string<char, std::char_traits<char>, std::allocator<char> > > > const&>(std::remove_reference<std::__cxx11::sub_match<__gnu_cxx::__normal_iterator<char const*, std::__cxx11::basic_string<char, std::char_traits<char>, std::allocator<char> > > > const&>::type&)
77 88
+1 66

fn=(3216)
77 80
+1 60

fn=(3492)
104 8
+1 6

fn=(2686) std::remove_reference<std::_Vector_base<std::pair<char, char>, std::allocator<std::pair<char, char> > >::_Vector_impl&>::type&& std::move<std::_Vector_base<std::pair<char, char>, std::allocator<std::pair<char, char> > >::_Vector_impl&>(std::_Vector_base<std::pair<char, char>, std::allocator<std::pair<char, char> > >::_Vector_impl&)
104 24
+1 18

fn=(2718) std::remove_reference<std::function<bool (char)>&>::type&& std::move<std::function<bool (char)>&>(std::function<bool (char)>&)
104 96
+1 72

fn=(2734) std::remove_reference<std::_Any_data&>::type&& std::move<std::_Any_data&>(std::_Any_data&)
104 48
+1 36

fn=(2890)
104 8
+1 6

fn=(2900) std::enable_if<std::__and_<std::__not_<std::__is_tuple_like<std::__detail::_NFA<std::__cxx11::regex_traits<char> > const*> >, std::is_move_constructible<std::__detail::_NFA<std::__cxx11::regex_traits<char> > const*>, std::is_move_assignable<std::__detail::_NFA<std::__cxx11::regex_traits<char> > const*> >::value, void>::type std::swap<std::__detail::_NFA<std::__cxx11::regex_traits<char> > const*>(std::__detail::_NFA<std::__cxx11::regex_traits<char> > const*&, std::__detail::_NFA<std::__cxx11::regex_traits<char> > const*&)
196 18
+8 6
cfn=(2902) std::remove_reference<std::__detail::_NFA<std::__cxx11::regex_traits<char> > const*&>::type&& std::move<std::__detail::_NFA<std::__cxx11::regex_traits<char> > const*&>(std::__detail::_NFA<std::__cxx11::regex_traits<char> > const*&)
calls=2 104 
* 14
* 4
+1 6
cfn=(2902)
calls=2 104 
* 14
* 6
+1 6
cfn=(2902)
calls=2 104 
* 14
* 6
+1 12

fn=(3128) std::pair<__gnu_cxx::__normal_iterator<char const*, std::__cxx11::basic_string<char, std::char_traits<char>, std::allocator<char> > >, int>* std::__addressof<std::pair<__gnu_cxx::__normal_iterator<char const*, std::__cxx11::basic_string<char, std::char_traits<char>, std::allocator<char> > >, int> >(std::pair<__gnu_cxx::__normal_iterator<char const*, std::__cxx11::basic_string<char, std::char_traits<char>, std::allocator<char> > >, int>&)
49 112
+1 84

fn=(2740) std::enable_if<std::__and_<std::__not_<std::__is_tuple_like<bool (*)(std::_Any_data const&, char&&)> >, std::is_move_constructible<bool (*)(std::_Any_data const&, char&&)>, std::is_move_assignable<bool (*)(std::_Any_data const&, char&&)> >::value, void>::type std::swap<bool (*)(std::_Any_data const&, char&&)>(bool (*&)(std::_Any_data const&, char&&), bool (*&)(std::_Any_data const&, char&&))
196 36
+8 12
cfn=(2742)
calls=4 104 
* 28
* 8
+1 12
cfn=(2742)
calls=4 104 
* 28
* 12
+1 12
cfn=(2742)
calls=4 104 
* 28
* 12
+1 24

fn=(2894) std::remove_reference<std::__shared_ptr<std::__detail::_NFA<std::__cxx11::regex_traits<char> > const, (__gnu_cxx::_Lock_policy)2>&>::type&& std::move<std::__shared_ptr<std::__detail::_NFA<std::__cxx11::regex_traits<char> > const, (__gnu_cxx::_Lock_policy)2>&>(std::__shared_ptr<std::__detail::_NFA<std::__cxx11::regex_traits<char> > const, (__gnu_cxx::_Lock_policy)2>&)
104 8
+1 6

fn=(3250) std::__detail::_CharMatcher<std::__cxx11::regex_traits<char>, false, false> const* std::__addressof<std::__detail::_CharMatcher<std::__cxx11::regex_traits<char>, false, false> const>(std::__detail::_CharMatcher<std::__cxx11::regex_traits<char>, false, false> const&)
49 4
+1 3

fn=(1944) std::enable_if<std::__and_<std::__not_<std::__is_tuple_like<std::locale> >, std::is_move_constructible<std::locale>, std::is_move_assignable<std::locale> >::value, void>::type std::swap<std::locale>(std::locale&, std::locale&)
196 18
+8 6
cfn=(1946) std::remove_reference<std::locale&>::type&& std::move<std::locale&>(std::locale&)
calls=2 104 
* 14
* 10
cob=(2)
cfi=(51)
cfn=(1814)
calls=2 0 
* 18
+1 6
cfn=(1946)
calls=2 104 
* 14
* 10
cob=(2)
cfi=(51)
cfn=(1948)
calls=2 0 
* 44
+1 6
cfn=(1946)
calls=2 104 
* 14
* 10
cob=(2)
cfi=(51)
cfn=(1948)
calls=2 0 
* 44
+1 6
cob=(2)
cfi=(51)
cfn=(1842)
calls=2 0 
* 20
* 10

fn=(2098) std::remove_reference<std::__detail::_State<char>&>::type&& std::move<std::__detail::_State<char>&>(std::__detail::_State<char>&)
104 476
+1 357

fn=(2224) std::__detail::_StateSeq<std::__cxx11::regex_traits<char> >&& std::forward<std::__detail::_StateSeq<std::__cxx11::regex_traits<char> > >(std::remove_reference<std::__detail::_StateSeq<std::__cxx11::regex_traits<char> > >::type&)
77 156
+1 117

fn=(2732) std::enable_if<std::__and_<std::__not_<std::__is_tuple_like<std::_Any_data> >, std::is_move_constructible<std::_Any_data>, std::is_move_assignable<std::_Any_data> >::value, void>::type std::swap<std::_Any_data>(std::_Any_data&, std::_Any_data&)
196 36
+8 12
cfn=(2734)
calls=4 104 
* 28
* 16
+1 12
cfn=(2734)
calls=4 104 
* 28
* 20
+1 12
cfn=(2734)
calls=4 104 
* 28
* 20
+1 24

fn=(3496)
77 8
+1 6

fn=(2200) std::__detail::_State<char>* std::__addressof<std::__detail::_State<char> >(std::__detail::_State<char>&)
49 664
+1 498

fn=(2648) std::__detail::_BracketMatcher<std::__cxx11::regex_traits<char>, false, false>&& std::forward<std::__detail::_BracketMatcher<std::__cxx11::regex_traits<char>, false, false> >(std::remove_reference<std::__detail::_BracketMatcher<std::__cxx11::regex_traits<char>, false, false> >::type&)
77 36
+1 27

fn=(2736) std::enable_if<std::__and_<std::__not_<std::__is_tuple_like<bool (*)(std::_Any_data&, std::_Any_data const&, std::_Manager_operation)> >, std::is_move_constructible<bool (*)(std::_Any_data&, std::_Any_data const&, std::_Manager_operation)>, std::is_move_assignable<bool (*)(std::_Any_data&, std::_Any_data const&, std::_Manager_operation)> >::value, void>::type std::swap<bool (*)(std::_Any_data&, std::_Any_data const&, std::_Manager_operation)>(bool (*&)(std::_Any_data&, std::_Any_data const&, std::_Manager_operation), bool (*&)(std::_Any_data&, std::_Any_data const&, std::_Manager_operation))
196 36
+8 12
cfn=(2738)
calls=4 104 
* 28
* 8
+1 12
cfn=(2738)
calls=4 104 
* 28
* 12
+1 12
cfn=(2738)
calls=4 104 
* 28
* 12
+1 24

fn=(2828) std::__detail::_StateSeq<std::__cxx11::regex_traits<char> > const& std::forward<std::__detail::_StateSeq<std::__cxx11::regex_traits<char> > const&>(std::remove_reference<std::__detail::_StateSeq<std::__cxx11::regex_traits<char> > const&>::type&)
77 136
+1 102

fn=(2902)
104 24
+1 18

fn=(3044) std::__cxx11::sub_match<__gnu_cxx::__normal_iterator<char const*, std::__cxx11::basic_string<char, std::char_traits<char>, std::allocator<char> > > >* std::__addressof<std::__cxx11::sub_match<__gnu_cxx::__normal_iterator<char const*, std::__cxx11::basic_string<char, std::char_traits<char>, std::allocator<char> > > > >(std::__cxx11::sub_match<__gnu_cxx::__normal_iterator<char const*, std::__cxx11::basic_string<char, std::char_traits<char>, std::allocator<char> > > >&)
49 88
+1 66

fn=(3254)
77 8
+1 6

fn=(2672) std::remove_reference<std::_Vector_base<std::__cxx11::basic_string<char, std::char_traits<char>, std::allocator<char> >, std::allocator<std::__cxx11::basic_string<char, std::char_traits<char>, std::allocator<char> > > >::_Vector_impl&>::type&& std::move<std::_Vector_base<std::__cxx11::basic_string<char, std::char_traits<char>, std::allocator<char> >, std::allocator<std::__cxx11::basic_string<char, std::char_traits<char>, std::allocator<char> > > >::_Vector_impl&>(std::_Vector_base<std::__cxx11::basic_string<char, std::char_traits<char>, std::allocator<char> >, std::allocator<std::__cxx11::basic_string<char, std::char_traits<char>, std::allocator<char> > > >::_Vector_impl&)
104 24
+1 18

fn=(3402) unsigned long&& std::forward<unsigned long>(std::remove_reference<unsigned long>::type&)
77 8
+1 6

fn=(1946)
104 24
+1 18

fn=(2700) std::remove_reference<std::_Vector_base<std::__cxx11::regex_traits<char>::_RegexMask, std::allocator<std::__cxx11::regex_traits<char>::_RegexMask> >::_Vector_impl&>::type&& std::move<std::_Vector_base<std::__cxx11::regex_traits<char>::_RegexMask, std::allocator<std::__cxx11::regex_traits<char>::_RegexMask> >::_Vector_impl&>(std::_Vector_base<std::__cxx11::regex_traits<char>::_RegexMask, std::allocator<std::__cxx11::regex_traits<char>::_RegexMask> >::_Vector_impl&)
104 24
+1 18

fn=(2860) std::__detail::_CharMatcher<std::__cxx11::regex_traits<char>, false, false>&& std::forward<std::__detail::_CharMatcher<std::__cxx11::regex_traits<char>, false, false> >(std::remove_reference<std::__detail::_CharMatcher<std::__cxx11::regex_traits<char>, false, false> >::type&)
77 12
+1 9

fn=(2880)
104 16
+1 12

fn=(3522) unsigned char*&& std::forward<unsigned char*>(std::remove_reference<unsigned char*>::type&)
77 60
+1 45

fn=(1846)
77 64
+1 48

fn=(1848)
77 64
+1 48

fn=(1878) std::allocator<std::_Sp_counted_ptr_inplace<std::__detail::_NFA<std::__cxx11::regex_traits<char> >, std::allocator<std::__detail::_NFA<std::__cxx11::regex_traits<char> > >, (__gnu_cxx::_Lock_policy)2> >* std::__addressof<std::allocator<std::_Sp_counted_ptr_inplace<std::__detail::_NFA<std::__cxx11::regex_traits<char> >, std::allocator<std::__detail::_NFA<std::__cxx11::regex_traits<char> > >, (__gnu_cxx::_Lock_policy)2> > >(std::allocator<std::_Sp_counted_ptr_inplace<std::__detail::_NFA<std::__cxx11::regex_traits<char> >, std::allocator<std::__detail::_NFA<std::__cxx11::regex_traits<char> > >, (__gnu_cxx::_Lock_policy)2> >&)
49 16
+1 12

fn=(2108)
77 748
+1 561

fn=(2218) std::remove_reference<std::__detail::_StateSeq<std::__cxx11::regex_traits<char> >&>::type&& std::move<std::__detail::_StateSeq<std::__cxx11::regex_traits<char> >&>(std::__detail::_StateSeq<std::__cxx11::regex_traits<char> >&)
104 104
+1 78

fn=(3204)
77 176
+1 132

fn=(2072)
77 56
+1 42

fn=(2640)
104 12
+1 9

fn=(2662) std::remove_reference<std::_Vector_base<char, std::allocator<char> >::_Vector_impl&>::type&& std::move<std::_Vector_base<char, std::allocator<char> >::_Vector_impl&>(std::_Vector_base<char, std::allocator<char> >::_Vector_impl&)
104 24
+1 18

fl=(279) /usr/include/c++/11/tuple
fn=(3524) std::_Tuple_impl<0ul, unsigned char*, unsigned char*, unsigned char*>::_Tuple_impl<unsigned char*, unsigned char*, unsigned char*, void>(unsigned char*&&, unsigned char*&&, unsigned char*&&)
290 10
+2 4
cfi=(240)
cfn=(3522)
calls=1 77 
* 7
* 4
cfi=(240)
cfn=(3522)
calls=1 77 
* 7
* 4
cfn=(3526) std::_Tuple_impl<1ul, unsigned char*, unsigned char*>::_Tuple_impl<unsigned char*, unsigned char*, void>(unsigned char*&&, unsigned char*&&)
calls=1 -2 
* 110
* 5
cfi=(240)
cfn=(3522)
calls=1 77 
* 7
* 3
cfn=(3534) std::_Head_base<0ul, unsigned char*, false>::_Head_base<unsigned char*>(unsigned char*&&)
calls=1 -93 
* 22
+1 6

fn=(3540) std::_Tuple_impl<0ul, unsigned char*, unsigned char*, unsigned char*>::_M_head(std::_Tuple_impl<0ul, unsigned char*, unsigned char*, unsigned char*>&)
268 9
cfn=(3542) std::_Head_base<0ul, unsigned char*, false>::_M_head(std::_Head_base<0ul, unsigned char*, false>&)
calls=1 -35 
* 7
* 2

fn=(3542)
233 7

fn=(3546) unsigned char*& std::__get_helper<1ul, unsigned char*, unsigned char*>(std::_Tuple_impl<1ul, unsigned char*, unsigned char*>&)
1377 5
+1 3
cfn=(3548) std::_Tuple_impl<1ul, unsigned char*, unsigned char*>::_M_head(std::_Tuple_impl<1ul, unsigned char*, unsigned char*>&)
calls=1 268 
* 18
* 2

fn=(3552) std::tuple_element<2ul, std::tuple<unsigned char*, unsigned char*, unsigned char*> >::type&& std::get<2ul, unsigned char*, unsigned char*, unsigned char*>(std::tuple<unsigned char*, unsigned char*, unsigned char*>&&)
1405 5
+3 3
cfn=(3554) unsigned char*& std::__get_helper<2ul, unsigned char*>(std::_Tuple_impl<2ul, unsigned char*>&)
calls=1 -31 
* 27
* 2
cfi=(240)
cfn=(3522)
calls=1 77 
* 7
+1 2

fn=(3556) std::_Tuple_impl<2ul, unsigned char*>::_M_head(std::_Tuple_impl<2ul, unsigned char*>&)
424 8
cfn=(3558) std::_Head_base<2ul, unsigned char*, false>::_M_head(std::_Head_base<2ul, unsigned char*, false>&)
calls=1 233 
* 7
* 2

fn=(3530) std::_Head_base<2ul, unsigned char*, false>::_Head_base<unsigned char*>(unsigned char*&&)
199 6
+1 3
cfi=(240)
cfn=(3522)
calls=1 77 
* 7
* 6

fn=(3528) std::_Tuple_impl<2ul, unsigned char*>::_Tuple_impl<unsigned char*>(unsigned char*&&)
440 7
+1 4
cfi=(240)
cfn=(3522)
calls=1 77 
* 7
* 3
cfn=(3530)
calls=1 199 
* 22
+1 4

fn=(3544) std::tuple_element<1ul, std::tuple<unsigned char*, unsigned char*, unsigned char*> >::type&& std::get<1ul, unsigned char*, unsigned char*, unsigned char*>(std::tuple<unsigned char*, unsigned char*, unsigned char*>&&)
1405 5
+3 3
cfn=(3546)
calls=1 -31 
* 28
* 2
cfi=(240)
cfn=(3522)
calls=1 77 
* 7
+1 2

fn=(3558)
233 7

fn=(3534)
199 6
+1 3
cfi=(240)
cfn=(3522)
calls=1 77 
* 7
* 6

fn=(3538) unsigned char*& std::__get_helper<0ul, unsigned char*, unsigned char*, unsigned char*>(std::_Tuple_impl<0ul, unsigned char*, unsigned char*, unsigned char*>&)
1377 5
+1 3
cfn=(3540)
calls=1 268 
* 18
* 2

fn=(3520) std::tuple<unsigned char*, unsigned char*, unsigned char*>::tuple<unsigned char*, unsigned char*, unsigned char*, true, true>(unsigned char*&&, unsigned char*&&, unsigned char*&&)
742 11
+2 4
cfi=(240)
cfn=(3522)
calls=1 77 
* 7
* 4
cfi=(240)
cfn=(3522)
calls=1 77 
* 7
* 4
cfi=(240)
cfn=(3522)
calls=1 77 
* 7
* 5
cfn=(3524)
calls=1 290 
* 189
* 7

fn=(3548)
268 9
cfn=(3550) std::_Head_base<1ul, unsigned char*, false>::_M_head(std::_Head_base<1ul, unsigned char*, false>&)
calls=1 -35 
* 7
* 2

fn=(3526)
290 8
+2 4
cfi=(240)
cfn=(3522)
calls=1 77 
* 7
* 3
cfn=(3528)
calls=1 440 
* 47
* 5
cfi=(240)
cfn=(3522)
calls=1 77 
* 7
* 3
cfn=(3532) std::_Head_base<1ul, unsigned char*, false>::_Head_base<unsigned char*>(unsigned char*&&)
calls=1 -93 
* 22
+1 4

fn=(3536) std::tuple_element<0ul, std::tuple<unsigned char*, unsigned char*, unsigned char*> >::type&& std::get<0ul, unsigned char*, unsigned char*, unsigned char*>(std::tuple<unsigned char*, unsigned char*, unsigned char*>&&)
1405 5
+3 3
cfn=(3538)
calls=1 -31 
* 28
* 2
cfi=(240)
cfn=(3522)
calls=1 77 
* 7
+1 2

fn=(3532)
199 6
+1 3
cfi=(240)
cfn=(3522)
calls=1 77 
* 7
* 6

fn=(3550)
233 7

fn=(3554)
1377 5
+1 3
cfn=(3556)
calls=1 424 
* 17
* 2

fl=(239)
fn=(1836)
934 300
+2 210
+1 132
+1 80
cob=(7)
cfi=(170)
cfn=(1838)
calls=8 0 
* 24
* 8
+1 24
+1 42
+1 7
+1 14
-1 1
+1 46

fn=(2352) std::ctype<char>::tolower(char) const
838 21
+1 27
cob=(7)
cfi=(170)
cfn=(2354)
calls=3 0 
* 15
* 6

fn=(2524) std::ctype<char>::tolower(char*, char const*) const
855 5166
+1 7380
cob=(7)
cfi=(170)
cfn=(2526)
calls=738 0 
* 9594
* 1476

fl=(255) /usr/include/c++/11/bits/stl_uninitialized.h
fn=(3038) std::__cxx11::sub_match<__gnu_cxx::__normal_iterator<char const*, std::__cxx11::basic_string<char, std::char_traits<char>, std::allocator<char> > > >* std::__uninitialized_fill_n_a<std::__cxx11::sub_match<__gnu_cxx::__normal_iterator<char const*, std::__cxx11::basic_string<char, std::char_traits<char>, std::allocator<char> > > >*, unsigned long, std::__cxx11::sub_match<__gnu_cxx::__normal_iterator<char const*, std::__cxx11::basic_string<char, std::char_traits<char>, std::allocator<char> > > >, std::__cxx11::sub_match<__gnu_cxx::__normal_iterator<char const*, std::__cxx11::basic_string<char, std::char_traits<char>, std::allocator<char> > > > >(std::__cxx11::sub_match<__gnu_cxx::__normal_iterator<char const*, std::__cxx11::basic_string<char, std::char_traits<char>, std::allocator<char> > > >*, unsigned long, std::__cxx11::sub_match<__gnu_cxx::__normal_iterator<char const*, std::__cxx11::basic_string<char, std::char_traits<char>, std::allocator<char> > > > const&, std::allocator<std::__cxx11::sub_match<__gnu_cxx::__normal_iterator<char const*, std::__cxx11::basic_string<char, std::char_traits<char>, std::allocator<char> > > > >&)
408 16
+2 12
cfn=(3040) std::__cxx11::sub_match<__gnu_cxx::__normal_iterator<char const*, std::__cxx11::basic_string<char, std::char_traits<char>, std::allocator<char> > > >* std::uninitialized_fill_n<std::__cxx11::sub_match<__gnu_cxx::__normal_iterator<char const*, std::__cxx11::basic_string<char, std::char_traits<char>, std::allocator<char> > > >*, unsigned long, std::__cxx11::sub_match<__gnu_cxx::__normal_iterator<char const*, std::__cxx11::basic_string<char, std::char_traits<char>, std::allocator<char> > > > >(std::__cxx11::sub_match<__gnu_cxx::__normal_iterator<char const*, std::__cxx11::basic_string<char, std::char_traits<char>, std::allocator<char> > > >*, unsigned long, std::__cxx11::sub_match<__gnu_cxx::__normal_iterator<char const*, std::__cxx11::basic_string<char, std::char_traits<char>, std::allocator<char> > > > const&)
calls=2 273 
* 722
* 4

fn=(3122) std::pair<__gnu_cxx::__normal_iterator<char const*, std::__cxx11::basic_string<char, std::char_traits<char>, std::allocator<char> > >, int>* std::__uninitialized_default_n_a<std::pair<__gnu_cxx::__normal_iterator<char const*, std::__cxx11::basic_string<char, std::char_traits<char>, std::allocator<char> > >, int>*, unsigned long, std::pair<__gnu_cxx::__normal_iterator<char const*, std::__cxx11::basic_string<char, std::char_traits<char>, std::allocator<char> > >, int> >(std::pair<__gnu_cxx::__normal_iterator<char const*, std::__cxx11::basic_string<char, std::char_traits<char>, std::allocator<char> > >, int>*, unsigned long, std::allocator<std::pair<__gnu_cxx::__normal_iterator<char const*, std::__cxx11::basic_string<char, std::char_traits<char>, std::allocator<char> > >, int> >&)
702 14
+2 10
cfn=(3124) std::pair<__gnu_cxx::__normal_iterator<char const*, std::__cxx11::basic_string<char, std::char_traits<char>, std::allocator<char> > >, int>* std::__uninitialized_default_n<std::pair<__gnu_cxx::__normal_iterator<char const*, std::__cxx11::basic_string<char, std::char_traits<char>, std::allocator<char> > >, int>*, unsigned long>(std::pair<__gnu_cxx::__normal_iterator<char const*, std::__cxx11::basic_string<char, std::char_traits<char>, std::allocator<char> > >, int>*, unsigned long)
calls=2 -74 
* 1742
* 4

fn=(3160) std::__cxx11::sub_match<__gnu_cxx::__normal_iterator<char const*, std::__cxx11::basic_string<char, std::char_traits<char>, std::allocator<char> > > >* std::__uninitialized_copy_a<__gnu_cxx::__normal_iterator<std::__cxx11::sub_match<__gnu_cxx::__normal_iterator<char const*, std::__cxx11::basic_string<char, std::char_traits<char>, std::allocator<char> > > > const*, std::vector<std::__cxx11::sub_match<__gnu_cxx::__normal_iterator<char const*, std::__cxx11::basic_string<char, std::char_traits<char>, std::allocator<char> > > >, std::allocator<std::__cxx11::sub_match<__gnu_cxx::__normal_iterator<char const*, std::__cxx11::basic_string<char, std::char_traits<char>, std::allocator<char> > > > > > >, std::__cxx11::sub_match<__gnu_cxx::__normal_iterator<char const*, std::__cxx11::basic_string<char, std::char_traits<char>, std::allocator<char> > > >*, std::__cxx11::sub_match<__gnu_cxx::__normal_iterator<char const*, std::__cxx11::basic_string<char, std::char_traits<char>, std::allocator<char> > > > >(__gnu_cxx::__normal_iterator<std::__cxx11::sub_match<__gnu_cxx::__normal_iterator<char const*, std::__cxx11::basic_string<char, std::char_traits<char>, std::allocator<char> > > > const*, std::vector<std::__cxx11::sub_match<__gnu_cxx::__normal_iterator<char const*, std::__cxx11::basic_string<char, std::char_traits<char>, std::allocator<char> > > >, std::allocator<std::__cxx11::sub_match<__gnu_cxx::__normal_iterator<char const*, std::__cxx11::basic_string<char, std::char_traits<char>, std::allocator<char> > > > > > >, __gnu_cxx::__normal_iterator<std::__cxx11::sub_match<__gnu_cxx::__normal_iterator<char const*, std::__cxx11::basic_string<char, std::char_traits<char>, std::allocator<char> > > > const*, std::vector<std::__cxx11::sub_match<__gnu_cxx::__normal_iterator<char const*, std::__cxx11::basic_string<char, std::char_traits<char>, std::allocator<char> > > >, std::allocator<std::__cxx11::sub_match<__gnu_cxx::__normal_iterator<char const*, std::__cxx11::basic_string<char, std::char_traits<char>, std::allocator<char> > > > > > >, std::__cxx11::sub_match<__gnu_cxx::__normal_iterator<char const*, std::__cxx11::basic_string<char, std::char_traits<char>, std::allocator<char> > > >*, std::allocator<std::__cxx11::sub_match<__gnu_cxx::__normal_iterator<char const*, std::__cxx11::basic_string<char, std::char_traits<char>, std::allocator<char> > > > >&)
331 16
+2 12
cfn=(3162) std::__cxx11::sub_match<__gnu_cxx::__normal_iterator<char const*, std::__cxx11::basic_string<char, std::char_traits<char>, std::allocator<char> > > >* std::uninitialized_copy<__gnu_cxx::__normal_iterator<std::__cxx11::sub_match<__gnu_cxx::__normal_iterator<char const*, std::__cxx11::basic_string<char, std::char_traits<char>, std::allocator<char> > > > const*, std::vector<std::__cxx11::sub_match<__gnu_cxx::__normal_iterator<char const*, std::__cxx11::basic_string<char, std::char_traits<char>, std::allocator<char> > > >, std::allocator<std::__cxx11::sub_match<__gnu_cxx::__normal_iterator<char const*, std::__cxx11::basic_string<char, std::char_traits<char>, std::allocator<char> > > > > > >, std::__cxx11::sub_match<__gnu_cxx::__normal_iterator<char const*, std::__cxx11::basic_string<char, std::char_traits<char>, std::allocator<char> > > >*>(__gnu_cxx::__normal_iterator<std::__cxx11::sub_match<__gnu_cxx::__normal_iterator<char const*, std::__cxx11::basic_string<char, std::char_traits<char>, std::allocator<char> > > > const*, std::vector<std::__cxx11::sub_match<__gnu_cxx::__normal_iterator<char const*, std::__cxx11::basic_string<char, std::char_traits<char>, std::allocator<char> > > >, std::allocator<std::__cxx11::sub_match<__gnu_cxx::__normal_iterator<char const*, std::__cxx11::basic_string<char, std::char_traits<char>, std::allocator<char> > > > > > >, __gnu_cxx::__normal_iterator<std::__cxx11::sub_match<__gnu_cxx::__normal_iterator<char const*, std::__cxx11::basic_string<char, std::char_traits<char>, std::allocator<char> > > > const*, std::vector<std::__cxx11::sub_match<__gnu_cxx::__normal_iterator<char const*, std::__cxx11::basic_string<char, std::char_traits<char>, std::allocator<char> > > >, std::allocator<std::__cxx11::sub_match<__gnu_cxx::__normal_iterator<char const*, std::__cxx11::basic_string<char, std::char_traits<char>, std::allocator<char> > > > > > >, std::__cxx11::sub_match<__gnu_cxx::__normal_iterator<char const*, std::__cxx11::basic_string<char, std::char_traits<char>, std::allocator<char> > > >*)
calls=2 126 
* 1497
* 4

fn=(3164) std::__cxx11::sub_match<__gnu_cxx::__normal_iterator<char const*, std::__cxx11::basic_string<char, std::char_traits<char>, std::allocator<char> > > >* std::__uninitialized_copy<false>::__uninit_copy<__gnu_cxx::__normal_iterator<std::__cxx11::sub_match<__gnu_cxx::__normal_iterator<char const*, std::__cxx11::basic_string<char, std::char_traits<char>, std::allocator<char> > > > const*, std::vector<std::__cxx11::sub_match<__gnu_cxx::__normal_iterator<char const*, std::__cxx11::basic_string<char, std::char_traits<char>, std::allocator<char> > > >, std::allocator<std::__cxx11::sub_match<__gnu_cxx::__normal_iterator<char const*, std::__cxx11::basic_string<char, std::char_traits<char>, std::allocator<char> > > > > > >, std::__cxx11::sub_match<__gnu_cxx::__normal_iterator<char const*, std::__cxx11::basic_string<char, std::char_traits<char>, std::allocator<char> > > >*>(__gnu_cxx::__normal_iterator<std::__cxx11::sub_match<__gnu_cxx::__normal_iterator<char const*, std::__cxx11::basic_string<char, std::char_traits<char>, std::allocator<char> > > > const*, std::vector<std::__cxx11::sub_match<__gnu_cxx::__normal_iterator<char const*, std::__cxx11::basic_string<char, std::char_traits<char>, std::allocator<char> > > >, std::allocator<std::__cxx11::sub_match<__gnu_cxx::__normal_iterator<char const*, std::__cxx11::basic_string<char, std::char_traits<char>, std::allocator<char> > > > > > >, __gnu_cxx::__normal_iterator<std::__cxx11::sub_match<__gnu_cxx::__normal_iterator<char const*, std::__cxx11::basic_string<char, std::char_traits<char>, std::allocator<char> > > > const*, std::vector<std::__cxx11::sub_match<__gnu_cxx::__normal_iterator<char const*, std::__cxx11::basic_string<char, std::char_traits<char>, std::allocator<char> > > >, std::allocator<std::__cxx11::sub_match<__gnu_cxx::__normal_iterator<char const*, std::__cxx11::basic_string<char, std::char_traits<char>, std::allocator<char> > > > > > >, std::__cxx11::sub_match<__gnu_cxx::__normal_iterator<char const*, std::__cxx11::basic_string<char, std::char_traits<char>, std::allocator<char> > > >*)
85 16
+3 4
+3 2
+1 33
cfi=(253)
cfn=(3170) __gnu_cxx::__normal_iterator<std::__cxx11::sub_match<__gnu_cxx::__normal_iterator<char const*, std::__cxx11::basic_string<char, std::char_traits<char>, std::allocator<char> > > > const*, std::vector<std::__cxx11::sub_match<__gnu_cxx::__normal_iterator<char const*, std::__cxx11::basic_string<char, std::char_traits<char>, std::allocator<char> > > >, std::allocator<std::__cxx11::sub_match<__gnu_cxx::__normal_iterator<char const*, std::__cxx11::basic_string<char, std::char_traits<char>, std::allocator<char> > > > > > >::operator*() const
calls=11 1042 
* 88
* 44
cfi=(240)
cfn=(3044)
calls=11 -43 
* 77
* 33
cfi=(265) /usr/include/c++/11/bits/stl_construct.h
cfn=(3046) void std::_Construct<std::__cxx11::sub_match<__gnu_cxx::__normal_iterator<char const*, std::__cxx11::basic_string<char, std::char_traits<char>, std::allocator<char> > > >, std::__cxx11::sub_match<__gnu_cxx::__normal_iterator<char const*, std::__cxx11::basic_string<char, std::char_traits<char>, std::allocator<char> > > > const&>(std::__cxx11::sub_match<__gnu_cxx::__normal_iterator<char const*, std::__cxx11::basic_string<char, std::char_traits<char>, std::allocator<char> > > >*, std::__cxx11::sub_match<__gnu_cxx::__normal_iterator<char const*, std::__cxx11::basic_string<char, std::char_traits<char>, std::allocator<char> > > > const&)
calls=11 +17 
* 451
-1 33
cfi=(253)
cfn=(3172) __gnu_cxx::__normal_iterator<std::__cxx11::sub_match<__gnu_cxx::__normal_iterator<char const*, std::__cxx11::basic_string<char, std::char_traits<char>, std::allocator<char> > > > const*, std::vector<std::__cxx11::sub_match<__gnu_cxx::__normal_iterator<char const*, std::__cxx11::basic_string<char, std::char_traits<char>, std::allocator<char> > > >, std::allocator<std::__cxx11::sub_match<__gnu_cxx::__normal_iterator<char const*, std::__cxx11::basic_string<char, std::char_traits<char>, std::allocator<char> > > > > > >::operator++()
calls=11 1052 
* 132
* 66
cfi=(253)
cfn=(3166) bool __gnu_cxx::operator!=<std::__cxx11::sub_match<__gnu_cxx::__normal_iterator<char const*, std::__cxx11::basic_string<char, std::char_traits<char>, std::allocator<char> > > > const*, std::vector<std::__cxx11::sub_match<__gnu_cxx::__normal_iterator<char const*, std::__cxx11::basic_string<char, std::char_traits<char>, std::allocator<char> > > >, std::allocator<std::__cxx11::sub_match<__gnu_cxx::__normal_iterator<char const*, std::__cxx11::basic_string<char, std::char_traits<char>, std::allocator<char> > > > > > >(__gnu_cxx::__normal_iterator<std::__cxx11::sub_match<__gnu_cxx::__normal_iterator<char const*, std::__cxx11::basic_string<char, std::char_traits<char>, std::allocator<char> > > > const*, std::vector<std::__cxx11::sub_match<__gnu_cxx::__normal_iterator<char const*, std::__cxx11::basic_string<char, std::char_traits<char>, std::allocator<char> > > >, std::allocator<std::__cxx11::sub_match<__gnu_cxx::__normal_iterator<char const*, std::__cxx11::basic_string<char, std::char_traits<char>, std::allocator<char> > > > > > > const&, __gnu_cxx::__normal_iterator<std::__cxx11::sub_match<__gnu_cxx::__normal_iterator<char const*, std::__cxx11::basic_string<char, std::char_traits<char>, std::allocator<char> > > > const*, std::vector<std::__cxx11::sub_match<__gnu_cxx::__normal_iterator<char const*, std::__cxx11::basic_string<char, std::char_traits<char>, std::allocator<char> > > >, std::allocator<std::__cxx11::sub_match<__gnu_cxx::__normal_iterator<char const*, std::__cxx11::basic_string<char, std::char_traits<char>, std::allocator<char> > > > > > > const&)
calls=11 1179 
* 374
* 10
cfi=(253)
cfn=(3166)
calls=2 1179 
* 68
* 26
+2 2
+7 6

fn=(2494) char* std::__uninitialized_copy_a<char const*, char*, char>(char const*, char const*, char*, std::allocator<char>&)
331 5904
+2 4428
cfn=(2496) char* std::uninitialized_copy<char const*, char*>(char const*, char const*, char*)
calls=738 126 
* 149814
* 1476

fn=(3126) std::pair<__gnu_cxx::__normal_iterator<char const*, std::__cxx11::basic_string<char, std::char_traits<char>, std::allocator<char> > >, int>* std::__uninitialized_default_n_1<false>::__uninit_default_n<std::pair<__gnu_cxx::__normal_iterator<char const*, std::__cxx11::basic_string<char, std::char_traits<char>, std::allocator<char> > >, int>*, unsigned long>(std::pair<__gnu_cxx::__normal_iterator<char const*, std::__cxx11::basic_string<char, std::char_traits<char>, std::allocator<char> > >, int>*, unsigned long)
573 14
+2 4
+3 2
+1 84
cfi=(240)
cfn=(3128)
calls=28 49 
* 196
* 56
cfi=(265)
cfn=(3130) void std::_Construct<std::pair<__gnu_cxx::__normal_iterator<char const*, std::__cxx11::basic_string<char, std::char_traits<char>, std::allocator<char> > >, int>>(std::pair<__gnu_cxx::__normal_iterator<char const*, std::__cxx11::basic_string<char, std::char_traits<char>, std::allocator<char> > >, int>*)
calls=28 109 
* 1232
-1 116
+2 4
+7 6

fn=(2088) std::enable_if<std::__is_bitwise_relocatable<unsigned long, void>::value, unsigned long*>::type std::__relocate_a_1<unsigned long, unsigned long>(unsigned long*, unsigned long*, unsigned long*, std::allocator<unsigned long>&)
1006 64
+3 32
+1 16
+1 14
cob=(2)
cfi=(51)
cfn=(2274)
calls=2 0 
* 30
+1 32
+1 16

fn=(2496)
126 5166
+19 738
+6 4428
cfn=(2498) char* std::__uninitialized_copy<true>::__uninit_copy<char const*, char*>(char const*, char const*, char*)
calls=738 -43 
* 138006
+1 1476

fn=(2158) std::__detail::_State<char>* std::__relocate_a_1<std::__detail::_State<char>*, std::__detail::_State<char>*, std::allocator<std::__detail::_State<char> > >(std::__detail::_State<char>*, std::__detail::_State<char>*, std::__detail::_State<char>*, std::allocator<std::__detail::_State<char> >&)
1018 198
+12 44
+1 22
+1 138
cfi=(240)
cfn=(2200)
calls=46 49 
* 322
* 184
cfi=(240)
cfn=(2200)
calls=46 49 
* 322
* 276
cfn=(2202) void std::__relocate_object_a<std::__detail::_State<char>, std::__detail::_State<char>, std::allocator<std::__detail::_State<char> > >(std::__detail::_State<char>*, std::__detail::_State<char>*, std::allocator<std::__detail::_State<char> >&)
calls=46 -46 
* 10316
-1 296
+3 22
+1 66

fn=(2084) unsigned long* std::__relocate_a<unsigned long*, unsigned long*, std::allocator<unsigned long> >(unsigned long*, unsigned long*, unsigned long*, std::allocator<unsigned long>&)
1040 80
+6 24
cfi=(252)
cfn=(2086) unsigned long* std::__niter_base<unsigned long*>(unsigned long*)
calls=8 313 
* 56
* 32
cfi=(252)
cfn=(2086)
calls=8 313 
* 56
* 32
cfi=(252)
cfn=(2086)
calls=8 313 
* 56
* 48
cfn=(2088)
calls=8 -40 
* 204
+3 40

fn=(3124)
630 12
+5 2
+5 10
cfn=(3126)
calls=2 -67 
* 1714
+1 4

fn=(2498)
108 5166
+2 4428
cfi=(252)
cfn=(2500) char* std::copy<char const*, char*>(char const*, char const*, char*)
calls=738 611 
* 126936
* 1476

fn=(3040)
273 14
+20 2
+4 12
cfn=(3042) std::__cxx11::sub_match<__gnu_cxx::__normal_iterator<char const*, std::__cxx11::basic_string<char, std::char_traits<char>, std::allocator<char> > > >* std::__uninitialized_fill_n<false>::__uninit_fill_n<std::__cxx11::sub_match<__gnu_cxx::__normal_iterator<char const*, std::__cxx11::basic_string<char, std::char_traits<char>, std::allocator<char> > > >*, unsigned long, std::__cxx11::sub_match<__gnu_cxx::__normal_iterator<char const*, std::__cxx11::basic_string<char, std::char_traits<char>, std::allocator<char> > > > >(std::__cxx11::sub_match<__gnu_cxx::__normal_iterator<char const*, std::__cxx11::basic_string<char, std::char_traits<char>, std::allocator<char> > > >*, unsigned long, std::__cxx11::sub_match<__gnu_cxx::__normal_iterator<char const*, std::__cxx11::basic_string<char, std::char_traits<char>, std::allocator<char> > > > const&)
calls=2 -67 
* 690
+1 4

fn=(3042)
230 14
+3 4
+3 2
+1 33
cfi=(240)
cfn=(3044)
calls=11 49 
* 77
* 55
cfi=(265)
cfn=(3046)
calls=11 109 
* 451
-1 48
+2 2
+7 4

fn=(2202)
986 322
+8 138
cfi=(240)
cfn=(2098)
calls=46 104 
* 322
* 276
cfi=(244)
cfn=(2144)
calls=46 511 
* 5808
+1 138
cfi=(240)
cfn=(2200)
calls=46 49 
* 322
* 230
cfi=(244)
cfn=(2204) void std::allocator_traits<std::allocator<std::__detail::_State<char> > >::destroy<std::__detail::_State<char> >(std::allocator<std::__detail::_State<char> >&, std::__detail::_State<char>*)
calls=46 531 
* 2622
+1 138

fn=(3162)
126 14
+19 2
+6 12
cfn=(3164)
calls=2 -66 
* 1465
+1 4

fn=(2154) std::__detail::_State<char>* std::__relocate_a<std::__detail::_State<char>*, std::__detail::_State<char>*, std::allocator<std::__detail::_State<char> > >(std::__detail::_State<char>*, std::__detail::_State<char>*, std::__detail::_State<char>*, std::allocator<std::__detail::_State<char> >&)
1040 220
+6 66
cfi=(252)
cfn=(2156) std::__detail::_State<char>* std::__niter_base<std::__detail::_State<char>*>(std::__detail::_State<char>*)
calls=22 313 
* 154
* 88
cfi=(252)
cfn=(2156)
calls=22 313 
* 154
* 88
cfi=(252)
cfn=(2156)
calls=22 313 
* 154
* 132
cfn=(2158)
calls=22 -28 
* 12206
+3 110

fl=(234)
fn=(2240)
171 180
+2 120
cfi=(250)
cfn=(2242) std::stack<std::__detail::_StateSeq<std::__cxx11::regex_traits<char> >, std::deque<std::__detail::_StateSeq<std::__cxx11::regex_traits<char> >, std::allocator<std::__detail::_StateSeq<std::__cxx11::regex_traits<char> > > > >::top()
calls=30 +39 
* 3000
* 240
+1 120
cfi=(250)
cfn=(2244) std::stack<std::__detail::_StateSeq<std::__cxx11::regex_traits<char> >, std::deque<std::__detail::_StateSeq<std::__cxx11::regex_traits<char> >, std::allocator<std::__detail::_StateSeq<std::__cxx11::regex_traits<char> > > > >::pop()
calls=30 +98 
* 2100
+1 30
+1 90

fn=(2340)
482 39
+2 6
+1 9
cob=(2)
cfi=(51)
cfn=(2342)
calls=3 0 
* 15
* 12
cob=(2)
cfi=(51)
cfn=(2346)
calls=3 0 
* 15
-1 12
cob=(2)
cfi=(51)
cfn=(2342)
calls=3 0 
* 15
* 15
cfi=(259)
cfn=(2350) std::__cxx11::regex_traits<char>::_RegexMask std::__cxx11::regex_traits<char>::lookup_classname<char const*>(char const*, char const*, bool) const
calls=3 280 
* 846
* 3
+3 15
cfi=(230)
cfn=(2332) std::__cxx11::regex_traits<char>::_RegexMask::_RegexMask(unsigned short, unsigned char)
calls=3 106 
* 51
* 15
cfi=(230)
cfn=(2360) std::__cxx11::regex_traits<char>::_RegexMask::operator==(std::__cxx11::regex_traits<char>::_RegexMask) const
calls=3 149 
* 63
* 6
+3 12
+1 18
cfi=(230)
cfn=(2362) std::__cxx11::regex_traits<char>::_RegexMask::operator|=(std::__cxx11::regex_traits<char>::_RegexMask)
calls=3 141 
* 216
+4 30

fn=(2748)
423 54
cfi=(249)
cfn=(2750) std::vector<std::__cxx11::regex_traits<char>::_RegexMask, std::allocator<std::__cxx11::regex_traits<char>::_RegexMask> >::~vector()
calls=6 678 
* 792
* 24
cfi=(249)
cfn=(2770) std::vector<std::pair<char, char>, std::allocator<std::pair<char, char> > >::~vector()
calls=6 678 
* 792
* 24
cfi=(249)
cfn=(2790) std::vector<std::__cxx11::basic_string<char, std::char_traits<char>, std::allocator<char> >, std::allocator<std::__cxx11::basic_string<char, std::char_traits<char>, std::allocator<char> > > >::~vector()
calls=6 678 
* 828
* 18
cfi=(249)
cfn=(2574) std::vector<char, std::allocator<char> >::~vector()
calls=6 678 
* 702
* 18

fn=(2854)
409 8
+1 5
cfn=(2334) std::__detail::_RegexTranslator<std::__cxx11::regex_traits<char>, false, false>::_RegexTranslator(std::__cxx11::regex_traits<char> const&)
calls=1 -85 
* 8
* 5
cfn=(2418)
calls=1 -81 
* 9
* 2
+1 3

fn=(2878) std::__detail::_Compiler<std::__cxx11::regex_traits<char> >::_M_get_nfa()
68 12
+1 8
cfi=(240)
cfn=(2880)
calls=2 +35 
* 14
* 10
cfi=(231)
cfn=(2882)
calls=2 313 
* 156
* 6

fn=(3258)
414 8
+1 7
cfn=(2418)
calls=1 -86 
* 9
* 5

fn=(2366)
509 27
+2 9
cfi=(249)
cfn=(2368) std::vector<char, std::allocator<char> >::end()
calls=3 829 
* 96
* 12
cfi=(249)
cfn=(2372) std::vector<char, std::allocator<char> >::begin()
calls=3 811 
* 93
* 9
cfi=(260)
cfn=(2374) void std::sort<__gnu_cxx::__normal_iterator<char*, std::vector<char, std::allocator<char> > > >(__gnu_cxx::__normal_iterator<char*, std::vector<char, std::allocator<char> > >, __gnu_cxx::__normal_iterator<char*, std::vector<char, std::allocator<char> > >)
calls=3 4832 
* 213
+1 9
cfi=(249)
cfn=(2368)
calls=3 829 
* 96
* 12
cfi=(249)
cfn=(2372)
calls=3 811 
* 93
* 9
cfi=(260)
cfn=(2384) __gnu_cxx::__normal_iterator<char*, std::vector<char, std::allocator<char> > > std::unique<__gnu_cxx::__normal_iterator<char*, std::vector<char, std::allocator<char> > > >(__gnu_cxx::__normal_iterator<char*, std::vector<char, std::allocator<char> > >, __gnu_cxx::__normal_iterator<char*, std::vector<char, std::allocator<char> > >)
calls=3 953 
* 426
* 3
+1 12
cfi=(249)
cfn=(2368)
calls=3 829 
* 96
* 18
cfi=(253)
cfn=(2394) __gnu_cxx::__normal_iterator<char const*, std::vector<char, std::allocator<char> > >::__normal_iterator<char*>(__gnu_cxx::__normal_iterator<char*, __gnu_cxx::__enable_if<std::__are_same<char*, char*>::__value, std::vector<char, std::allocator<char> > >::__type> const&)
calls=3 1033 
* 66
* 15
cfi=(253)
cfn=(2394)
calls=3 1033 
* 66
* 15
cfi=(249)
cfn=(2396) std::vector<char, std::allocator<char> >::erase(__gnu_cxx::__normal_iterator<char const*, std::vector<char, std::allocator<char> > >, __gnu_cxx::__normal_iterator<char const*, std::vector<char, std::allocator<char> > >)
calls=3 1457 
* 945
+1 9
cfn=(2410) std::__detail::_BracketMatcher<std::__cxx11::regex_traits<char>, false, false>::_M_make_cache(std::integral_constant<bool, true>)
calls=3 +26 
* 2262790
+2 21

fn=(2438)
333 4608
+1 2304

fn=(3220)
440 70
+3 50
cfn=(3222) std::__detail::_BracketMatcher<std::__cxx11::regex_traits<char>, false, false>::_M_apply(char, std::integral_constant<bool, true>) const
calls=10 +93 
* 940
+1 20

fn=(2284)
433 24
+3 9
cfi=(249)
cfn=(2286) std::vector<char, std::allocator<char> >::vector()
calls=3 +51 
* 159
* 12
cfi=(249)
cfn=(2296) std::vector<std::__cxx11::basic_string<char, std::char_traits<char>, std::allocator<char> >, std::allocator<std::__cxx11::basic_string<char, std::char_traits<char>, std::allocator<char> > > >::vector()
calls=3 +51 
* 201
* 12
cfi=(249)
cfn=(2308) std::vector<std::pair<char, char>, std::allocator<std::pair<char, char> > >::vector()
calls=3 +51 
* 201
* 12
cfi=(249)
cfn=(2320) std::vector<std::__cxx11::regex_traits<char>::_RegexMask, std::allocator<std::__cxx11::regex_traits<char>::_RegexMask> >::vector()
calls=3 +51 
* 201
-1 18
cfi=(230)
cfn=(2332)
calls=3 106 
* 51
* 18
cfn=(2334)
calls=3 325 
* 24
* 9
+1 21
cfi=(258) /usr/include/c++/11/bitset
cfn=(2336) std::bitset<256ul>::bitset()
calls=3 869 
* 132
+1 9

fn=(2910) std::__detail::_Compiler<std::__cxx11::regex_traits<char> >::~_Compiler()
57 18
cfi=(250)
cfn=(2912) std::stack<std::__detail::_StateSeq<std::__cxx11::regex_traits<char> >, std::deque<std::__detail::_StateSeq<std::__cxx11::regex_traits<char> >, std::allocator<std::__detail::_StateSeq<std::__cxx11::regex_traits<char> > > > >::~stack()
calls=2 +42 
* 1246
* 8
cob=(2)
cfi=(51)
cfn=(1712)
calls=2 -57 
* 16
* 8
cfi=(231)
cfn=(2942)
calls=2 +65 
* 70
* 8
cfi=(237)
cfn=(2946) std::__detail::_Scanner<char>::~_Scanner()
calls=2 210 
* 40
* 6

fn=(2334)
325 20
+1 12

fn=(2410)
540 27
+2 6
+1 4608
cfi=(233)
cfn=(2414)
calls=768 +59 
* 2139808
* 6144
cfi=(258)
cfn=(2624) std::bitset<256ul>::operator[](unsigned long)
calls=768 1163 
* 52224
* 3072
cfi=(258)
cfn=(2634) std::bitset<256ul>::reference::operator=(bool)
calls=768 828 
* 36096
* 2304
cfi=(258)
cfn=(2638) std::bitset<256ul>::reference::~reference()
calls=768 823 
* 5376
-1 4608
cfi=(258)
cfn=(2412) std::bitset<256ul>::size() const
calls=768 1300 
* 5376
* 15
cfi=(258)
cfn=(2412)
calls=3 1300 
* 21
* 3084
+2 21

fn=(2418)
329 4620
+1 2310

fn=(2654) std::__detail::_BracketMatcher<std::__cxx11::regex_traits<char>, false, false>::_BracketMatcher(std::__detail::_BracketMatcher<std::__cxx11::regex_traits<char>, false, false>&&)
423 33
cfi=(249)
cfn=(2656) std::vector<char, std::allocator<char> >::vector(std::vector<char, std::allocator<char> >&&)
calls=3 572 
* 306
* 21
cfi=(249)
cfn=(2666) std::vector<std::__cxx11::basic_string<char, std::char_traits<char>, std::allocator<char> >, std::allocator<std::__cxx11::basic_string<char, std::char_traits<char>, std::allocator<char> > > >::vector(std::vector<std::__cxx11::basic_string<char, std::char_traits<char>, std::allocator<char> >, std::allocator<std::__cxx11::basic_string<char, std::char_traits<char>, std::allocator<char> > > >&&)
calls=3 572 
* 360
* 21
cfi=(249)
cfn=(2680) std::vector<std::pair<char, char>, std::allocator<std::pair<char, char> > >::vector(std::vector<std::pair<char, char>, std::allocator<std::pair<char, char> > >&&)
calls=3 572 
* 360
* 21
cfi=(249)
cfn=(2694) std::vector<std::__cxx11::regex_traits<char>::_RegexMask, std::allocator<std::__cxx11::regex_traits<char>::_RegexMask> >::vector(std::vector<std::__cxx11::regex_traits<char>::_RegexMask, std::allocator<std::__cxx11::regex_traits<char>::_RegexMask> >&&)
calls=3 572 
* 360
* 75

fn=(1808)
179 10
+3 6
cfi=(235)
cfn=(1810) std::regex_constants::operator|(std::regex_constants::syntax_option_type, std::regex_constants::syntax_option_type)
calls=2 +27 
* 18
* 6
cfi=(235)
cfn=(1810)
calls=2 +27 
* 18
* 6
cfi=(235)
cfn=(1810)
calls=2 +27 
* 18
* 6
cfi=(235)
cfn=(1810)
calls=2 +27 
* 18
* 6
cfi=(235)
cfn=(1810)
calls=2 +27 
* 18
* 10
cfi=(235)
cfn=(1812)
calls=2 +20 
* 18
* 56
+8 4
+6 4

fn=(3222)
536 70
+1 70
cfi=(258)
cfn=(3224) std::bitset<256ul>::operator[](unsigned long) const
calls=10 1167 
* 780
* 20

fl=(232)
fn=(1896) std::_Sp_ebo_helper<0, std::allocator<std::__detail::_NFA<std::__cxx11::regex_traits<char> > >, true>::_Sp_ebo_helper(std::allocator<std::__detail::_NFA<std::__cxx11::regex_traits<char> > > const&)
385 22
cfi=(241)
cfn=(1884) std::allocator<std::__detail::_NFA<std::__cxx11::regex_traits<char> > >::allocator(std::allocator<std::__detail::_NFA<std::__cxx11::regex_traits<char> > > const&)
calls=2 159 
* 44
* 6

fn=(3078) std::__shared_ptr_access<std::__detail::_NFA<std::__cxx11::regex_traits<char> > const, (__gnu_cxx::_Lock_policy)2, false, false>::operator*() const
977 10
+2 4
+1 6
cfn=(2994) std::__shared_ptr_access<std::__detail::_NFA<std::__cxx11::regex_traits<char> > const, (__gnu_cxx::_Lock_policy)2, false, false>::_M_get() const
calls=2 +12 
* 36
+1 4

fn=(1800) std::__shared_count<(__gnu_cxx::_Lock_policy)2>::__shared_count()
587 36
+1 18

fn=(1858)
1341 20
+1 14
cfi=(240)
cfn=(1846)
calls=2 77 
* 14
* 8
cfi=(240)
cfn=(1848)
calls=2 77 
* 14
* 14
cfn=(1860) std::__shared_count<(__gnu_cxx::_Lock_policy)2>::__shared_count<std::__detail::_NFA<std::__cxx11::regex_traits<char> >, std::allocator<std::__detail::_NFA<std::__cxx11::regex_traits<char> > >, std::locale const&, std::regex_constants::syntax_option_type&>(std::__detail::_NFA<std::__cxx11::regex_traits<char> >*&, std::_Sp_alloc_shared_tag<std::allocator<std::__detail::_NFA<std::__cxx11::regex_traits<char> > > >, std::locale const&, std::regex_constants::syntax_option_type&)
calls=2 643 
* 2436
+1 12
cfn=(1958) std::enable_if<!std::__shared_ptr<std::__detail::_NFA<std::__cxx11::regex_traits<char> >, (__gnu_cxx::_Lock_policy)2>::__has_esft_base<std::__detail::_NFA<std::__cxx11::regex_traits<char> >, void>::value, void>::type std::__shared_ptr<std::__detail::_NFA<std::__cxx11::regex_traits<char> >, (__gnu_cxx::_Lock_policy)2>::_M_enable_shared_from_this_with<std::__detail::_NFA<std::__cxx11::regex_traits<char> >, std::__detail::_NFA<std::__cxx11::regex_traits<char> > >(std::__detail::_NFA<std::__cxx11::regex_traits<char> >*)
calls=2 +43 
* 16
* 12

fn=(1958)
1386 10
+1 6

fn=(3416) std::_Sp_ebo_helper<0, std::allocator<std::__detail::_NFA<std::__cxx11::regex_traits<char> > >, true>::_S_get(std::_Sp_ebo_helper<0, std::allocator<std::__detail::_NFA<std::__cxx11::regex_traits<char> > >, true>&)
389 28

fn=(3476) std::_Sp_counted_ptr_inplace<std::__detail::_NFA<std::__cxx11::regex_traits<char> >, std::allocator<std::__detail::_NFA<std::__cxx11::regex_traits<char> > >, (__gnu_cxx::_Lock_policy)2>::_M_destroy()
533 16
+2 8
cfn=(3414) std::_Sp_counted_ptr_inplace<std::__detail::_NFA<std::__cxx11::regex_traits<char> >, std::allocator<std::__detail::_NFA<std::__cxx11::regex_traits<char> > >, (__gnu_cxx::_Lock_policy)2>::_Impl::_M_alloc()
calls=2 -31 
* 34
* 10
cfi=(241)
cfn=(1862) std::allocator<std::_Sp_counted_ptr_inplace<std::__detail::_NFA<std::__cxx11::regex_traits<char> >, std::allocator<std::__detail::_NFA<std::__cxx11::regex_traits<char> > >, (__gnu_cxx::_Lock_policy)2> >::allocator<std::__detail::_NFA<std::__cxx11::regex_traits<char> > >(std::allocator<std::__detail::_NFA<std::__cxx11::regex_traits<char> > > const&)
calls=2 169 
* 38
+1 12
cfi=(243) /usr/include/c++/11/bits/allocated_ptr.h
cfn=(1876) std::__allocated_ptr<std::allocator<std::_Sp_counted_ptr_inplace<std::__detail::_NFA<std::__cxx11::regex_traits<char> >, std::allocator<std::__detail::_NFA<std::__cxx11::regex_traits<char> > >, (__gnu_cxx::_Lock_policy)2> > >::__allocated_ptr(std::allocator<std::_Sp_counted_ptr_inplace<std::__detail::_NFA<std::__cxx11::regex_traits<char> >, std::allocator<std::__detail::_NFA<std::__cxx11::regex_traits<char> > >, (__gnu_cxx::_Lock_policy)2> >&, std::_Sp_counted_ptr_inplace<std::__detail::_NFA<std::__cxx11::regex_traits<char> >, std::allocator<std::__detail::_NFA<std::__cxx11::regex_traits<char> > >, (__gnu_cxx::_Lock_policy)2>*)
calls=2 53 
* 50
+1 6
cfn=(3478) std::_Sp_counted_ptr_inplace<std::__detail::_NFA<std::__cxx11::regex_traits<char> >, std::allocator<std::__detail::_NFA<std::__cxx11::regex_traits<char> > >, (__gnu_cxx::_Lock_policy)2>::~_Sp_counted_ptr_inplace()
calls=2 -14 
* 136
+1 6
cfi=(243)
cfn=(1952) std::__allocated_ptr<std::allocator<std::_Sp_counted_ptr_inplace<std::__detail::_NFA<std::__cxx11::regex_traits<char> >, std::allocator<std::__detail::_NFA<std::__cxx11::regex_traits<char> > >, (__gnu_cxx::_Lock_policy)2> > >::~__allocated_ptr()
calls=2 71 
* 312
* 6
cfi=(241)
cfn=(1954) std::allocator<std::_Sp_counted_ptr_inplace<std::__detail::_NFA<std::__cxx11::regex_traits<char> >, std::allocator<std::__detail::_NFA<std::__cxx11::regex_traits<char> > >, (__gnu_cxx::_Lock_policy)2> >::~allocator()
calls=2 174 
* 36
* 10

fn=(3480) std::_Sp_counted_ptr_inplace<std::__detail::_NFA<std::__cxx11::regex_traits<char> >, std::allocator<std::__detail::_NFA<std::__cxx11::regex_traits<char> > >, (__gnu_cxx::_Lock_policy)2>::_Impl::~_Impl()
497 16
cfn=(3482) std::_Sp_ebo_helper<0, std::allocator<std::__detail::_NFA<std::__cxx11::regex_traits<char> > >, true>::~_Sp_ebo_helper()
calls=2 383 
* 58
* 6

fn=(2018) std::__shared_ptr_access<std::__detail::_NFA<std::__cxx11::regex_traits<char> >, (__gnu_cxx::_Lock_policy)2, false, false>::_M_get() const
992 260
+1 156
cfn=(2020) std::__shared_ptr<std::__detail::_NFA<std::__cxx11::regex_traits<char> >, (__gnu_cxx::_Lock_policy)2>::get() const
calls=52 1295 
* 416
* 104

fn=(2896) std::__shared_ptr<std::__detail::_NFA<std::__cxx11::regex_traits<char> > const, (__gnu_cxx::_Lock_policy)2>::__shared_ptr(std::__shared_ptr<std::__detail::_NFA<std::__cxx11::regex_traits<char> > const, (__gnu_cxx::_Lock_policy)2>&&)
1161 12
+1 16
cfn=(1800)
calls=2 587 
* 18
+2 14
cfn=(2886) std::__shared_count<(__gnu_cxx::_Lock_policy)2>::_M_swap(std::__shared_count<(__gnu_cxx::_Lock_policy)2>&)
calls=2 731 
* 36
+1 4
+1 6

fn=(2904)
1154 54
cfn=(2906) std::__shared_count<(__gnu_cxx::_Lock_policy)2>::~__shared_count()
calls=6 702 
* 6196
* 18

fn=(2906)
702 40
+2 32
+1 8
cfn=(3408) std::_Sp_counted_base<(__gnu_cxx::_Lock_policy)2>::_M_release()
calls=2 161 
* 6116
+1 24

fn=(3484) std::_Sp_counted_base<(__gnu_cxx::_Lock_policy)2>::~_Sp_counted_base()
130 8
+1 12

fn=(1890) std::_Sp_counted_ptr_inplace<std::__detail::_NFA<std::__cxx11::regex_traits<char> >, std::allocator<std::__detail::_NFA<std::__cxx11::regex_traits<char> > >, (__gnu_cxx::_Lock_policy)2>::_Sp_counted_ptr_inplace<std::locale const&, std::regex_constants::syntax_option_type&>(std::allocator<std::__detail::_NFA<std::__cxx11::regex_traits<char> > >, std::locale const&, std::regex_constants::syntax_option_type&)
514 26
+1 6
cfn=(1892) std::_Sp_counted_base<(__gnu_cxx::_Lock_policy)2>::_Sp_counted_base()
calls=2 126 
* 28
* 20
cfi=(241)
cfn=(1884)
calls=2 159 
* 44
* 8
cfn=(1894) std::_Sp_counted_ptr_inplace<std::__detail::_NFA<std::__cxx11::regex_traits<char> >, std::allocator<std::__detail::_NFA<std::__cxx11::regex_traits<char> > >, (__gnu_cxx::_Lock_policy)2>::_Impl::_Impl(std::allocator<std::__detail::_NFA<std::__cxx11::regex_traits<char> > >)
calls=2 -13 
* 100
* 6
cfi=(241)
cfn=(1898)
calls=2 174 
* 36
+4 6
cfi=(240)
cfn=(1846)
calls=2 77 
* 14
* 8
cfi=(240)
cfn=(1848)
calls=2 77 
* 14
* 8
cfn=(1902) std::_Sp_counted_ptr_inplace<std::__detail::_NFA<std::__cxx11::regex_traits<char> >, std::allocator<std::__detail::_NFA<std::__cxx11::regex_traits<char> > >, (__gnu_cxx::_Lock_policy)2>::_M_ptr()
calls=2 +46 
* 56
* 12
cfi=(244)
cfn=(1908) void std::allocator_traits<std::allocator<std::__detail::_NFA<std::__cxx11::regex_traits<char> > > >::construct<std::__detail::_NFA<std::__cxx11::regex_traits<char> >, std::locale const&, std::regex_constants::syntax_option_type&>(std::allocator<std::__detail::_NFA<std::__cxx11::regex_traits<char> > >&, std::__detail::_NFA<std::__cxx11::regex_traits<char> >*, std::locale const&, std::regex_constants::syntax_option_type&)
calls=2 -8 
* 1048
+2 18

fn=(1902)
565 54
cfi=(247) /usr/include/c++/11/ext/aligned_buffer.h
cfn=(1904) __gnu_cxx::__aligned_buffer<std::__detail::_NFA<std::__cxx11::regex_traits<char> > >::_M_ptr()
calls=6 114 
* 102
* 12

fn=(2886)
731 30
+2 18
+1 24
+1 18
+1 18

fn=(2990)
1299 8
+1 12

fn=(3478)
523 24
cfn=(3480)
calls=2 -26 
* 80
* 6
cfn=(3484)
calls=2 130 
* 20
* 6

fn=(1798)
1092 10
+1 12
cfn=(1800)
calls=2 587 
* 18
+1 6

fn=(1860)
643 34
+4 10
cfi=(241)
cfn=(1862)
calls=2 169 
* 38
+1 10
cfi=(243)
cfn=(1866) std::__allocated_ptr<std::allocator<std::_Sp_counted_ptr_inplace<std::__detail::_NFA<std::__cxx11::regex_traits<char> >, std::allocator<std::__detail::_NFA<std::__cxx11::regex_traits<char> > >, (__gnu_cxx::_Lock_policy)2> > > std::__allocate_guarded<std::allocator<std::_Sp_counted_ptr_inplace<std::__detail::_NFA<std::__cxx11::regex_traits<char> >, std::allocator<std::__detail::_NFA<std::__cxx11::regex_traits<char> > >, (__gnu_cxx::_Lock_policy)2> > >(std::allocator<std::_Sp_counted_ptr_inplace<std::__detail::_NFA<std::__cxx11::regex_traits<char> >, std::allocator<std::__detail::_NFA<std::__cxx11::regex_traits<char> > >, (__gnu_cxx::_Lock_policy)2> >&)
calls=2 96 
* 466
+1 6
cfi=(243)
cfn=(1880) std::__allocated_ptr<std::allocator<std::_Sp_counted_ptr_inplace<std::__detail::_NFA<std::__cxx11::regex_traits<char> >, std::allocator<std::__detail::_NFA<std::__cxx11::regex_traits<char> > >, (__gnu_cxx::_Lock_policy)2> > >::get()
calls=2 86 
* 36
* 2
+1 10
cfi=(241)
cfn=(1884)
calls=2 159 
* 44
* 2
+1 6
cfi=(240)
cfn=(1848)
calls=2 77 
* 14
* 8
cfi=(240)
cfn=(1846)
calls=2 77 
* 14
* 2
-1 8
cfi=(246) /usr/include/c++/11/new
cfn=(1888) operator new(unsigned long, void*)
calls=2 175 
* 16
* 12
cfn=(1890)
calls=2 514 
* 1458
* 8
cfi=(241)
cfn=(1898)
calls=2 174 
* 36
+2 8
cfi=(243)
cfn=(1950) std::__allocated_ptr<std::allocator<std::_Sp_counted_ptr_inplace<std::__detail::_NFA<std::__cxx11::regex_traits<char> >, std::allocator<std::__detail::_NFA<std::__cxx11::regex_traits<char> > >, (__gnu_cxx::_Lock_policy)2> > >::operator=(decltype(nullptr))
calls=2 79 
* 20
+1 6
+1 6
cfn=(1902)
calls=2 -89 
* 56
* 4
+1 6
cfi=(243)
cfn=(1952)
calls=2 71 
* 24
* 6
cfi=(241)
cfn=(1954)
calls=2 174 
* 36
* 24

fn=(1892)
126 8
+1 20

fn=(3482)
383 16
cfi=(241)
cfn=(1898)
calls=2 174 
* 36
* 6

fn=(1894)
502 22
cfn=(1896)
calls=2 385 
* 72
* 6

fn=(2028)
977 90
+2 36
+1 54
cfn=(2018)
calls=18 +12 
* 324
+1 36

fn=(2898) std::__shared_ptr<std::__detail::_NFA<std::__cxx11::regex_traits<char> > const, (__gnu_cxx::_Lock_policy)2>::swap(std::__shared_ptr<std::__detail::_NFA<std::__cxx11::regex_traits<char> > const, (__gnu_cxx::_Lock_policy)2>&)
1314 12
+2 10
cfi=(240)
cfn=(2900)
calls=2 196 
* 106
+1 14
cfn=(2886)
calls=2 731 
* 36
+1 6

fn=(2992) std::__shared_ptr_access<std::__detail::_NFA<std::__cxx11::regex_traits<char> > const, (__gnu_cxx::_Lock_policy)2, false, false>::operator->() const
984 10
+3 6
cfn=(2994)
calls=2 +5 
* 36
+1 4

fn=(2994)
992 20
+1 12
cfn=(2996) std::__shared_ptr<std::__detail::_NFA<std::__cxx11::regex_traits<char> > const, (__gnu_cxx::_Lock_policy)2>::get() const
calls=4 1295 
* 32
* 8

fn=(2996)
1295 16
+1 16

fn=(2016)
984 170
+3 102
cfn=(2018)
calls=34 +5 
* 612
+1 68

fn=(3414)
504 32
cfn=(3416)
calls=4 389 
* 28
* 8

fn=(2020)
1295 208
+1 208

fn=(2884)
1169 12
+1 16
cfn=(1800)
calls=2 587 
* 18
+2 14
cfn=(2886)
calls=2 731 
* 36
+1 4
+1 6

fn=(2892)
1248 18
+2 6
cfi=(240)
cfn=(2894)
calls=2 104 
* 14
* 10
cfn=(2896)
calls=2 -89 
* 106
* 10
cfn=(2898)
calls=2 +64 
* 184
* 6
cfn=(2904)
calls=2 -96 
* 48
+1 2
+1 10

fn=(2944)
1154 18
cfn=(2906)
calls=2 702 
* 24
* 6

fn=(3408)
161 10
+4 8
fi=(277) /usr/include/c++/11/ext/atomicity.h
52 6
+46 12
-14 6
+1 12
+1 2
+13 2
fe=(232)
+66 8
+3 14
cfn=(3412) std::_Sp_counted_ptr_inplace<std::__detail::_NFA<std::__cxx11::regex_traits<char> >, std::allocator<std::__detail::_NFA<std::__cxx11::regex_traits<char> > >, (__gnu_cxx::_Lock_policy)2>::_M_dispose()
calls=2 526 
* 5280
+12 8
fi=(277)
52 6
+46 12
-14 6
+1 12
+1 2
+13 2
fe=(232)
+82 4
-1 4
+4 14
cfn=(3476)
calls=2 533 
* 680
+3 6

fn=(3412)
526 12
+2 6
cfn=(1902)
calls=2 +37 
* 56
* 10
cfn=(3414)
calls=2 -24 
* 34
* 6
cfi=(244)
cfn=(3418) void std::allocator_traits<std::allocator<std::__detail::_NFA<std::__cxx11::regex_traits<char> > > >::destroy<std::__detail::_NFA<std::__cxx11::regex_traits<char> > >(std::allocator<std::__detail::_NFA<std::__cxx11::regex_traits<char> > >&, std::__detail::_NFA<std::__cxx11::regex_traits<char> >*)
calls=2 +3 
* 5148
+1 8

fl=(241)
fn=(1934) std::allocator<std::__detail::_State<char> >::allocator()
156 16
cfi=(242) /usr/include/c++/11/ext/new_allocator.h
cfn=(1936) __gnu_cxx::new_allocator<std::__detail::_State<char> >::new_allocator()
calls=2 -77 
* 14
* 6

fn=(2702) std::allocator<std::__cxx11::regex_traits<char>::_RegexMask>::allocator(std::allocator<std::__cxx11::regex_traits<char>::_RegexMask> const&)
159 18
+1 15
cfi=(242)
cfn=(2704) __gnu_cxx::new_allocator<std::__cxx11::regex_traits<char>::_RegexMask>::new_allocator(__gnu_cxx::new_allocator<std::__cxx11::regex_traits<char>::_RegexMask> const&)
calls=3 -78 
* 24
* 9

fn=(3080) std::allocator<std::pair<__gnu_cxx::__normal_iterator<char const*, std::__cxx11::basic_string<char, std::char_traits<char>, std::allocator<char> > >, int> >::allocator()
156 16
cfi=(242)
cfn=(3082) __gnu_cxx::new_allocator<std::pair<__gnu_cxx::__normal_iterator<char const*, std::__cxx11::basic_string<char, std::char_traits<char>, std::allocator<char> > >, int> >::new_allocator()
calls=2 -77 
* 14
* 6

fn=(3472) std::allocator<unsigned long>::~allocator()
174 16
cfi=(242)
cfn=(3474) __gnu_cxx::new_allocator<unsigned long>::~new_allocator()
calls=2 -85 
* 14
* 6

fn=(1884)
159 36
+1 30
cfi=(242)
cfn=(1886) __gnu_cxx::new_allocator<std::__detail::_NFA<std::__cxx11::regex_traits<char> > >::new_allocator(__gnu_cxx::new_allocator<std::__detail::_NFA<std::__cxx11::regex_traits<char> > > const&)
calls=6 -78 
* 48
* 18

fn=(1968) std::allocator<std::__detail::_StateSeq<std::__cxx11::regex_traits<char> > >::allocator()
156 16
cfi=(242)
cfn=(1970) __gnu_cxx::new_allocator<std::__detail::_StateSeq<std::__cxx11::regex_traits<char> > >::new_allocator()
calls=2 -77 
* 14
* 6

fn=(2950) std::allocator<std::__cxx11::sub_match<__gnu_cxx::__normal_iterator<char const*, std::__cxx11::basic_string<char, std::char_traits<char>, std::allocator<char> > > > >::allocator()
156 32
cfi=(242)
cfn=(2952) __gnu_cxx::new_allocator<std::__cxx11::sub_match<__gnu_cxx::__normal_iterator<char const*, std::__cxx11::basic_string<char, std::char_traits<char>, std::allocator<char> > > > >::new_allocator()
calls=4 -77 
* 28
* 12

fn=(3088) std::allocator<std::pair<__gnu_cxx::__normal_iterator<char const*, std::__cxx11::basic_string<char, std::char_traits<char>, std::allocator<char> > >, int> >::allocator(std::allocator<std::pair<__gnu_cxx::__normal_iterator<char const*, std::__cxx11::basic_string<char, std::char_traits<char>, std::allocator<char> > >, int> > const&)
159 24
+1 20
cfi=(242)
cfn=(3090) __gnu_cxx::new_allocator<std::pair<__gnu_cxx::__normal_iterator<char const*, std::__cxx11::basic_string<char, std::char_traits<char>, std::allocator<char> > >, int> >::new_allocator(__gnu_cxx::new_allocator<std::pair<__gnu_cxx::__normal_iterator<char const*, std::__cxx11::basic_string<char, std::char_traits<char>, std::allocator<char> > >, int> > const&)
calls=4 -78 
* 32
* 12

fn=(1850)
156 16
cfi=(242)
cfn=(1852) __gnu_cxx::new_allocator<std::__detail::_NFA<std::__cxx11::regex_traits<char> > >::new_allocator()
calls=2 -77 
* 14
* 6

fn=(1988) std::allocator<std::__detail::_StateSeq<std::__cxx11::regex_traits<char> >*>::allocator<std::__detail::_StateSeq<std::__cxx11::regex_traits<char> > >(std::allocator<std::__detail::_StateSeq<std::__cxx11::regex_traits<char> > > const&)
169 36
cfi=(242)
cfn=(1990) __gnu_cxx::new_allocator<std::__detail::_StateSeq<std::__cxx11::regex_traits<char> >*>::new_allocator()
calls=4 -90 
* 28
* 12

fn=(1998) std::allocator<std::__detail::_StateSeq<std::__cxx11::regex_traits<char> >*>::~allocator()
174 32
cfi=(242)
cfn=(2000) __gnu_cxx::new_allocator<std::__detail::_StateSeq<std::__cxx11::regex_traits<char> >*>::~new_allocator()
calls=4 -85 
* 28
* 12

fn=(2326) std::allocator<std::__cxx11::regex_traits<char>::_RegexMask>::allocator()
156 24
cfi=(242)
cfn=(2328) __gnu_cxx::new_allocator<std::__cxx11::regex_traits<char>::_RegexMask>::new_allocator()
calls=3 -77 
* 21
* 9

fn=(2786) std::allocator<std::pair<char, char> >::~allocator()
174 48
cfi=(242)
cfn=(2788) __gnu_cxx::new_allocator<std::pair<char, char> >::~new_allocator()
calls=6 -85 
* 42
* 18

fn=(2806) std::allocator<std::__cxx11::basic_string<char, std::char_traits<char>, std::allocator<char> > >::~allocator()
174 48
cfi=(242)
cfn=(2808) __gnu_cxx::new_allocator<std::__cxx11::basic_string<char, std::char_traits<char>, std::allocator<char> > >::~new_allocator()
calls=6 -85 
* 42
* 18

fn=(1898)
174 64
cfi=(242)
cfn=(1900) __gnu_cxx::new_allocator<std::__detail::_NFA<std::__cxx11::regex_traits<char> > >::~new_allocator()
calls=8 -85 
* 56
* 24

fn=(1922) std::allocator<unsigned long>::allocator()
156 16
cfi=(242)
cfn=(1924) __gnu_cxx::new_allocator<unsigned long>::new_allocator()
calls=2 -77 
* 14
* 6

fn=(1954)
174 32
cfi=(242)
cfn=(1956) __gnu_cxx::new_allocator<std::_Sp_counted_ptr_inplace<std::__detail::_NFA<std::__cxx11::regex_traits<char> >, std::allocator<std::__detail::_NFA<std::__cxx11::regex_traits<char> > >, (__gnu_cxx::_Lock_policy)2> >::~new_allocator()
calls=4 -85 
* 28
* 12

fn=(2302) std::allocator<std::__cxx11::basic_string<char, std::char_traits<char>, std::allocator<char> > >::allocator()
156 24
cfi=(242)
cfn=(2304) __gnu_cxx::new_allocator<std::__cxx11::basic_string<char, std::char_traits<char>, std::allocator<char> > >::new_allocator()
calls=3 -77 
* 21
* 9

fn=(2314) std::allocator<std::pair<char, char> >::allocator()
156 24
cfi=(242)
cfn=(2316) __gnu_cxx::new_allocator<std::pair<char, char> >::new_allocator()
calls=3 -77 
* 21
* 9

fn=(2688) std::allocator<std::pair<char, char> >::allocator(std::allocator<std::pair<char, char> > const&)
159 18
+1 15
cfi=(242)
cfn=(2690) __gnu_cxx::new_allocator<std::pair<char, char> >::new_allocator(__gnu_cxx::new_allocator<std::pair<char, char> > const&)
calls=3 -78 
* 24
* 9

fn=(2766) std::allocator<std::__cxx11::regex_traits<char>::_RegexMask>::~allocator()
174 48
cfi=(242)
cfn=(2768) __gnu_cxx::new_allocator<std::__cxx11::regex_traits<char>::_RegexMask>::~new_allocator()
calls=6 -85 
* 42
* 18

fn=(3100) std::allocator<std::pair<__gnu_cxx::__normal_iterator<char const*, std::__cxx11::basic_string<char, std::char_traits<char>, std::allocator<char> > >, int> >::~allocator()
174 48
cfi=(242)
cfn=(3102) __gnu_cxx::new_allocator<std::pair<__gnu_cxx::__normal_iterator<char const*, std::__cxx11::basic_string<char, std::char_traits<char>, std::allocator<char> > >, int> >::~new_allocator()
calls=6 -85 
* 42
* 18

fn=(3454) std::allocator<std::__detail::_State<char> >::~allocator()
174 16
cfi=(242)
cfn=(3456) __gnu_cxx::new_allocator<std::__detail::_State<char> >::~new_allocator()
calls=2 -85 
* 14
* 6

fn=(1862)
169 36
cfi=(242)
cfn=(1864) __gnu_cxx::new_allocator<std::_Sp_counted_ptr_inplace<std::__detail::_NFA<std::__cxx11::regex_traits<char> >, std::allocator<std::__detail::_NFA<std::__cxx11::regex_traits<char> > >, (__gnu_cxx::_Lock_policy)2> >::new_allocator()
calls=4 -90 
* 28
* 12

fn=(2674) std::allocator<std::__cxx11::basic_string<char, std::char_traits<char>, std::allocator<char> > >::allocator(std::allocator<std::__cxx11::basic_string<char, std::char_traits<char>, std::allocator<char> > > const&)
159 18
+1 15
cfi=(242)
cfn=(2676) __gnu_cxx::new_allocator<std::__cxx11::basic_string<char, std::char_traits<char>, std::allocator<char> > >::new_allocator(__gnu_cxx::new_allocator<std::__cxx11::basic_string<char, std::char_traits<char>, std::allocator<char> > > const&)
calls=3 -78 
* 24
* 9

fn=(2962) std::allocator<std::__cxx11::sub_match<__gnu_cxx::__normal_iterator<char const*, std::__cxx11::basic_string<char, std::char_traits<char>, std::allocator<char> > > > >::allocator(std::allocator<std::__cxx11::sub_match<__gnu_cxx::__normal_iterator<char const*, std::__cxx11::basic_string<char, std::char_traits<char>, std::allocator<char> > > > > const&)
159 36
+1 30
cfi=(242)
cfn=(2964) __gnu_cxx::new_allocator<std::__cxx11::sub_match<__gnu_cxx::__normal_iterator<char const*, std::__cxx11::basic_string<char, std::char_traits<char>, std::allocator<char> > > > >::new_allocator(__gnu_cxx::new_allocator<std::__cxx11::sub_match<__gnu_cxx::__normal_iterator<char const*, std::__cxx11::basic_string<char, std::char_traits<char>, std::allocator<char> > > > > const&)
calls=6 -78 
* 48
* 18

fn=(2938) std::allocator<std::__detail::_StateSeq<std::__cxx11::regex_traits<char> > >::~allocator()
174 16
cfi=(242)
cfn=(2940) __gnu_cxx::new_allocator<std::__detail::_StateSeq<std::__cxx11::regex_traits<char> > >::~new_allocator()
calls=2 -85 
* 14
* 6

fn=(2970) std::allocator<std::__cxx11::sub_match<__gnu_cxx::__normal_iterator<char const*, std::__cxx11::basic_string<char, std::char_traits<char>, std::allocator<char> > > > >::~allocator()
174 80
cfi=(242)
cfn=(2972) __gnu_cxx::new_allocator<std::__cxx11::sub_match<__gnu_cxx::__normal_iterator<char const*, std::__cxx11::basic_string<char, std::char_traits<char>, std::allocator<char> > > > >::~new_allocator()
calls=10 -85 
* 70
* 30

fl=(245) /usr/include/c++/11/bits/ptr_traits.h
fn=(1882) std::_Sp_counted_ptr_inplace<std::__detail::_NFA<std::__cxx11::regex_traits<char> >, std::allocator<std::__detail::_NFA<std::__cxx11::regex_traits<char> > >, (__gnu_cxx::_Lock_policy)2>* std::__to_address<std::_Sp_counted_ptr_inplace<std::__detail::_NFA<std::__cxx11::regex_traits<char> >, std::allocator<std::__detail::_NFA<std::__cxx11::regex_traits<char> > >, (__gnu_cxx::_Lock_policy)2> >(std::_Sp_counted_ptr_inplace<std::__detail::_NFA<std::__cxx11::regex_traits<char> >, std::allocator<std::__detail::_NFA<std::__cxx11::regex_traits<char> > >, (__gnu_cxx::_Lock_policy)2>*)
159 8
+3 2
+1 4

fl=(246)
fn=(1888)
175 1472

fl=(206) /usr/include/c++/11/bits/basic_string.h
fn=(1334) std::__cxx11::basic_string<char, std::char_traits<char>, std::allocator<char> >::basic_string<std::allocator<char> >(char const*, std::allocator<char> const&)
533 44
+1 16
cob=(2)
cfi=(51)
cfn=(1336)
calls=4 0 
* 20
* 24
cob=(2)
cfi=(51)
cfn=(1340)
calls=4 0 
* 20
+2 20
cfi=(207)
cfn=(1344) std::char_traits<char>::length(char const*)
calls=4 393 
* 128
* 16
+3 24
cfi=(208)
cfn=(1348)
calls=4 206 
* 1603
+1 28

fn=(3356) std::__cxx11::basic_string<char, std::char_traits<char>, std::allocator<char> >::basic_string<__gnu_cxx::__normal_iterator<char const*, std::__cxx11::basic_string<char, std::char_traits<char>, std::allocator<char> > >, void>(__gnu_cxx::__normal_iterator<char const*, std::__cxx11::basic_string<char, std::char_traits<char>, std::allocator<char> > >, __gnu_cxx::__normal_iterator<char const*, std::__cxx11::basic_string<char, std::char_traits<char>, std::allocator<char> > >, std::allocator<char> const&)
638 27
+2 12
cob=(2)
cfi=(51)
cfn=(1336)
calls=3 0 
* 15
* 18
cob=(2)
cfi=(51)
cfn=(1340)
calls=3 0 
* 15
+1 18
cfn=(3358) void std::__cxx11::basic_string<char, std::char_traits<char>, std::allocator<char> >::_M_construct<__gnu_cxx::__normal_iterator<char const*, std::__cxx11::basic_string<char, std::char_traits<char>, std::allocator<char> > > >(__gnu_cxx::__normal_iterator<char const*, std::__cxx11::basic_string<char, std::char_traits<char>, std::allocator<char> > >, __gnu_cxx::__normal_iterator<char const*, std::__cxx11::basic_string<char, std::char_traits<char>, std::allocator<char> > >)
calls=3 271 
* 612
* 12

fn=(3360) void std::__cxx11::basic_string<char, std::char_traits<char>, std::allocator<char> >::_M_construct_aux<__gnu_cxx::__normal_iterator<char const*, std::__cxx11::basic_string<char, std::char_traits<char>, std::allocator<char> > > >(__gnu_cxx::__normal_iterator<char const*, std::__cxx11::basic_string<char, std::char_traits<char>, std::allocator<char> > >, __gnu_cxx::__normal_iterator<char const*, std::__cxx11::basic_string<char, std::char_traits<char>, std::allocator<char> > >, std::__false_type)
251 30
+4 18
cfi=(208)
cfn=(3362)
calls=3 -49 
* 498
+1 18

fn=(3564) std::__cxx11::stoi(std::__cxx11::basic_string<char, std::char_traits<char>, std::allocator<char> > const&, unsigned long*, int)
6620 10
cob=(2)
cfi=(51)
cfn=(3380)
calls=1 0 
* 5
* 10
cfi=(273) /usr/include/c++/11/ext/string_conversions.h
cfn=(3566) int __gnu_cxx::__stoa<long, int, char, int>(long (*)(char const*, char**, int), char const*, char const*, unsigned long*, int)
calls=1 54 
* 234
+1 2

fn=(2534) std::__cxx11::basic_string<char, std::char_traits<char>, std::allocator<char> >::basic_string<char*, void>(char*, char*, std::allocator<char> const&)
638 6642
+2 2952
cob=(2)
cfi=(51)
cfn=(1336)
calls=738 0 
* 3690
* 4428
cob=(2)
cfi=(51)
cfn=(1340)
calls=738 0 
* 3690
+1 4428
cfn=(2536) void std::__cxx11::basic_string<char, std::char_traits<char>, std::allocator<char> >::_M_construct<char*>(char*, char*)
calls=738 271 
* 108486
* 2952

fn=(2536)
271 5166
+3 4428
cfn=(2538) void std::__cxx11::basic_string<char, std::char_traits<char>, std::allocator<char> >::_M_construct_aux<char*>(char*, char*, std::__false_type)
calls=738 -23 
* 96678
+1 2214

fn=(1764) bool std::operator!=<char, std::char_traits<char>, std::allocator<char> >(std::__cxx11::basic_string<char, std::char_traits<char>, std::allocator<char> > const&, char const*)
6327 6
+2 5
cfn=(1766) bool std::operator==<char, std::char_traits<char>, std::allocator<char> >(std::__cxx11::basic_string<char, std::char_traits<char>, std::allocator<char> > const&, char const*)
calls=1 -81 
* 912
* 3

fn=(3378) std::__cxx11::stoul(std::__cxx11::basic_string<char, std::char_traits<char>, std::allocator<char> > const&, unsigned long*, int)
6630 40
cob=(2)
cfi=(51)
cfn=(3380)
calls=4 0 
* 20
* 40
cfi=(273)
cfn=(3384) unsigned long __gnu_cxx::__stoa<unsigned long, unsigned long, char, int>(unsigned long (*)(char const*, char**, int), char const*, char const*, unsigned long*, int)
calls=4 54 
* 1053
+1 8

fn=(3358)
271 21
+3 18
cfn=(3360)
calls=3 -23 
* 564
+1 9

fn=(1766)
6248 24
+2 20
cob=(2)
cfi=(51)
cfn=(1768)
calls=4 0 
* 1092
* 16

fn=(2538)
251 7380
+4 4428
cfi=(208)
cfn=(1388)
calls=738 -49 
* 80442
+1 4428

fl=(244)
fn=(1868) std::allocator_traits<std::allocator<std::_Sp_counted_ptr_inplace<std::__detail::_NFA<std::__cxx11::regex_traits<char> >, std::allocator<std::__detail::_NFA<std::__cxx11::regex_traits<char> > >, (__gnu_cxx::_Lock_policy)2> > >::allocate(std::allocator<std::_Sp_counted_ptr_inplace<std::__detail::_NFA<std::__cxx11::regex_traits<char> >, std::allocator<std::__detail::_NFA<std::__cxx11::regex_traits<char> > >, (__gnu_cxx::_Lock_policy)2> >&, unsigned long)
463 12
+1 12
cfi=(242)
cfn=(1870) __gnu_cxx::new_allocator<std::_Sp_counted_ptr_inplace<std::__detail::_NFA<std::__cxx11::regex_traits<char> >, std::allocator<std::__detail::_NFA<std::__cxx11::regex_traits<char> > >, (__gnu_cxx::_Lock_policy)2> >::allocate(unsigned long, void const*)
calls=2 103 
* 350
* 4

fn=(2774) void std::_Destroy<std::pair<char, char>*, std::pair<char, char> >(std::pair<char, char>*, std::pair<char, char>*, std::allocator<std::pair<char, char> >&)
845 42
+3 30
cfi=(265)
cfn=(2776) void std::_Destroy<std::pair<char, char>*>(std::pair<char, char>*, std::pair<char, char>*)
calls=6 182 
* 132
+1 18

fn=(2932) std::allocator_traits<std::allocator<std::__detail::_StateSeq<std::__cxx11::regex_traits<char> >*> >::deallocate(std::allocator<std::__detail::_StateSeq<std::__cxx11::regex_traits<char> >*>&, std::__detail::_StateSeq<std::__cxx11::regex_traits<char> >**, unsigned long)
495 14
+1 12
cfi=(242)
cfn=(2934) __gnu_cxx::new_allocator<std::__detail::_StateSeq<std::__cxx11::regex_traits<char> >*>::deallocate(std::__detail::_StateSeq<std::__cxx11::regex_traits<char> >**, unsigned long)
calls=2 132 
* 228
* 6

fn=(3326) std::allocator_traits<std::allocator<std::__cxx11::sub_match<__gnu_cxx::__normal_iterator<char const*, std::__cxx11::basic_string<char, std::char_traits<char>, std::allocator<char> > > > > >::deallocate(std::allocator<std::__cxx11::sub_match<__gnu_cxx::__normal_iterator<char const*, std::__cxx11::basic_string<char, std::char_traits<char>, std::allocator<char> > > > >&, std::__cxx11::sub_match<__gnu_cxx::__normal_iterator<char const*, std::__cxx11::basic_string<char, std::char_traits<char>, std::allocator<char> > > >*, unsigned long)
495 28
+1 24
cfi=(242)
cfn=(3328) __gnu_cxx::new_allocator<std::__cxx11::sub_match<__gnu_cxx::__normal_iterator<char const*, std::__cxx11::basic_string<char, std::char_traits<char>, std::allocator<char> > > > >::deallocate(std::__cxx11::sub_match<__gnu_cxx::__normal_iterator<char const*, std::__cxx11::basic_string<char, std::char_traits<char>, std::allocator<char> > > >*, unsigned long)
calls=4 132 
* 472
* 12

fn=(2074)
511 35
+5 15
cfi=(240)
cfn=(2072)
calls=5 77 
* 35
* 30
cfi=(242)
cfn=(2076) void __gnu_cxx::new_allocator<unsigned long>::construct<unsigned long, unsigned long const&>(unsigned long*, unsigned long const&)
calls=5 160 
* 180
+4 15

fn=(2794) void std::_Destroy<std::__cxx11::basic_string<char, std::char_traits<char>, std::allocator<char> >*, std::__cxx11::basic_string<char, std::char_traits<char>, std::allocator<char> > >(std::__cxx11::basic_string<char, std::char_traits<char>, std::allocator<char> >*, std::__cxx11::basic_string<char, std::char_traits<char>, std::allocator<char> >*, std::allocator<std::__cxx11::basic_string<char, std::char_traits<char>, std::allocator<char> > >&)
845 42
+3 30
cfi=(265)
cfn=(2796) void std::_Destroy<std::__cxx11::basic_string<char, std::char_traits<char>, std::allocator<char> >*>(std::__cxx11::basic_string<char, std::char_traits<char>, std::allocator<char> >*, std::__cxx11::basic_string<char, std::char_traits<char>, std::allocator<char> >*)
calls=6 182 
* 168
+1 18

fn=(3320) std::allocator_traits<std::allocator<std::pair<__gnu_cxx::__normal_iterator<char const*, std::__cxx11::basic_string<char, std::char_traits<char>, std::allocator<char> > >, int> > >::deallocate(std::allocator<std::pair<__gnu_cxx::__normal_iterator<char const*, std::__cxx11::basic_string<char, std::char_traits<char>, std::allocator<char> > >, int> >&, std::pair<__gnu_cxx::__normal_iterator<char const*, std::__cxx11::basic_string<char, std::char_traits<char>, std::allocator<char> > >, int>*, unsigned long)
495 14
+1 12
cfi=(242)
cfn=(3322) __gnu_cxx::new_allocator<std::pair<__gnu_cxx::__normal_iterator<char const*, std::__cxx11::basic_string<char, std::char_traits<char>, std::allocator<char> > >, int> >::deallocate(std::pair<__gnu_cxx::__normal_iterator<char const*, std::__cxx11::basic_string<char, std::char_traits<char>, std::allocator<char> > >, int>*, unsigned long)
calls=2 132 
* 230
* 6

fn=(3418)
531 12
+4 10
cfi=(242)
cfn=(3420) void __gnu_cxx::new_allocator<std::__detail::_NFA<std::__cxx11::regex_traits<char> > >::destroy<std::__detail::_NFA<std::__cxx11::regex_traits<char> > >(std::__detail::_NFA<std::__cxx11::regex_traits<char> >*)
calls=2 166 
* 5120
+4 6

fn=(1908)
511 18
+5 6
cfi=(240)
cfn=(1846)
calls=2 77 
* 14
* 8
cfi=(240)
cfn=(1848)
calls=2 77 
* 14
* 12
cfi=(242)
cfn=(1910) void __gnu_cxx::new_allocator<std::__detail::_NFA<std::__cxx11::regex_traits<char> > >::construct<std::__detail::_NFA<std::__cxx11::regex_traits<char> >, std::locale const&, std::regex_constants::syntax_option_type&>(std::__detail::_NFA<std::__cxx11::regex_traits<char> >*, std::locale const&, std::regex_constants::syntax_option_type&)
calls=2 160 
* 968
+4 8

fn=(2576) void std::_Destroy<char*, char>(char*, char*, std::allocator<char>&)
845 5208
+3 3720
cfi=(265)
cfn=(2578) void std::_Destroy<char*>(char*, char*)
calls=744 182 
* 16368
+1 2232

fn=(3056)
845 56
+3 40
cfi=(265)
cfn=(3058) void std::_Destroy<std::__cxx11::sub_match<__gnu_cxx::__normal_iterator<char const*, std::__cxx11::basic_string<char, std::char_traits<char>, std::allocator<char> > > >*>(std::__cxx11::sub_match<__gnu_cxx::__normal_iterator<char const*, std::__cxx11::basic_string<char, std::char_traits<char>, std::allocator<char> > > >*, std::__cxx11::sub_match<__gnu_cxx::__normal_iterator<char const*, std::__cxx11::basic_string<char, std::char_traits<char>, std::allocator<char> > > >*)
calls=8 182 
* 176
+1 24

fn=(3094) std::allocator_traits<std::allocator<std::pair<__gnu_cxx::__normal_iterator<char const*, std::__cxx11::basic_string<char, std::char_traits<char>, std::allocator<char> > >, int> > >::max_size(std::allocator<std::pair<__gnu_cxx::__normal_iterator<char const*, std::__cxx11::basic_string<char, std::char_traits<char>, std::allocator<char> > >, int> > const&)
547 10
+3 6
cfi=(242)
cfn=(3096) __gnu_cxx::new_allocator<std::pair<__gnu_cxx::__normal_iterator<char const*, std::__cxx11::basic_string<char, std::char_traits<char>, std::allocator<char> > >, int> >::max_size() const
calls=2 154 
* 34
+4 4

fn=(3428) void std::_Destroy<std::__detail::_State<char>*, std::__detail::_State<char> >(std::__detail::_State<char>*, std::__detail::_State<char>*, std::allocator<std::__detail::_State<char> >&)
845 14
+3 10
cfi=(265)
cfn=(3430) void std::_Destroy<std::__detail::_State<char>*>(std::__detail::_State<char>*, std::__detail::_State<char>*)
calls=2 182 
* 3909
+1 6

fn=(2068) std::allocator_traits<std::allocator<unsigned long> >::allocate(std::allocator<unsigned long>&, unsigned long)
463 24
+1 24
cfi=(242)
cfn=(2070) __gnu_cxx::new_allocator<unsigned long>::allocate(unsigned long, void const*)
calls=4 103 
* 670
* 8

fn=(2124) std::allocator_traits<std::allocator<std::__detail::_State<char> > >::max_size(std::allocator<std::__detail::_State<char> > const&)
547 110
+3 66
cfi=(242)
cfn=(2126) __gnu_cxx::new_allocator<std::__detail::_State<char> >::max_size() const
calls=22 154 
* 374
+4 44

fn=(2478) std::allocator_traits<std::allocator<char> >::max_size(std::allocator<char> const&)
547 3690
+3 2214
cfi=(242)
cfn=(2480) __gnu_cxx::new_allocator<char>::max_size() const
calls=738 154 
* 12546
+4 1476

fn=(3298)
845 14
+3 10
cfi=(265)
cfn=(3300) void std::_Destroy<__gnu_cxx::__normal_iterator<std::__cxx11::sub_match<__gnu_cxx::__normal_iterator<char const*, std::__cxx11::basic_string<char, std::char_traits<char>, std::allocator<char> > > >*, std::vector<std::__cxx11::sub_match<__gnu_cxx::__normal_iterator<char const*, std::__cxx11::basic_string<char, std::char_traits<char>, std::allocator<char> > > >, std::allocator<std::__cxx11::sub_match<__gnu_cxx::__normal_iterator<char const*, std::__cxx11::basic_string<char, std::char_traits<char>, std::allocator<char> > > > > > > >(__gnu_cxx::__normal_iterator<std::__cxx11::sub_match<__gnu_cxx::__normal_iterator<char const*, std::__cxx11::basic_string<char, std::char_traits<char>, std::allocator<char> > > >*, std::vector<std::__cxx11::sub_match<__gnu_cxx::__normal_iterator<char const*, std::__cxx11::basic_string<char, std::char_traits<char>, std::allocator<char> > > >, std::allocator<std::__cxx11::sub_match<__gnu_cxx::__normal_iterator<char const*, std::__cxx11::basic_string<char, std::char_traits<char>, std::allocator<char> > > > > > >, __gnu_cxx::__normal_iterator<std::__cxx11::sub_match<__gnu_cxx::__normal_iterator<char const*, std::__cxx11::basic_string<char, std::char_traits<char>, std::allocator<char> > > >*, std::vector<std::__cxx11::sub_match<__gnu_cxx::__normal_iterator<char const*, std::__cxx11::basic_string<char, std::char_traits<char>, std::allocator<char> > > >, std::allocator<std::__cxx11::sub_match<__gnu_cxx::__normal_iterator<char const*, std::__cxx11::basic_string<char, std::char_traits<char>, std::allocator<char> > > > > > >)
calls=2 182 
* 44
+1 6

fn=(2144)
511 518
+5 222
cfi=(240)
cfn=(2108)
calls=74 77 
* 518
* 444
cfi=(242)
cfn=(2146) void __gnu_cxx::new_allocator<std::__detail::_State<char> >::construct<std::__detail::_State<char>, std::__detail::_State<char> >(std::__detail::_State<char>*, std::__detail::_State<char>&&)
calls=74 160 
* 7308
+4 222

fn=(2276) std::allocator_traits<std::allocator<unsigned long> >::deallocate(std::allocator<unsigned long>&, unsigned long*, unsigned long)
495 28
+1 24
cfi=(242)
cfn=(2278) __gnu_cxx::new_allocator<unsigned long>::deallocate(unsigned long*, unsigned long)
calls=4 132 
* 456
* 12

fn=(2006) std::allocator_traits<std::allocator<std::__detail::_StateSeq<std::__cxx11::regex_traits<char> > > >::allocate(std::allocator<std::__detail::_StateSeq<std::__cxx11::regex_traits<char> > >&, unsigned long)
463 12
+1 12
cfi=(242)
cfn=(2008) __gnu_cxx::new_allocator<std::__detail::_StateSeq<std::__cxx11::regex_traits<char> > >::allocate(unsigned long, void const*)
calls=2 103 
* 342
* 4

fn=(2050) std::allocator_traits<std::allocator<unsigned long> >::max_size(std::allocator<unsigned long> const&)
547 40
+3 24
cfi=(242)
cfn=(2052) __gnu_cxx::new_allocator<unsigned long>::max_size() const
calls=8 154 
* 136
+4 16

fn=(2208) std::allocator_traits<std::allocator<std::__detail::_State<char> > >::deallocate(std::allocator<std::__detail::_State<char> >&, std::__detail::_State<char>*, unsigned long)
495 77
+1 66
cfi=(242)
cfn=(2210) __gnu_cxx::new_allocator<std::__detail::_State<char> >::deallocate(std::__detail::_State<char>*, unsigned long)
calls=11 132 
* 1341
* 33

fn=(2250) void std::allocator_traits<std::allocator<std::__detail::_StateSeq<std::__cxx11::regex_traits<char> > > >::destroy<std::__detail::_StateSeq<std::__cxx11::regex_traits<char> > >(std::allocator<std::__detail::_StateSeq<std::__cxx11::regex_traits<char> > >&, std::__detail::_StateSeq<std::__cxx11::regex_traits<char> >*)
531 180
+4 150
cfi=(242)
cfn=(2252) void __gnu_cxx::new_allocator<std::__detail::_StateSeq<std::__cxx11::regex_traits<char> > >::destroy<std::__detail::_StateSeq<std::__cxx11::regex_traits<char> > >(std::__detail::_StateSeq<std::__cxx11::regex_traits<char> >*)
calls=30 166 
* 240
+4 90

fn=(2490) std::allocator_traits<std::allocator<char> >::allocate(std::allocator<char>&, unsigned long)
463 4428
+1 4428
cfi=(242)
cfn=(2492) __gnu_cxx::new_allocator<char>::allocate(unsigned long, void const*)
calls=738 103 
* 62730
* 1476

fn=(2754) void std::_Destroy<std::__cxx11::regex_traits<char>::_RegexMask*, std::__cxx11::regex_traits<char>::_RegexMask>(std::__cxx11::regex_traits<char>::_RegexMask*, std::__cxx11::regex_traits<char>::_RegexMask*, std::allocator<std::__cxx11::regex_traits<char>::_RegexMask>&)
845 42
+3 30
cfi=(265)
cfn=(2756) void std::_Destroy<std::__cxx11::regex_traits<char>::_RegexMask*>(std::__cxx11::regex_traits<char>::_RegexMask*, std::__cxx11::regex_traits<char>::_RegexMask*)
calls=6 182 
* 132
+1 18

fn=(2826) void std::allocator_traits<std::allocator<std::__detail::_StateSeq<std::__cxx11::regex_traits<char> > > >::construct<std::__detail::_StateSeq<std::__cxx11::regex_traits<char> >, std::__detail::_StateSeq<std::__cxx11::regex_traits<char> > const&>(std::allocator<std::__detail::_StateSeq<std::__cxx11::regex_traits<char> > >&, std::__detail::_StateSeq<std::__cxx11::regex_traits<char> >*, std::__detail::_StateSeq<std::__cxx11::regex_traits<char> > const&)
511 119
+5 51
cfi=(240)
cfn=(2828)
calls=17 77 
* 119
* 102
cfi=(242)
cfn=(2830) void __gnu_cxx::new_allocator<std::__detail::_StateSeq<std::__cxx11::regex_traits<char> > >::construct<std::__detail::_StateSeq<std::__cxx11::regex_traits<char> >, std::__detail::_StateSeq<std::__cxx11::regex_traits<char> > const&>(std::__detail::_StateSeq<std::__cxx11::regex_traits<char> >*, std::__detail::_StateSeq<std::__cxx11::regex_traits<char> > const&)
calls=17 160 
* 714
+4 51

fn=(2848) void std::allocator_traits<std::allocator<unsigned long> >::destroy<unsigned long>(std::allocator<unsigned long>&, unsigned long*)
531 30
+4 25
cfi=(242)
cfn=(2850) void __gnu_cxx::new_allocator<unsigned long>::destroy<unsigned long>(unsigned long*)
calls=5 166 
* 40
+4 15

fn=(3020) std::allocator_traits<std::allocator<std::__cxx11::sub_match<__gnu_cxx::__normal_iterator<char const*, std::__cxx11::basic_string<char, std::char_traits<char>, std::allocator<char> > > > > >::max_size(std::allocator<std::__cxx11::sub_match<__gnu_cxx::__normal_iterator<char const*, std::__cxx11::basic_string<char, std::char_traits<char>, std::allocator<char> > > > > const&)
547 10
+3 6
cfi=(242)
cfn=(3022) __gnu_cxx::new_allocator<std::__cxx11::sub_match<__gnu_cxx::__normal_iterator<char const*, std::__cxx11::basic_string<char, std::char_traits<char>, std::allocator<char> > > > >::max_size() const
calls=2 154 
* 34
+4 4

fn=(3462) void std::_Destroy<unsigned long*, unsigned long>(unsigned long*, unsigned long*, std::allocator<unsigned long>&)
845 14
+3 10
cfi=(265)
cfn=(3464) void std::_Destroy<unsigned long*>(unsigned long*, unsigned long*)
calls=2 182 
* 44
+1 6

fn=(2204)
531 276
+4 230
cfi=(242)
cfn=(2206) void __gnu_cxx::new_allocator<std::__detail::_State<char> >::destroy<std::__detail::_State<char> >(std::__detail::_State<char>*)
calls=46 166 
* 1978
+4 138

fn=(2586) std::allocator_traits<std::allocator<char> >::deallocate(std::allocator<char>&, char*, unsigned long)
495 5166
+1 4428
cfi=(242)
cfn=(2588) __gnu_cxx::new_allocator<char>::deallocate(char*, unsigned long)
calls=738 132 
* 83394
* 2214

fn=(2926) std::allocator_traits<std::allocator<std::__detail::_StateSeq<std::__cxx11::regex_traits<char> > > >::deallocate(std::allocator<std::__detail::_StateSeq<std::__cxx11::regex_traits<char> > >&, std::__detail::_StateSeq<std::__cxx11::regex_traits<char> >*, unsigned long)
495 14
+1 12
cfi=(242)
cfn=(2928) __gnu_cxx::new_allocator<std::__detail::_StateSeq<std::__cxx11::regex_traits<char> > >::deallocate(std::__detail::_StateSeq<std::__cxx11::regex_traits<char> >*, unsigned long)
calls=2 132 
* 236
* 6

fn=(3032) std::allocator_traits<std::allocator<std::__cxx11::sub_match<__gnu_cxx::__normal_iterator<char const*, std::__cxx11::basic_string<char, std::char_traits<char>, std::allocator<char> > > > > >::allocate(std::allocator<std::__cxx11::sub_match<__gnu_cxx::__normal_iterator<char const*, std::__cxx11::basic_string<char, std::char_traits<char>, std::allocator<char> > > > >&, unsigned long)
463 24
+1 24
cfi=(242)
cfn=(3034) __gnu_cxx::new_allocator<std::__cxx11::sub_match<__gnu_cxx::__normal_iterator<char const*, std::__cxx11::basic_string<char, std::char_traits<char>, std::allocator<char> > > > >::allocate(unsigned long, void const*)
calls=4 103 
* 1423
* 8

fn=(3114) std::allocator_traits<std::allocator<std::pair<__gnu_cxx::__normal_iterator<char const*, std::__cxx11::basic_string<char, std::char_traits<char>, std::allocator<char> > >, int> > >::allocate(std::allocator<std::pair<__gnu_cxx::__normal_iterator<char const*, std::__cxx11::basic_string<char, std::char_traits<char>, std::allocator<char> > >, int> >&, unsigned long)
463 12
+1 12
cfi=(242)
cfn=(3116) __gnu_cxx::new_allocator<std::pair<__gnu_cxx::__normal_iterator<char const*, std::__cxx11::basic_string<char, std::char_traits<char>, std::allocator<char> > >, int> >::allocate(unsigned long, void const*)
calls=2 103 
* 492
* 4

fn=(1992) std::allocator_traits<std::allocator<std::__detail::_StateSeq<std::__cxx11::regex_traits<char> >*> >::allocate(std::allocator<std::__detail::_StateSeq<std::__cxx11::regex_traits<char> >*>&, unsigned long)
463 12
+1 12
cfi=(242)
cfn=(1994) __gnu_cxx::new_allocator<std::__detail::_StateSeq<std::__cxx11::regex_traits<char> >*>::allocate(unsigned long, void const*)
calls=2 103 
* 340
* 4

fn=(2140) std::allocator_traits<std::allocator<std::__detail::_State<char> > >::allocate(std::allocator<std::__detail::_State<char> >&, unsigned long)
463 66
+1 66
cfi=(242)
cfn=(2142) __gnu_cxx::new_allocator<std::__detail::_State<char> >::allocate(unsigned long, void const*)
calls=11 103 
* 2140
* 22

fn=(2226) void std::allocator_traits<std::allocator<std::__detail::_StateSeq<std::__cxx11::regex_traits<char> > > >::construct<std::__detail::_StateSeq<std::__cxx11::regex_traits<char> >, std::__detail::_StateSeq<std::__cxx11::regex_traits<char> > >(std::allocator<std::__detail::_StateSeq<std::__cxx11::regex_traits<char> > >&, std::__detail::_StateSeq<std::__cxx11::regex_traits<char> >*, std::__detail::_StateSeq<std::__cxx11::regex_traits<char> >&&)
511 91
+5 39
cfi=(240)
cfn=(2224)
calls=13 77 
* 91
* 78
cfi=(242)
cfn=(2228) void __gnu_cxx::new_allocator<std::__detail::_StateSeq<std::__cxx11::regex_traits<char> > >::construct<std::__detail::_StateSeq<std::__cxx11::regex_traits<char> >, std::__detail::_StateSeq<std::__cxx11::regex_traits<char> > >(std::__detail::_StateSeq<std::__cxx11::regex_traits<char> >*, std::__detail::_StateSeq<std::__cxx11::regex_traits<char> >&&)
calls=13 160 
* 546
+4 39

fn=(3310) void std::_Destroy<std::pair<__gnu_cxx::__normal_iterator<char const*, std::__cxx11::basic_string<char, std::char_traits<char>, std::allocator<char> > >, int>*, std::pair<__gnu_cxx::__normal_iterator<char const*, std::__cxx11::basic_string<char, std::char_traits<char>, std::allocator<char> > >, int> >(std::pair<__gnu_cxx::__normal_iterator<char const*, std::__cxx11::basic_string<char, std::char_traits<char>, std::allocator<char> > >, int>*, std::pair<__gnu_cxx::__normal_iterator<char const*, std::__cxx11::basic_string<char, std::char_traits<char>, std::allocator<char> > >, int>*, std::allocator<std::pair<__gnu_cxx::__normal_iterator<char const*, std::__cxx11::basic_string<char, std::char_traits<char>, std::allocator<char> > >, int> >&)
845 14
+3 10
cfi=(265)
cfn=(3312) void std::_Destroy<std::pair<__gnu_cxx::__normal_iterator<char const*, std::__cxx11::basic_string<char, std::char_traits<char>, std::allocator<char> > >, int>*>(std::pair<__gnu_cxx::__normal_iterator<char const*, std::__cxx11::basic_string<char, std::char_traits<char>, std::allocator<char> > >, int>*, std::pair<__gnu_cxx::__normal_iterator<char const*, std::__cxx11::basic_string<char, std::char_traits<char>, std::allocator<char> > >, int>*)
calls=2 182 
* 44
+1 6

fn=(3486) std::allocator_traits<std::allocator<std::_Sp_counted_ptr_inplace<std::__detail::_NFA<std::__cxx11::regex_traits<char> >, std::allocator<std::__detail::_NFA<std::__cxx11::regex_traits<char> > >, (__gnu_cxx::_Lock_policy)2> > >::deallocate(std::allocator<std::_Sp_counted_ptr_inplace<std::__detail::_NFA<std::__cxx11::regex_traits<char> >, std::allocator<std::__detail::_NFA<std::__cxx11::regex_traits<char> > >, (__gnu_cxx::_Lock_policy)2> >&, std::_Sp_counted_ptr_inplace<std::__detail::_NFA<std::__cxx11::regex_traits<char> >, std::allocator<std::__detail::_NFA<std::__cxx11::regex_traits<char> > >, (__gnu_cxx::_Lock_policy)2>*, unsigned long)
495 14
+1 12
cfi=(242)
cfn=(3488) __gnu_cxx::new_allocator<std::_Sp_counted_ptr_inplace<std::__detail::_NFA<std::__cxx11::regex_traits<char> >, std::allocator<std::__detail::_NFA<std::__cxx11::regex_traits<char> > >, (__gnu_cxx::_Lock_policy)2> >::deallocate(std::_Sp_counted_ptr_inplace<std::__detail::_NFA<std::__cxx11::regex_traits<char> >, std::allocator<std::__detail::_NFA<std::__cxx11::regex_traits<char> > >, (__gnu_cxx::_Lock_policy)2>*, unsigned long)
calls=2 132 
* 240
* 6

fl=(251) /usr/include/c++/11/bits/stl_deque.h
fn=(2004) std::_Deque_base<std::__detail::_StateSeq<std::__cxx11::regex_traits<char> >, std::allocator<std::__detail::_StateSeq<std::__cxx11::regex_traits<char> > > >::_M_allocate_node()
559 10
+3 4
cfn=(1978) std::__deque_buf_size(unsigned long)
calls=2 97 
* 24
* 10
cfi=(244)
cfn=(2006)
calls=2 -99 
* 370
+1 4

fn=(2012) std::_Deque_iterator<std::__detail::_StateSeq<std::__cxx11::regex_traits<char> >, std::__detail::_StateSeq<std::__cxx11::regex_traits<char> >&, std::__detail::_StateSeq<std::__cxx11::regex_traits<char> >*>::_M_set_node(std::__detail::_StateSeq<std::__cxx11::regex_traits<char> >**)
260 28
+2 12
+1 16
+1 12
cfn=(2014) std::_Deque_iterator<std::__detail::_StateSeq<std::__cxx11::regex_traits<char> >, std::__detail::_StateSeq<std::__cxx11::regex_traits<char> >&, std::__detail::_StateSeq<std::__cxx11::regex_traits<char> >*>::_S_buffer_size()
calls=4 131 
* 76
* 32
+1 16

fn=(2230) std::deque<std::__detail::_StateSeq<std::__cxx11::regex_traits<char> >, std::allocator<std::__detail::_StateSeq<std::__cxx11::regex_traits<char> > > >::back()
1427 344
+3 215
cfn=(2232) std::deque<std::__detail::_StateSeq<std::__cxx11::regex_traits<char> >, std::allocator<std::__detail::_StateSeq<std::__cxx11::regex_traits<char> > > >::end()
calls=43 1145 
* 1677
+1 129
cfn=(2236) std::_Deque_iterator<std::__detail::_StateSeq<std::__cxx11::regex_traits<char> >, std::__detail::_StateSeq<std::__cxx11::regex_traits<char> >&, std::__detail::_StateSeq<std::__cxx11::regex_traits<char> >*>::operator--()
calls=43 208 
* 817
+1 129
cfn=(2238) std::_Deque_iterator<std::__detail::_StateSeq<std::__cxx11::regex_traits<char> >, std::__detail::_StateSeq<std::__cxx11::regex_traits<char> >&, std::__detail::_StateSeq<std::__cxx11::regex_traits<char> >*>::operator*() const
calls=43 180 
* 344
+1 215

fn=(1976) std::_Deque_base<std::__detail::_StateSeq<std::__cxx11::regex_traits<char> >, std::allocator<std::__detail::_StateSeq<std::__cxx11::regex_traits<char> > > >::_M_initialize_map(unsigned long)
617 20
+3 4
cfn=(1978)
calls=2 97 
* 24
* 12
+4 6
-1 12
cfi=(252)
cfn=(1980) unsigned long const& std::max<unsigned long>(unsigned long const&, unsigned long const&)
calls=2 254 
* 28
* 6
+2 12
cfn=(1982) std::_Deque_base<std::__detail::_StateSeq<std::__cxx11::regex_traits<char> >, std::allocator<std::__detail::_StateSeq<std::__cxx11::regex_traits<char> > > >::_M_allocate_map(unsigned long)
calls=2 -52 
* 554
* 4
+7 4
+1 10
-1 4
+2 10
+3 12
cfn=(2002) std::_Deque_base<std::__detail::_StateSeq<std::__cxx11::regex_traits<char> >, std::allocator<std::__detail::_StateSeq<std::__cxx11::regex_traits<char> > > >::_M_create_nodes(std::__detail::_StateSeq<std::__cxx11::regex_traits<char> >**, std::__detail::_StateSeq<std::__cxx11::regex_traits<char> >**)
calls=2 +19 
* 476
+9 12
cfn=(2012)
calls=2 260 
* 96
+1 14
cfn=(2012)
calls=2 260 
* 96
+1 8
+1 4
+2 4
cfn=(1978)
calls=2 97 
* 24
* 12
-1 10
-1 4
+3 14

fn=(1982)
573 20
+2 10
cfn=(1984) std::_Deque_base<std::__detail::_StateSeq<std::__cxx11::regex_traits<char> >, std::allocator<std::__detail::_StateSeq<std::__cxx11::regex_traits<char> > > >::_M_get_map_allocator() const
calls=2 -20 
* 86
+1 10
cfi=(244)
cfn=(1992)
calls=2 463 
* 368
* 4
+1 6
cfi=(241)
cfn=(1998)
calls=2 174 
* 36
-1 2
+1 12

fn=(1964) std::_Deque_base<std::__detail::_StateSeq<std::__cxx11::regex_traits<char> >, std::allocator<std::__detail::_StateSeq<std::__cxx11::regex_traits<char> > > >::_Deque_base()
437 12
+1 6
cfn=(1966) std::_Deque_base<std::__detail::_StateSeq<std::__cxx11::regex_traits<char> >, std::allocator<std::__detail::_StateSeq<std::__cxx11::regex_traits<char> > > >::_Deque_impl::_Deque_impl()
calls=2 +86 
* 164
+1 8
cfn=(1976)
calls=2 617 
* 1496
* 8

fn=(2220) std::deque<std::__detail::_StateSeq<std::__cxx11::regex_traits<char> >, std::allocator<std::__detail::_StateSeq<std::__cxx11::regex_traits<char> > > >::push_back(std::__detail::_StateSeq<std::__cxx11::regex_traits<char> >&&)
1511 78
+1 39
cfi=(240)
cfn=(2218)
calls=13 104 
* 91
* 65
cfi=(256) /usr/include/c++/11/bits/deque.tcc
cfn=(2222) std::__detail::_StateSeq<std::__cxx11::regex_traits<char> >& std::deque<std::__detail::_StateSeq<std::__cxx11::regex_traits<char> >, std::allocator<std::__detail::_StateSeq<std::__cxx11::regex_traits<char> > > >::emplace_back<std::__detail::_StateSeq<std::__cxx11::regex_traits<char> > >(std::__detail::_StateSeq<std::__cxx11::regex_traits<char> >&&)
calls=13 164 
* 2587
* 39

fn=(2914) std::deque<std::__detail::_StateSeq<std::__cxx11::regex_traits<char> >, std::allocator<std::__detail::_StateSeq<std::__cxx11::regex_traits<char> > > >::~deque()
1006 18
+1 6
cfn=(2248) std::_Deque_base<std::__detail::_StateSeq<std::__cxx11::regex_traits<char> >, std::allocator<std::__detail::_StateSeq<std::__cxx11::regex_traits<char> > > >::_M_get_Tp_allocator()
calls=2 547 
* 14
* 12
cfn=(2232)
calls=2 1145 
* 78
* 10
cfn=(2916) std::deque<std::__detail::_StateSeq<std::__cxx11::regex_traits<char> >, std::allocator<std::__detail::_StateSeq<std::__cxx11::regex_traits<char> > > >::begin()
calls=2 1128 
* 78
* 12
cfn=(2918) std::deque<std::__detail::_StateSeq<std::__cxx11::regex_traits<char> >, std::allocator<std::__detail::_StateSeq<std::__cxx11::regex_traits<char> > > >::_M_destroy_data(std::_Deque_iterator<std::__detail::_StateSeq<std::__cxx11::regex_traits<char> >, std::__detail::_StateSeq<std::__cxx11::regex_traits<char> >&, std::__detail::_StateSeq<std::__cxx11::regex_traits<char> >*>, std::_Deque_iterator<std::__detail::_StateSeq<std::__cxx11::regex_traits<char> >, std::__detail::_StateSeq<std::__cxx11::regex_traits<char> >&, std::__detail::_StateSeq<std::__cxx11::regex_traits<char> >*>, std::allocator<std::__detail::_StateSeq<std::__cxx11::regex_traits<char> > > const&)
calls=2 2045 
* 34
* 6
cfn=(2920) std::_Deque_base<std::__detail::_StateSeq<std::__cxx11::regex_traits<char> >, std::allocator<std::__detail::_StateSeq<std::__cxx11::regex_traits<char> > > >::~_Deque_base()
calls=2 596 
* 942
* 14

fn=(2918)
2045 22
+5 12

fn=(2922) std::_Deque_base<std::__detail::_StateSeq<std::__cxx11::regex_traits<char> >, std::allocator<std::__detail::_StateSeq<std::__cxx11::regex_traits<char> > > >::_M_destroy_nodes(std::__detail::_StateSeq<std::__cxx11::regex_traits<char> >**, std::__detail::_StateSeq<std::__cxx11::regex_traits<char> >**)
674 14
+4 6
+1 12
cfn=(2924) std::_Deque_base<std::__detail::_StateSeq<std::__cxx11::regex_traits<char> >, std::allocator<std::__detail::_StateSeq<std::__cxx11::regex_traits<char> > > >::_M_deallocate_node(std::__detail::_StateSeq<std::__cxx11::regex_traits<char> >*)
calls=2 566 
* 326
-1 14
+2 8

fn=(2014)
131 12
+1 8
cfn=(1978)
calls=4 -35 
* 48
* 8

fn=(2234) std::_Deque_iterator<std::__detail::_StateSeq<std::__cxx11::regex_traits<char> >, std::__detail::_StateSeq<std::__cxx11::regex_traits<char> >&, std::__detail::_StateSeq<std::__cxx11::regex_traits<char> >*>::_Deque_iterator(std::_Deque_iterator<std::__detail::_StateSeq<std::__cxx11::regex_traits<char> >, std::__detail::_StateSeq<std::__cxx11::regex_traits<char> >&, std::__detail::_StateSeq<std::__cxx11::regex_traits<char> >*> const&)
168 235
+1 376
+1 517

fn=(2818) std::operator==(std::_Deque_iterator<std::__detail::_StateSeq<std::__cxx11::regex_traits<char> >, std::__detail::_StateSeq<std::__cxx11::regex_traits<char> >&, std::__detail::_StateSeq<std::__cxx11::regex_traits<char> >*> const&, std::_Deque_iterator<std::__detail::_StateSeq<std::__cxx11::regex_traits<char> >, std::__detail::_StateSeq<std::__cxx11::regex_traits<char> >&, std::__detail::_StateSeq<std::__cxx11::regex_traits<char> >*> const&)
268 15
+1 24

fn=(2916)
1128 12
+1 12
cfn=(2234)
calls=2 168 
* 48
* 6

fn=(2930) std::_Deque_base<std::__detail::_StateSeq<std::__cxx11::regex_traits<char> >, std::allocator<std::__detail::_StateSeq<std::__cxx11::regex_traits<char> > > >::_M_deallocate_map(std::__detail::_StateSeq<std::__cxx11::regex_traits<char> >**, unsigned long)
580 20
+2 10
cfn=(1984)
calls=2 -27 
* 86
+1 12
cfi=(244)
cfn=(2932)
calls=2 -88 
* 260
+1 6
cfi=(241)
cfn=(1998)
calls=2 174 
* 36
* 10

fn=(2936) std::_Deque_base<std::__detail::_StateSeq<std::__cxx11::regex_traits<char> >, std::allocator<std::__detail::_StateSeq<std::__cxx11::regex_traits<char> > > >::_Deque_impl::~_Deque_impl()
521 16
cfi=(241)
cfn=(2938)
calls=2 174 
* 36
* 6

fn=(1984)
555 24
+1 12
cfn=(1986) std::_Deque_base<std::__detail::_StateSeq<std::__cxx11::regex_traits<char> >, std::allocator<std::__detail::_StateSeq<std::__cxx11::regex_traits<char> > > >::_M_get_Tp_allocator() const
calls=4 -5 
* 28
* 20
cfi=(241)
cfn=(1988)
calls=4 169 
* 76
* 12

fn=(1986)
551 16
+1 12

fn=(2246) std::deque<std::__detail::_StateSeq<std::__cxx11::regex_traits<char> >, std::allocator<std::__detail::_StateSeq<std::__cxx11::regex_traits<char> > > >::pop_back()
1555 180
+3 60
+1 60
-1 60
+3 150
+1 150
cfn=(2248)
calls=30 547 
* 210
* 90
cfi=(244)
cfn=(2250)
calls=30 531 
* 660
+5 150

fn=(2920)
596 10
+3 8
+3 4
-1 14
cfn=(2922)
calls=2 +73 
* 380
+2 16
cfn=(2930)
calls=2 -23 
* 440
+2 6
cfn=(2936)
calls=2 -84 
* 58
* 6

fn=(2924)
566 12
+3 4
cfn=(1978)
calls=2 97 
* 24
* 12
cfi=(244)
cfn=(2926)
calls=2 -74 
* 268
+1 6

fn=(1974) std::_Deque_iterator<std::__detail::_StateSeq<std::__cxx11::regex_traits<char> >, std::__detail::_StateSeq<std::__cxx11::regex_traits<char> >&, std::__detail::_StateSeq<std::__cxx11::regex_traits<char> >*>::_Deque_iterator()
151 16
+1 44

fn=(2238)
180 172
+1 172

fn=(1966)
524 10
+2 6
cfi=(241)
cfn=(1968)
calls=2 156 
* 36
* 6
cfn=(1972) std::_Deque_base<std::__detail::_StateSeq<std::__cxx11::regex_traits<char> >, std::allocator<std::__detail::_StateSeq<std::__cxx11::regex_traits<char> > > >::_Deque_impl_data::_Deque_impl_data()
calls=2 -31 
* 100
+1 6

fn=(1978)
97 48
+1 96

fn=(2232)
1145 270
+1 270
cfn=(2234)
calls=45 168 
* 1080
* 135

fn=(2236)
208 215
+2 258
+5 215
+1 43
+1 86

fn=(1962) std::deque<std::__detail::_StateSeq<std::__cxx11::regex_traits<char> >, std::allocator<std::__detail::_StateSeq<std::__cxx11::regex_traits<char> > > >::deque()
834 16
cfn=(1964)
calls=2 437 
* 1694
* 6

fn=(1972)
495 10
+1 16
cfn=(1974)
calls=2 151 
* 30
* 8
cfn=(1974)
calls=2 151 
* 30
+1 6

fn=(2816) std::deque<std::__detail::_StateSeq<std::__cxx11::regex_traits<char> >, std::allocator<std::__detail::_StateSeq<std::__cxx11::regex_traits<char> > > >::empty() const
1311 15
+1 21
cfn=(2818)
calls=3 268 
* 39
* 6

fn=(2002)
656 16
+6 6
+1 6
cfn=(2004)
calls=2 559 
* 422
* 4
-1 14
+8 8

fn=(2248)
547 128
+1 96

fn=(2824) std::deque<std::__detail::_StateSeq<std::__cxx11::regex_traits<char> >, std::allocator<std::__detail::_StateSeq<std::__cxx11::regex_traits<char> > > >::push_back(std::__detail::_StateSeq<std::__cxx11::regex_traits<char> > const&)
1496 102
+2 34
+1 51
-1 34
+3 119
cfi=(244)
cfn=(2826)
calls=17 511 
* 1156
+2 85
+4 68

fl=(260)
fn=(2424)
2242 8448
+12 768
cfi=(261) /usr/include/c++/11/bits/predefined_ops.h
cfn=(2426) __gnu_cxx::__ops::__iter_less_val()
calls=768 75 
* 4608
-1 4608
cfi=(252)
cfn=(2428) __gnu_cxx::__normal_iterator<char const*, std::vector<char, std::allocator<char> > > std::__lower_bound<__gnu_cxx::__normal_iterator<char const*, std::vector<char, std::allocator<char> > >, char, __gnu_cxx::__ops::_Iter_less_val>(__gnu_cxx::__normal_iterator<char const*, std::vector<char, std::allocator<char> > >, __gnu_cxx::__normal_iterator<char const*, std::vector<char, std::allocator<char> > >, char const&, __gnu_cxx::__ops::_Iter_less_val)
calls=768 1451 
* 72192
* 768
+2 3840
cfi=(253)
cfn=(2436) bool __gnu_cxx::operator!=<char const*, std::vector<char, std::allocator<char> > >(__gnu_cxx::__normal_iterator<char const*, std::vector<char, std::allocator<char> > > const&, __gnu_cxx::__normal_iterator<char const*, std::vector<char, std::allocator<char> > > const&)
calls=768 1179 
* 26112
* 2304
+1 4608

fn=(2378) void std::__sort<__gnu_cxx::__normal_iterator<char*, std::vector<char, std::allocator<char> > >, __gnu_cxx::__ops::_Iter_less_iter>(__gnu_cxx::__normal_iterator<char*, std::vector<char, std::allocator<char> > >, __gnu_cxx::__normal_iterator<char*, std::vector<char, std::allocator<char> > >, __gnu_cxx::__ops::_Iter_less_iter)
1949 18
+3 15
cfi=(253)
cfn=(2380)
calls=3 1179 
* 102
* 6
+7 9

fn=(2596)
3876 5166
+8 2214
cfi=(261)
cfn=(2598) __gnu_cxx::__ops::_Iter_equals_val<std::__cxx11::basic_string<char, std::char_traits<char>, std::allocator<char> > const> __gnu_cxx::__ops::__iter_equals_val<std::__cxx11::basic_string<char, std::char_traits<char>, std::allocator<char> > const>(std::__cxx11::basic_string<char, std::char_traits<char>, std::allocator<char> > const&)
calls=738 276 
* 22140
* 4428
cfi=(252)
cfn=(2602) __gnu_cxx::__normal_iterator<std::__cxx11::basic_string<char, std::char_traits<char>, std::allocator<char> > const*, std::vector<std::__cxx11::basic_string<char, std::char_traits<char>, std::allocator<char> >, std::allocator<std::__cxx11::basic_string<char, std::char_traits<char>, std::allocator<char> > > > > std::__find_if<__gnu_cxx::__normal_iterator<std::__cxx11::basic_string<char, std::char_traits<char>, std::allocator<char> > const*, std::vector<std::__cxx11::basic_string<char, std::char_traits<char>, std::allocator<char> >, std::allocator<std::__cxx11::basic_string<char, std::char_traits<char>, std::allocator<char> > > > >, __gnu_cxx::__ops::_Iter_equals_val<std::__cxx11::basic_string<char, std::char_traits<char>, std::allocator<char> > const> >(__gnu_cxx::__normal_iterator<std::__cxx11::basic_string<char, std::char_traits<char>, std::allocator<char> > const*, std::vector<std::__cxx11::basic_string<char, std::char_traits<char>, std::allocator<char> >, std::allocator<std::__cxx11::basic_string<char, std::char_traits<char>, std::allocator<char> > > > >, __gnu_cxx::__normal_iterator<std::__cxx11::basic_string<char, std::char_traits<char>, std::allocator<char> > const*, std::vector<std::__cxx11::basic_string<char, std::char_traits<char>, std::allocator<char> >, std::allocator<std::__cxx11::basic_string<char, std::char_traits<char>, std::allocator<char> > > > >, __gnu_cxx::__ops::_Iter_equals_val<std::__cxx11::basic_string<char, std::char_traits<char>, std::allocator<char> > const>)
calls=738 2112 
* 94464
+2 1476

fn=(2374)
4832 18
+10 3
cfi=(261)
cfn=(2376) __gnu_cxx::__ops::__iter_less_iter()
calls=3 51 
* 18
* 15
cfn=(2378)
calls=3 1949 
* 150
+1 9

fn=(2388) __gnu_cxx::__normal_iterator<char*, std::vector<char, std::allocator<char> > > std::__unique<__gnu_cxx::__normal_iterator<char*, std::vector<char, std::allocator<char> > >, __gnu_cxx::__ops::_Iter_equal_to_iter>(__gnu_cxx::__normal_iterator<char*, std::vector<char, std::allocator<char> > >, __gnu_cxx::__normal_iterator<char*, std::vector<char, std::allocator<char> > >, __gnu_cxx::__ops::_Iter_equal_to_iter)
919 30
+4 15
cfn=(2390) __gnu_cxx::__normal_iterator<char*, std::vector<char, std::allocator<char> > > std::__adjacent_find<__gnu_cxx::__normal_iterator<char*, std::vector<char, std::allocator<char> > >, __gnu_cxx::__ops::_Iter_equal_to_iter>(__gnu_cxx::__normal_iterator<char*, std::vector<char, std::allocator<char> > >, __gnu_cxx::__normal_iterator<char*, std::vector<char, std::allocator<char> > >, __gnu_cxx::__ops::_Iter_equal_to_iter)
calls=3 -22 
* 171
* 3
+1 15
cfi=(253)
cfn=(2392) bool __gnu_cxx::operator==<char*, std::vector<char, std::allocator<char> > >(__gnu_cxx::__normal_iterator<char*, std::vector<char, std::allocator<char> > > const&, __gnu_cxx::__normal_iterator<char*, std::vector<char, std::allocator<char> > > const&)
calls=3 1163 
* 102
* 6
+1 6
+9 18

fn=(2390)
901 27
+3 15
cfi=(253)
cfn=(2392)
calls=3 1163 
* 102
* 6
+1 6
+9 15

fn=(2384)
953 18
+10 3
cfi=(261)
cfn=(2386) __gnu_cxx::__ops::__iter_equal_to_iter()
calls=3 123 
* 18
-1 15
cfn=(2388)
calls=3 -43 
* 366
+2 6

fl=(265)
fn=(2778) void std::_Destroy_aux<true>::__destroy<std::pair<char, char>*>(std::pair<char, char>*, std::pair<char, char>*)
172 48

fn=(3312)
182 12
+14 10
cfn=(3314) void std::_Destroy_aux<true>::__destroy<std::pair<__gnu_cxx::__normal_iterator<char const*, std::__cxx11::basic_string<char, std::char_traits<char>, std::allocator<char> > >, int>*>(std::pair<__gnu_cxx::__normal_iterator<char const*, std::__cxx11::basic_string<char, std::char_traits<char>, std::allocator<char> > >, int>*, std::pair<__gnu_cxx::__normal_iterator<char const*, std::__cxx11::basic_string<char, std::char_traits<char>, std::allocator<char> > >, int>*)
calls=2 -24 
* 16
+1 6

fn=(3314)
172 16

fn=(3434) void std::_Destroy<std::__detail::_State<char> >(std::__detail::_State<char>*)
146 140
+5 84
cfi=(248)
cfn=(2168) std::__detail::_State<char>::~_State()
calls=28 +5 
* 3097
+2 84

fn=(2798) void std::_Destroy_aux<false>::__destroy<std::__cxx11::basic_string<char, std::char_traits<char>, std::allocator<char> >*>(std::__cxx11::basic_string<char, std::char_traits<char>, std::allocator<char> >*, std::__cxx11::basic_string<char, std::char_traits<char>, std::allocator<char> >*)
160 36
+2 24
+2 24

fn=(3300)
182 12
+14 10
cfn=(3302) void std::_Destroy_aux<true>::__destroy<__gnu_cxx::__normal_iterator<std::__cxx11::sub_match<__gnu_cxx::__normal_iterator<char const*, std::__cxx11::basic_string<char, std::char_traits<char>, std::allocator<char> > > >*, std::vector<std::__cxx11::sub_match<__gnu_cxx::__normal_iterator<char const*, std::__cxx11::basic_string<char, std::char_traits<char>, std::allocator<char> > > >, std::allocator<std::__cxx11::sub_match<__gnu_cxx::__normal_iterator<char const*, std::__cxx11::basic_string<char, std::char_traits<char>, std::allocator<char> > > > > > > >(__gnu_cxx::__normal_iterator<std::__cxx11::sub_match<__gnu_cxx::__normal_iterator<char const*, std::__cxx11::basic_string<char, std::char_traits<char>, std::allocator<char> > > >*, std::vector<std::__cxx11::sub_match<__gnu_cxx::__normal_iterator<char const*, std::__cxx11::basic_string<char, std::char_traits<char>, std::allocator<char> > > >, std::allocator<std::__cxx11::sub_match<__gnu_cxx::__normal_iterator<char const*, std::__cxx11::basic_string<char, std::char_traits<char>, std::allocator<char> > > > > > >, __gnu_cxx::__normal_iterator<std::__cxx11::sub_match<__gnu_cxx::__normal_iterator<char const*, std::__cxx11::basic_string<char, std::char_traits<char>, std::allocator<char> > > >*, std::vector<std::__cxx11::sub_match<__gnu_cxx::__normal_iterator<char const*, std::__cxx11::basic_string<char, std::char_traits<char>, std::allocator<char> > > >, std::allocator<std::__cxx11::sub_match<__gnu_cxx::__normal_iterator<char const*, std::__cxx11::basic_string<char, std::char_traits<char>, std::allocator<char> > > > > > >)
calls=2 -24 
* 16
+1 6

fn=(2580) void std::_Destroy_aux<true>::__destroy<char*>(char*, char*)
172 5952

fn=(3046)
109 154
+10 66
cfi=(240)
cfn=(3048)
calls=22 -42 
* 154
* 110
cfi=(246)
cfn=(1888)
calls=22 +56 
* 176
* 154
+1 88

fn=(3302)
172 16

fn=(3466) void std::_Destroy_aux<true>::__destroy<unsigned long*>(unsigned long*, unsigned long*)
172 16

fn=(2578)
182 4464
+14 3720
cfn=(2580)
calls=744 -24 
* 5952
+1 2232

fn=(3130)
109 140
+10 112
cfi=(246)
cfn=(1888)
calls=28 +56 
* 224
* 56
cfi=(268) /usr/include/c++/11/bits/stl_pair.h
cfn=(3132) std::pair<__gnu_cxx::__normal_iterator<char const*, std::__cxx11::basic_string<char, std::char_traits<char>, std::allocator<char> > >, int>::pair<__gnu_cxx::__normal_iterator<char const*, std::__cxx11::basic_string<char, std::char_traits<char>, std::allocator<char> > >, int, true>()
calls=28 232 
* 616
+1 84

fn=(2756)
182 36
+14 30
cfn=(2758) void std::_Destroy_aux<true>::__destroy<std::__cxx11::regex_traits<char>::_RegexMask*>(std::__cxx11::regex_traits<char>::_RegexMask*, std::__cxx11::regex_traits<char>::_RegexMask*)
calls=6 -24 
* 48
+1 18

fn=(2758)
172 48

fn=(3464)
182 12
+14 10
cfn=(3466)
calls=2 -24 
* 16
+1 6

fn=(3060) void std::_Destroy_aux<true>::__destroy<std::__cxx11::sub_match<__gnu_cxx::__normal_iterator<char const*, std::__cxx11::basic_string<char, std::char_traits<char>, std::allocator<char> > > >*>(std::__cxx11::sub_match<__gnu_cxx::__normal_iterator<char const*, std::__cxx11::basic_string<char, std::char_traits<char>, std::allocator<char> > > >*, std::__cxx11::sub_match<__gnu_cxx::__normal_iterator<char const*, std::__cxx11::basic_string<char, std::char_traits<char>, std::allocator<char> > > >*)
172 64

fn=(3432) void std::_Destroy_aux<false>::__destroy<std::__detail::_State<char>*>(std::__detail::_State<char>*, std::__detail::_State<char>*)
160 12
+2 2
+1 84
cfi=(240)
cfn=(2200)
calls=28 49 
* 196
* 56
cfn=(3434)
calls=28 -17 
* 3405
-1 118
+2 8

fn=(2776)
182 36
+14 30
cfn=(2778)
calls=6 -24 
* 48
+1 18

fn=(3058)
182 48
+14 40
cfn=(3060)
calls=8 -24 
* 64
+1 24

fn=(2796)
182 36
+14 30
cfn=(2798)
calls=6 -36 
* 84
+1 18

fn=(3430)
182 12
+14 10
cfn=(3432)
calls=2 -36 
* 3881
+1 6

fl=(252)
fn=(2056) unsigned long const& std::min<unsigned long>(unsigned long const&, unsigned long const&)
230 3860
+5 4632
+2 772
+1 1544

fn=(2156)
313 264
+2 198

fn=(2500)
611 5904
+9 2214
cfi=(262)
cfn=(2502)
calls=738 -60 
* 5166
* 2952
cfi=(262)
cfn=(2502)
calls=738 -60 
* 5166
* 4428
cfn=(2504) char* std::__copy_move_a<false, char const*, char*>(char const*, char const*, char*)
calls=738 -93 
* 98892
+1 2214

fn=(2606) __gnu_cxx::__normal_iterator<std::__cxx11::basic_string<char, std::char_traits<char>, std::allocator<char> > const*, std::vector<std::__cxx11::basic_string<char, std::char_traits<char>, std::allocator<char> >, std::allocator<std::__cxx11::basic_string<char, std::char_traits<char>, std::allocator<char> > > > > std::__find_if<__gnu_cxx::__normal_iterator<std::__cxx11::basic_string<char, std::char_traits<char>, std::allocator<char> > const*, std::vector<std::__cxx11::basic_string<char, std::char_traits<char>, std::allocator<char> >, std::allocator<std::__cxx11::basic_string<char, std::char_traits<char>, std::allocator<char> > > > >, __gnu_cxx::__ops::_Iter_equals_val<std::__cxx11::basic_string<char, std::char_traits<char>, std::allocator<char> > const> >(__gnu_cxx::__normal_iterator<std::__cxx11::basic_string<char, std::char_traits<char>, std::allocator<char> > const*, std::vector<std::__cxx11::basic_string<char, std::char_traits<char>, std::allocator<char> >, std::allocator<std::__cxx11::basic_string<char, std::char_traits<char>, std::allocator<char> > > > >, __gnu_cxx::__normal_iterator<std::__cxx11::basic_string<char, std::char_traits<char>, std::allocator<char> > const*, std::vector<std::__cxx11::basic_string<char, std::char_traits<char>, std::allocator<char> >, std::allocator<std::__cxx11::basic_string<char, std::char_traits<char>, std::allocator<char> > > > >, __gnu_cxx::__ops::_Iter_equals_val<std::__cxx11::basic_string<char, std::char_traits<char>, std::allocator<char> > const>, std::random_access_iterator_tag)
2061 5166
+4 3690
cfi=(253)
cfn=(2608) __gnu_cxx::__normal_iterator<std::__cxx11::basic_string<char, std::char_traits<char>, std::allocator<char> > const*, std::vector<std::__cxx11::basic_string<char, std::char_traits<char>, std::allocator<char> >, std::allocator<std::__cxx11::basic_string<char, std::char_traits<char>, std::allocator<char> > > > >::difference_type __gnu_cxx::operator-<std::__cxx11::basic_string<char, std::char_traits<char>, std::allocator<char> > const*, std::vector<std::__cxx11::basic_string<char, std::char_traits<char>, std::allocator<char> >, std::allocator<std::__cxx11::basic_string<char, std::char_traits<char>, std::allocator<char> > > > >(__gnu_cxx::__normal_iterator<std::__cxx11::basic_string<char, std::char_traits<char>, std::allocator<char> > const*, std::vector<std::__cxx11::basic_string<char, std::char_traits<char>, std::allocator<char> >, std::allocator<std::__cxx11::basic_string<char, std::char_traits<char>, std::allocator<char> > > > > const&, __gnu_cxx::__normal_iterator<std::__cxx11::basic_string<char, std::char_traits<char>, std::allocator<char> > const*, std::vector<std::__cxx11::basic_string<char, std::char_traits<char>, std::allocator<char> >, std::allocator<std::__cxx11::basic_string<char, std::char_traits<char>, std::allocator<char> > > > > const&)
calls=738 1268 
* 25830
* 1476
+2 2214
+19 3690
cfi=(253)
cfn=(2608)
calls=738 1268 
* 25830
* 6642
+19 738
+2 1476

fn=(3272)
611 16
+9 6
cfi=(262)
cfn=(3274)
calls=2 -60 
* 14
* 8
cfi=(262)
cfn=(3274)
calls=2 -60 
* 14
* 12
cfn=(3276) __gnu_cxx::__normal_iterator<std::__cxx11::sub_match<__gnu_cxx::__normal_iterator<char const*, std::__cxx11::basic_string<char, std::char_traits<char>, std::allocator<char> > > >*, std::vector<std::__cxx11::sub_match<__gnu_cxx::__normal_iterator<char const*, std::__cxx11::basic_string<char, std::char_traits<char>, std::allocator<char> > > >, std::allocator<std::__cxx11::sub_match<__gnu_cxx::__normal_iterator<char const*, std::__cxx11::basic_string<char, std::char_traits<char>, std::allocator<char> > > > > > > std::__copy_move_a<false, __gnu_cxx::__normal_iterator<std::__cxx11::sub_match<__gnu_cxx::__normal_iterator<char const*, std::__cxx11::basic_string<char, std::char_traits<char>, std::allocator<char> > > > const*, std::vector<std::__cxx11::sub_match<__gnu_cxx::__normal_iterator<char const*, std::__cxx11::basic_string<char, std::char_traits<char>, std::allocator<char> > > >, std::allocator<std::__cxx11::sub_match<__gnu_cxx::__normal_iterator<char const*, std::__cxx11::basic_string<char, std::char_traits<char>, std::allocator<char> > > > > > >, __gnu_cxx::__normal_iterator<std::__cxx11::sub_match<__gnu_cxx::__normal_iterator<char const*, std::__cxx11::basic_string<char, std::char_traits<char>, std::allocator<char> > > >*, std::vector<std::__cxx11::sub_match<__gnu_cxx::__normal_iterator<char const*, std::__cxx11::basic_string<char, std::char_traits<char>, std::allocator<char> > > >, std::allocator<std::__cxx11::sub_match<__gnu_cxx::__normal_iterator<char const*, std::__cxx11::basic_string<char, std::char_traits<char>, std::allocator<char> > > > > > > >(__gnu_cxx::__normal_iterator<std::__cxx11::sub_match<__gnu_cxx::__normal_iterator<char const*, std::__cxx11::basic_string<char, std::char_traits<char>, std::allocator<char> > > > const*, std::vector<std::__cxx11::sub_match<__gnu_cxx::__normal_iterator<char const*, std::__cxx11::basic_string<char, std::char_traits<char>, std::allocator<char> > > >, std::allocator<std::__cxx11::sub_match<__gnu_cxx::__normal_iterator<char const*, std::__cxx11::basic_string<char, std::char_traits<char>, std::allocator<char> > > > > > >, __gnu_cxx::__normal_iterator<std::__cxx11::sub_match<__gnu_cxx::__normal_iterator<char const*, std::__cxx11::basic_string<char, std::char_traits<char>, std::allocator<char> > > > const*, std::vector<std::__cxx11::sub_match<__gnu_cxx::__normal_iterator<char const*, std::__cxx11::basic_string<char, std::char_traits<char>, std::allocator<char> > > >, std::allocator<std::__cxx11::sub_match<__gnu_cxx::__normal_iterator<char const*, std::__cxx11::basic_string<char, std::char_traits<char>, std::allocator<char> > > > > > >, __gnu_cxx::__normal_iterator<std::__cxx11::sub_match<__gnu_cxx::__normal_iterator<char const*, std::__cxx11::basic_string<char, std::char_traits<char>, std::allocator<char> > > >*, std::vector<std::__cxx11::sub_match<__gnu_cxx::__normal_iterator<char const*, std::__cxx11::basic_string<char, std::char_traits<char>, std::allocator<char> > > >, std::allocator<std::__cxx11::sub_match<__gnu_cxx::__normal_iterator<char const*, std::__cxx11::basic_string<char, std::char_traits<char>, std::allocator<char> > > > > > >)
calls=2 -93 
* 924
+1 6

fn=(3284) std::__cxx11::sub_match<__gnu_cxx::__normal_iterator<char const*, std::__cxx11::basic_string<char, std::char_traits<char>, std::allocator<char> > > >* std::__copy_move_a1<false, std::__cxx11::sub_match<__gnu_cxx::__normal_iterator<char const*, std::__cxx11::basic_string<char, std::char_traits<char>, std::allocator<char> > > > const*, std::__cxx11::sub_match<__gnu_cxx::__normal_iterator<char const*, std::__cxx11::basic_string<char, std::char_traits<char>, std::allocator<char> > > >*>(std::__cxx11::sub_match<__gnu_cxx::__normal_iterator<char const*, std::__cxx11::basic_string<char, std::char_traits<char>, std::allocator<char> > > > const*, std::__cxx11::sub_match<__gnu_cxx::__normal_iterator<char const*, std::__cxx11::basic_string<char, std::char_traits<char>, std::allocator<char> > > > const*, std::__cxx11::sub_match<__gnu_cxx::__normal_iterator<char const*, std::__cxx11::basic_string<char, std::char_traits<char>, std::allocator<char> > > >*)
521 14
+1 12
cfn=(3286) std::__cxx11::sub_match<__gnu_cxx::__normal_iterator<char const*, std::__cxx11::basic_string<char, std::char_traits<char>, std::allocator<char> > > >* std::__copy_move_a2<false, std::__cxx11::sub_match<__gnu_cxx::__normal_iterator<char const*, std::__cxx11::basic_string<char, std::char_traits<char>, std::allocator<char> > > > const*, std::__cxx11::sub_match<__gnu_cxx::__normal_iterator<char const*, std::__cxx11::basic_string<char, std::char_traits<char>, std::allocator<char> > > >*>(std::__cxx11::sub_match<__gnu_cxx::__normal_iterator<char const*, std::__cxx11::basic_string<char, std::char_traits<char>, std::allocator<char> > > > const*, std::__cxx11::sub_match<__gnu_cxx::__normal_iterator<char const*, std::__cxx11::basic_string<char, std::char_traits<char>, std::allocator<char> > > > const*, std::__cxx11::sub_match<__gnu_cxx::__normal_iterator<char const*, std::__cxx11::basic_string<char, std::char_traits<char>, std::allocator<char> > > >*)
calls=2 -36 
* 554
* 4

fn=(3288) std::__cxx11::sub_match<__gnu_cxx::__normal_iterator<char const*, std::__cxx11::basic_string<char, std::char_traits<char>, std::allocator<char> > > >* std::__copy_move<false, false, std::random_access_iterator_tag>::__copy_m<std::__cxx11::sub_match<__gnu_cxx::__normal_iterator<char const*, std::__cxx11::basic_string<char, std::char_traits<char>, std::allocator<char> > > > const*, std::__cxx11::sub_match<__gnu_cxx::__normal_iterator<char const*, std::__cxx11::basic_string<char, std::char_traits<char>, std::allocator<char> > > >*>(std::__cxx11::sub_match<__gnu_cxx::__normal_iterator<char const*, std::__cxx11::basic_string<char, std::char_traits<char>, std::allocator<char> > > > const*, std::__cxx11::sub_match<__gnu_cxx::__normal_iterator<char const*, std::__cxx11::basic_string<char, std::char_traits<char>, std::allocator<char> > > > const*, std::__cxx11::sub_match<__gnu_cxx::__normal_iterator<char const*, std::__cxx11::basic_string<char, std::char_traits<char>, std::allocator<char> > > >*)
380 14
+3 16
+2 55
cfi=(230)
cfn=(3290) std::__cxx11::sub_match<__gnu_cxx::__normal_iterator<char const*, std::__cxx11::basic_string<char, std::char_traits<char>, std::allocator<char> > > >::operator=(std::__cxx11::sub_match<__gnu_cxx::__normal_iterator<char const*, std::__cxx11::basic_string<char, std::char_traits<char>, std::allocator<char> > > > const&)
calls=11 891 
* 374
+1 11
+1 11
-4 37
+6 2
+1 4

fn=(3612)
230 80
+5 96
+1 28
+1 2
+1 32

fn=(1980)
254 85
+5 102
+1 8
+1 13
+1 34

fn=(2508) char const* std::__niter_base<char const*>(char const*)
313 5904
+2 4428

fn=(2510) char* std::__copy_move_a1<false, char const*, char*>(char const*, char const*, char*)
521 5166
+1 4428
cfn=(2512) char* std::__copy_move_a2<false, char const*, char*>(char const*, char const*, char*)
calls=738 -36 
* 41328
* 1476

fn=(2602)
2112 5166
+3 2214
cfi=(211) /usr/include/c++/11/bits/stl_iterator_base_types.h
cfn=(2604) std::iterator_traits<__gnu_cxx::__normal_iterator<std::__cxx11::basic_string<char, std::char_traits<char>, std::allocator<char> > const*, std::vector<std::__cxx11::basic_string<char, std::char_traits<char>, std::allocator<char> >, std::allocator<std::__cxx11::basic_string<char, std::char_traits<char>, std::allocator<char> > > > > >::iterator_category std::__iterator_category<__gnu_cxx::__normal_iterator<std::__cxx11::basic_string<char, std::char_traits<char>, std::allocator<char> > const*, std::vector<std::__cxx11::basic_string<char, std::char_traits<char>, std::allocator<char> >, std::allocator<std::__cxx11::basic_string<char, std::char_traits<char>, std::allocator<char> > > > > >(__gnu_cxx::__normal_iterator<std::__cxx11::basic_string<char, std::char_traits<char>, std::allocator<char> > const*, std::vector<std::__cxx11::basic_string<char, std::char_traits<char>, std::allocator<char> >, std::allocator<std::__cxx11::basic_string<char, std::char_traits<char>, std::allocator<char> > > > > const&)
calls=738 238 
* 4428
-1 4428
cfn=(2606)
calls=738 -53 
* 76752
+2 1476

fn=(2504)
527 6642
+2 2214
cfn=(2506) char* std::__niter_base<char*>(char*)
calls=738 313 
* 5166
* 2952
cfn=(2508)
calls=738 313 
* 5166
* 2952
cfn=(2508)
calls=738 313 
* 5166
* 2952
cfn=(2510)
calls=738 -8 
* 52398
* 3690
cfn=(2516) char* std::__niter_wrap<char*>(char* const&, char*)
calls=738 335 
* 5904
+4 3690

fn=(2514) char* std::__copy_move<false, true, std::random_access_iterator_tag>::__copy_m<char>(char const*, char const*, char*)
420 5166
+9 2214
+1 1476
+1 4428
cob=(2)
cfi=(51)
cfn=(2274)
calls=738 0 
* 13284
+1 2214
+1 1476

fn=(2516)
335 3690
+1 2214

fn=(3286)
486 14
+9 12
cfn=(3288)
calls=2 380 
* 524
+1 4

fn=(3294) __gnu_cxx::__normal_iterator<std::__cxx11::sub_match<__gnu_cxx::__normal_iterator<char const*, std::__cxx11::basic_string<char, std::char_traits<char>, std::allocator<char> > > >*, std::vector<std::__cxx11::sub_match<__gnu_cxx::__normal_iterator<char const*, std::__cxx11::basic_string<char, std::char_traits<char>, std::allocator<char> > > >, std::allocator<std::__cxx11::sub_match<__gnu_cxx::__normal_iterator<char const*, std::__cxx11::basic_string<char, std::char_traits<char>, std::allocator<char> > > > > > > std::__niter_wrap<__gnu_cxx::__normal_iterator<std::__cxx11::sub_match<__gnu_cxx::__normal_iterator<char const*, std::__cxx11::basic_string<char, std::char_traits<char>, std::allocator<char> > > >*, std::vector<std::__cxx11::sub_match<__gnu_cxx::__normal_iterator<char const*, std::__cxx11::basic_string<char, std::char_traits<char>, std::allocator<char> > > >, std::allocator<std::__cxx11::sub_match<__gnu_cxx::__normal_iterator<char const*, std::__cxx11::basic_string<char, std::char_traits<char>, std::allocator<char> > > > > > >, std::__cxx11::sub_match<__gnu_cxx::__normal_iterator<char const*, std::__cxx11::basic_string<char, std::char_traits<char>, std::allocator<char> > > >*>(__gnu_cxx::__normal_iterator<std::__cxx11::sub_match<__gnu_cxx::__normal_iterator<char const*, std::__cxx11::basic_string<char, std::char_traits<char>, std::allocator<char> > > >*, std::vector<std::__cxx11::sub_match<__gnu_cxx::__normal_iterator<char const*, std::__cxx11::basic_string<char, std::char_traits<char>, std::allocator<char> > > >, std::allocator<std::__cxx11::sub_match<__gnu_cxx::__normal_iterator<char const*, std::__cxx11::basic_string<char, std::char_traits<char>, std::allocator<char> > > > > > >, std::__cxx11::sub_match<__gnu_cxx::__normal_iterator<char const*, std::__cxx11::basic_string<char, std::char_traits<char>, std::allocator<char> > > >*)
328 12
+1 6
cfi=(253)
cfn=(3278) std::__cxx11::sub_match<__gnu_cxx::__normal_iterator<char const*, std::__cxx11::basic_string<char, std::char_traits<char>, std::allocator<char> > > >* std::__niter_base<std::__cxx11::sub_match<__gnu_cxx::__normal_iterator<char const*, std::__cxx11::basic_string<char, std::char_traits<char>, std::allocator<char> > > >*, std::vector<std::__cxx11::sub_match<__gnu_cxx::__normal_iterator<char const*, std::__cxx11::basic_string<char, std::char_traits<char>, std::allocator<char> > > >, std::allocator<std::__cxx11::sub_match<__gnu_cxx::__normal_iterator<char const*, std::__cxx11::basic_string<char, std::char_traits<char>, std::allocator<char> > > > > > >(__gnu_cxx::__normal_iterator<std::__cxx11::sub_match<__gnu_cxx::__normal_iterator<char const*, std::__cxx11::basic_string<char, std::char_traits<char>, std::allocator<char> > > >*, std::vector<std::__cxx11::sub_match<__gnu_cxx::__normal_iterator<char const*, std::__cxx11::basic_string<char, std::char_traits<char>, std::allocator<char> > > >, std::allocator<std::__cxx11::sub_match<__gnu_cxx::__normal_iterator<char const*, std::__cxx11::basic_string<char, std::char_traits<char>, std::allocator<char> > > > > > >)
calls=2 1291 
* 36
* 24
cfi=(253)
cfn=(3296) __gnu_cxx::__normal_iterator<std::__cxx11::sub_match<__gnu_cxx::__normal_iterator<char const*, std::__cxx11::basic_string<char, std::char_traits<char>, std::allocator<char> > > >*, std::vector<std::__cxx11::sub_match<__gnu_cxx::__normal_iterator<char const*, std::__cxx11::basic_string<char, std::char_traits<char>, std::allocator<char> > > >, std::allocator<std::__cxx11::sub_match<__gnu_cxx::__normal_iterator<char const*, std::__cxx11::basic_string<char, std::char_traits<char>, std::allocator<char> > > > > > >::operator+(long) const
calls=2 1090 
* 82
* 4

fn=(2086)
313 96
+2 72

fn=(2512)
486 5166
+9 4428
cfn=(2514)
calls=738 -75 
* 30258
+1 1476

fn=(2506)
313 2952
+2 2214

fn=(2428)
1451 7680
+6 3840
cfi=(210)
cfn=(2430) std::iterator_traits<__gnu_cxx::__normal_iterator<char const*, std::vector<char, std::allocator<char> > > >::difference_type std::distance<__gnu_cxx::__normal_iterator<char const*, std::vector<char, std::allocator<char> > > >(__gnu_cxx::__normal_iterator<char const*, std::vector<char, std::allocator<char> > >, __gnu_cxx::__normal_iterator<char const*, std::vector<char, std::allocator<char> > >)
calls=768 138 
* 52992
* 768
+2 2304
+14 768
+1 3840

fn=(3276)
527 18
+2 6
cfi=(253)
cfn=(3278)
calls=2 1291 
* 36
* 8
cfi=(253)
cfn=(3282) std::__cxx11::sub_match<__gnu_cxx::__normal_iterator<char const*, std::__cxx11::basic_string<char, std::char_traits<char>, std::allocator<char> > > > const* std::__niter_base<std::__cxx11::sub_match<__gnu_cxx::__normal_iterator<char const*, std::__cxx11::basic_string<char, std::char_traits<char>, std::allocator<char> > > > const*, std::vector<std::__cxx11::sub_match<__gnu_cxx::__normal_iterator<char const*, std::__cxx11::basic_string<char, std::char_traits<char>, std::allocator<char> > > >, std::allocator<std::__cxx11::sub_match<__gnu_cxx::__normal_iterator<char const*, std::__cxx11::basic_string<char, std::char_traits<char>, std::allocator<char> > > > > > >(__gnu_cxx::__normal_iterator<std::__cxx11::sub_match<__gnu_cxx::__normal_iterator<char const*, std::__cxx11::basic_string<char, std::char_traits<char>, std::allocator<char> > > > const*, std::vector<std::__cxx11::sub_match<__gnu_cxx::__normal_iterator<char const*, std::__cxx11::basic_string<char, std::char_traits<char>, std::allocator<char> > > >, std::allocator<std::__cxx11::sub_match<__gnu_cxx::__normal_iterator<char const*, std::__cxx11::basic_string<char, std::char_traits<char>, std::allocator<char> > > > > > >)
calls=2 1291 
* 36
* 8
cfi=(253)
cfn=(3282)
calls=2 1291 
* 36
* 8
cfn=(3284)
calls=2 -8 
* 584
* 10
cfn=(3294)
calls=2 328 
* 164
+4 10

fl=(250)
fn=(1960)
162 10
+1 28
cfi=(251)
cfn=(1962)
calls=2 834 
* 1716
* 6

fn=(2244)
272 150
+3 90
cfi=(251)
cfn=(2246)
calls=30 1555 
* 1770
+1 90

fn=(2242)
212 150
+3 90
cfi=(251)
cfn=(2230)
calls=30 1427 
* 2700
+1 60

fn=(2216)
244 91
+1 52
cfi=(240)
cfn=(2218)
calls=13 104 
* 91
* 39
cfi=(251)
cfn=(2220)
calls=13 1511 
* 2899
* 52

fn=(2814)
199 15
+1 9
cfi=(251)
cfn=(2816)
calls=3 1311 
* 81
* 6

fn=(2822)
239 102
+1 85
cfi=(251)
cfn=(2824)
calls=17 1496 
* 1649
* 51

fn=(2912)
99 16
cfi=(251)
cfn=(2914)
calls=2 1006 
* 1224
* 6

fl=(196) /home/amir/dv1674/dv1674_a2/blur/blur_par.cpp
fn=(1286) _GLOBAL__sub_I_main
29 6
cfn=(1288) __static_initialization_and_destruction_0(int, int)
calls=1 * 
* 127
* 2

fn=(1322) main
12 10
+1 2
+5 57
cfi=(205)
cfn=(1324)
calls=1 +3 
* 703
+3 3
cob=(2)
cfi=(51)
cfn=(1330)
calls=1 -21 
* 4
* 8
cfi=(206)
cfn=(1334)
calls=1 533 
* 1229
* 6
cfi=(199) /home/amir/dv1674/dv1674_a2/blur/ppm.cpp
cfn=(1378) PPM::Reader::operator()(std::__cxx11::basic_string<char, std::char_traits<char>, std::allocator<char> >)
calls=1 +84 
* 224028504
* 3
cob=(2)
cfi=(51)
cfn=(1712)
calls=1 -21 
* 8
* 3
cob=(2)
cfi=(51)
cfn=(2484)
calls=1 -21 
* 4
+1 3
cob=(2)
cfi=(51)
cfn=(1330)
calls=1 -22 
* 4
* 8
cfi=(206)
cfn=(1334)
calls=1 533 
* 214
* 5
cfi=(206)
cfn=(3378)
calls=1 6630 
* 276
* 4
cob=(2)
cfi=(51)
cfn=(1712)
calls=1 -22 
* 8
* 3
cob=(2)
cfi=(51)
cfn=(2484)
calls=1 -22 
* 4
+1 3
cob=(2)
cfi=(51)
cfn=(1330)
calls=1 -23 
* 4
* 8
cfi=(206)
cfn=(1334)
calls=1 533 
* 194
* 5
cfi=(206)
cfn=(3564)
calls=1 6620 
* 261
* 4
cob=(2)
cfi=(51)
cfn=(1712)
calls=1 -23 
* 8
* 3
cob=(2)
cfi=(51)
cfn=(2484)
calls=1 -23 
* 4
+2 6
cfi=(198)
cfn=(3578)
calls=1 +17 
* 86662347
* 7
cfi=(200)
cfn=(3592)
calls=1 125 
* 86695436
* 3
cfi=(198)
cfn=(3726)
calls=1 +67 
* 617
+1 3
cob=(2)
cfi=(51)
cfn=(1330)
calls=1 -26 
* 4
* 8
cfi=(206)
cfn=(1334)
calls=1 533 
* 306
* 5
cfi=(198)
cfn=(3578)
calls=1 +16 
* 86662392
* 6
cfi=(199)
cfn=(3740) PPM::Writer::operator()(Matrix, std::__cxx11::basic_string<char, std::char_traits<char>, std::allocator<char> >)
calls=1 158 
* 15489506
* 3
cfi=(198)
cfn=(3726)
calls=1 +66 
* 617
* 3
cob=(2)
cfi=(51)
cfn=(1712)
calls=1 -26 
* 104
* 3
cob=(2)
cfi=(51)
cfn=(2484)
calls=1 -26 
* 4
+2 1
+1 3
cfi=(198)
cfn=(3726)
calls=1 +63 
* 635
* 3
cfi=(198)
cfn=(3726)
calls=1 +63 
* 601
* 3
cfi=(205)
cfn=(3802)
calls=1 -8 
* 181
* 7

fn=(1288)
29 10
fi=(197)
+45 3
cob=(2)
cfi=(51)
cfn=(1292)
calls=1 -74 
* 27
* 7
cob=(2)
cfi=(51)
cfn=(1294)
calls=1 -74 
* 77
fe=(196)
-45 3

fl=(211)
fn=(3368) std::iterator_traits<__gnu_cxx::__normal_iterator<char const*, std::__cxx11::basic_string<char, std::char_traits<char>, std::allocator<char> > > >::iterator_category std::__iterator_category<__gnu_cxx::__normal_iterator<char const*, std::__cxx11::basic_string<char, std::char_traits<char>, std::allocator<char> > > >(__gnu_cxx::__normal_iterator<char const*, std::__cxx11::basic_string<char, std::char_traits<char>, std::allocator<char> > > const&)
238 12
+1 6

fn=(1354) std::iterator_traits<char const*>::iterator_category std::__iterator_category<char const*>(char const* const&)
238 5920
+1 2960

fn=(2604)
238 2952
+1 1476

fn=(1394) std::iterator_traits<char*>::iterator_category std::__iterator_category<char*>(char* const&)
238 2956
+1 1478

fn=(2432) std::iterator_traits<__gnu_cxx::__normal_iterator<char const*, std::vector<char, std::allocator<char> > > >::iterator_category std::__iterator_category<__gnu_cxx::__normal_iterator<char const*, std::vector<char, std::allocator<char> > > >(__gnu_cxx::__normal_iterator<char const*, std::vector<char, std::allocator<char> > > const&)
238 3072
+1 1536

fl=(247)
fn=(2714) __gnu_cxx::__aligned_membuf<std::function<bool (char)> >::_M_addr()
64 240
+1 180

fn=(1904)
114 30
+1 18
cfn=(1906) __gnu_cxx::__aligned_buffer<std::__detail::_NFA<std::__cxx11::regex_traits<char> > >::_M_addr()
calls=6 -13 
* 42
* 12

fn=(1906)
102 24
+2 6
+1 12

fn=(3200) __gnu_cxx::__aligned_membuf<std::function<bool (char)> >::_M_addr() const
68 44
+1 33

fl=(199)
fn=(1300) _GLOBAL__sub_I__ZN3PPM6Reader4fillENSt7__cxx1112basic_stringIcSt11char_traitsIcESaIcEEE
200 6
cfn=(1302) __static_initialization_and_destruction_0(int, int)
calls=1 * 
* 127
* 2

fn=(1402) PPM::Reader::fill(std::__cxx11::basic_string<char, std::char_traits<char>, std::allocator<char> >)
16 10
+1 3
cob=(2)
cfi=(51)
cfn=(1404)
calls=1 -17 
* 2452
+2 6
cob=(2)
cfi=(51)
cfn=(1420)
calls=1 -19 
* 7529
+2 4
cob=(2)
cfi=(51)
cfn=(1502)
calls=1 -21 
* 6
* 2
+5 6
cfi=(221)
cfn=(1506)
calls=1 273 
* 31
* 3
cfi=(221)
cfn=(1512)
calls=1 +88 
* 19
+1 3
cob=(2)
cfi=(51)
cfn=(1516)
calls=1 -27 
* 5
* 1
-1 4
cfi=(221)
cfn=(1520)
calls=1 133 
* 21
* 11
cfi=(221)
cfn=(1522)
calls=1 325 
* 1356033
+5 3
cob=(2)
cfi=(51)
cfn=(1624)
calls=1 -31 
* 5617
+1 4
cob=(2)
cfi=(51)
cfn=(1684)
calls=1 -32 
* 3480
* 7

fn=(3504) PPM::Reader::get_data(unsigned int, unsigned int)
81 11
+1 3
+1 3
cob=(2)
cfi=(51)
cfn=(3506)
calls=1 -83 
* 456
* 4
cob=(2)
cfi=(51)
cfn=(3506)
calls=1 -83 
* 371
* 4
cob=(2)
cfi=(51)
cfn=(3506)
calls=1 -83 
* 371
* 1
+2 3
+1 4642092
cob=(2)
cfi=(51)
cfn=(3508)
calls=515788 -86 
* 61378774
+1 1547364
cob=(2)
cfi=(51)
cfn=(3514)
calls=515788 -87 
* 2578940
* 2063152
+1 4642092
cob=(2)
cfi=(51)
cfn=(3508)
calls=515788 -88 
* 61378787
+1 1547364
cob=(2)
cfi=(51)
cfn=(3514)
calls=515788 -89 
* 2578940
* 2063152
+1 4642092
cob=(2)
cfi=(51)
cfn=(3508)
calls=515788 -90 
* 61378774
+1 1547364
cob=(2)
cfi=(51)
cfn=(3514)
calls=515788 -91 
* 2578940
* 2063152
+2 1031576
-8 2578943
+16 12
cfi=(279)
cfn=(3520)
calls=1 742 
* 245
+1 6

fn=(1302)
200 10
fi=(197)
74 3
cob=(2)
cfi=(51)
cfn=(1292)
calls=1 -74 
* 27
* 7
cob=(2)
cfi=(51)
cfn=(1294)
calls=1 -74 
* 77
fe=(199)
200 3

fn=(3502) PPM::Reader::get_color_max()
63 9
+1 3
cob=(2)
cfi=(51)
cfn=(1722)
calls=1 -64 
* 8
+2 5
cob=(2)
cfi=(51)
cfn=(1726)
calls=1 -66 
* 231
+2 6
cfi=(230)
cfn=(1792) std::__cxx11::basic_regex<char, std::__cxx11::regex_traits<char> >::basic_regex(char const*, std::regex_constants::syntax_option_type)
calls=1 453 
* 789380
+1 3
cfi=(230)
cfn=(2948) std::__cxx11::match_results<__gnu_cxx::__normal_iterator<char const*, std::__cxx11::basic_string<char, std::char_traits<char>, std::allocator<char> > >, std::allocator<std::__cxx11::sub_match<__gnu_cxx::__normal_iterator<char const*, std::__cxx11::basic_string<char, std::char_traits<char>, std::allocator<char> > > > > >::match_results()
calls=1 1752 
* 168
+2 6
cfi=(230)
cfn=(2974) bool std::regex_match<std::char_traits<char>, std::allocator<char>, std::allocator<std::__cxx11::sub_match<__gnu_cxx::__normal_iterator<char const*, std::__cxx11::basic_string<char, std::char_traits<char>, std::allocator<char> > > > >, char, std::__cxx11::regex_traits<char> >(std::__cxx11::basic_string<char, std::char_traits<char>, std::allocator<char> > const&, std::__cxx11::match_results<std::__cxx11::basic_string<char, std::char_traits<char>, std::allocator<char> >::const_iterator, std::allocator<std::__cxx11::sub_match<__gnu_cxx::__normal_iterator<char const*, std::__cxx11::basic_string<char, std::char_traits<char>, std::allocator<char> > > > > >&, std::__cxx11::basic_regex<char, std::__cxx11::regex_traits<char> > const&, std::regex_constants::match_flag_type)
calls=1 2272 
* 10542
+2 3
cfi=(230)
cfn=(3340) std::__cxx11::match_results<__gnu_cxx::__normal_iterator<char const*, std::__cxx11::basic_string<char, std::char_traits<char>, std::allocator<char> > >, std::allocator<std::__cxx11::sub_match<__gnu_cxx::__normal_iterator<char const*, std::__cxx11::basic_string<char, std::char_traits<char>, std::allocator<char> > > > > >::ready() const
calls=1 1798 
* 134
* 2
+1 4
cfi=(230)
cfn=(3346) std::__cxx11::match_results<__gnu_cxx::__normal_iterator<char const*, std::__cxx11::basic_string<char, std::char_traits<char>, std::allocator<char> > >, std::allocator<std::__cxx11::sub_match<__gnu_cxx::__normal_iterator<char const*, std::__cxx11::basic_string<char, std::char_traits<char>, std::allocator<char> > > > > >::operator[](unsigned long) const
calls=1 1890 
* 191
* 5
cfi=(230)
cfn=(3352) std::__cxx11::sub_match<__gnu_cxx::__normal_iterator<char const*, std::__cxx11::basic_string<char, std::char_traits<char>, std::allocator<char> > > >::operator std::__cxx11::basic_string<char, std::char_traits<char>, std::allocator<char> >() const
calls=1 920 
* 315
* 5
cfi=(206)
cfn=(3378)
calls=1 6630 
* 295
* 4
cob=(2)
cfi=(51)
cfn=(1712)
calls=1 -74 
* 8
* 1
+4 3
cfi=(230)
cfn=(3404) std::__cxx11::match_results<__gnu_cxx::__normal_iterator<char const*, std::__cxx11::basic_string<char, std::char_traits<char>, std::allocator<char> > >, std::allocator<std::__cxx11::sub_match<__gnu_cxx::__normal_iterator<char const*, std::__cxx11::basic_string<char, std::char_traits<char>, std::allocator<char> > > > > >::~match_results()
calls=1 1788 
* 286
* 3
cfi=(230)
cfn=(3406) std::__cxx11::basic_regex<char, std::__cxx11::regex_traits<char> >::~basic_regex()
calls=1 534 
* 2501
* 3
cob=(2)
cfi=(51)
cfn=(1712)
calls=1 -78 
* 8
* 7

fn=(1378)
105 13
+2 5
cob=(2)
cfi=(51)
cfn=(1380)
calls=1 0 
* 1580
* 5
cfn=(1402)
calls=1 -91 
* 1375260
* 3
cob=(2)
cfi=(51)
cfn=(1712)
calls=1 0 
* 8
+2 4
cob=(2)
cfi=(51)
cfn=(1716)
calls=1 0 
* 6
* 2
+4 5
cfn=(1720) PPM::Reader::get_magic_number[abi:cxx11]()
calls=1 -78 
* 6895
+2 5
cfi=(206)
cfn=(1764)
calls=1 6327 
* 926
* 2
+4 3
cfn=(1776) PPM::Reader::get_dimensions()
calls=1 -75 
* 1596296
* 4
cfi=(278)
cfn=(3490)
calls=1 228 
* 36
* 4
cfi=(278)
cfn=(3498)
calls=1 228 
* 37
* 1
+2 8
+4 6
+2 2
+4 3
cfn=(3502)
calls=1 -68 
* 804139
* 1
+2 2
+4 8
cfn=(3504)
calls=1 -56 
* 220242988
* 3
cfi=(279)
cfn=(3536)
calls=1 1405 
* 47
* 4
cfi=(279)
cfn=(3544)
calls=1 1405 
* 47
* 4
cfi=(279)
cfn=(3552)
calls=1 1405 
* 46
* 1
+2 12
+4 5
cob=(2)
cfi=(51)
cfn=(3560)
calls=1 0 
* 9
+1 16
cfi=(198)
cfn=(3562) Matrix::Matrix(unsigned char*, unsigned char*, unsigned char*, unsigned int, unsigned int, unsigned int)
calls=1 10 
* 30
* 1
+1 3
cob=(2)
cfi=(51)
cfn=(1712)
calls=1 0 
* 8
+5 11

fn=(1720)
35 7
+1 3
cob=(2)
cfi=(51)
cfn=(1722)
calls=1 -36 
* 8
+2 5
cob=(2)
cfi=(51)
cfn=(1726)
calls=1 -38 
* 6867
+2 1
+1 4

fn=(1776)
44 9
+1 3
cob=(2)
cfi=(51)
cfn=(1722)
calls=1 -45 
* 8
+2 6
cob=(2)
cfi=(51)
cfn=(1726)
calls=1 -47 
* 2012
* 5
cob=(2)
cfi=(51)
cfn=(1726)
calls=1 -47 
* 227
* 12
cob=(2)
cfi=(51)
cfn=(1784)
calls=2 -47 
* 12
* 12
cob=(2)
cfi=(51)
cfn=(1788)
calls=2 -47 
* 12
* 13
+3 6
cfi=(230)
cfn=(1792)
calls=1 453 
* 1573056
+1 3
cfi=(230)
cfn=(2948)
calls=1 1752 
* 168
+2 6
cfi=(230)
cfn=(2974)
calls=1 2272 
* 14736
+2 3
cfi=(230)
cfn=(3340)
calls=1 1798 
* 134
* 2
+1 4
cfi=(230)
cfn=(3346)
calls=1 1890 
* 191
* 5
cfi=(230)
cfn=(3352)
calls=1 920 
* 315
* 5
cfi=(206)
cfn=(3378)
calls=1 6630 
* 295
* 5
cfi=(230)
cfn=(3346)
calls=1 1890 
* 191
* 5
cfi=(230)
cfn=(3352)
calls=1 920 
* 315
* 5
cfi=(206)
cfn=(3378)
calls=1 6630 
* 295
* 7
cfi=(268)
cfn=(3400) std::pair<unsigned int, unsigned int>::pair<unsigned long, unsigned long, true>(unsigned long&&, unsigned long&&)
calls=1 352 
* 38
* 4
cob=(2)
cfi=(51)
cfn=(1712)
calls=1 -56 
* 8
* 3
cob=(2)
cfi=(51)
cfn=(1712)
calls=1 -56 
* 8
* 1
+4 3
cfi=(230)
cfn=(3404)
calls=1 1788 
* 286
* 3
cfi=(230)
cfn=(3406)
calls=1 534 
* 3745
* 3
cob=(2)
cfi=(51)
cfn=(1712)
calls=1 -60 
* 104
* 7

fn=(3740)
158 140
+2 3
cob=(2)
cfi=(51)
cfn=(3380)
calls=1 0 
* 5
* 5
cob=(2)
cfi=(51)
cfn=(3742)
calls=1 0 
* 508
* 1
+1 2
+5 7
cob=(2)
cfi=(51)
cfn=(3744)
calls=1 0 
* 1175
+1 3
cfi=(198)
cfn=(3596)
calls=1 -51 
* 8
* 4
cfi=(198)
cfn=(3594)
calls=1 -56 
* 8
* 7
cob=(2)
cfi=(51)
cfn=(3744)
calls=1 0 
* 1030
+1 3
cfi=(198)
cfn=(3778) Matrix::get_color_max() const
calls=1 -47 
* 8
* 7
cob=(2)
cfi=(51)
cfn=(3744)
calls=1 0 
* 630
+2 1
+2 1
+2 3
cfi=(198)
cfn=(3594)
calls=1 -63 
* 8
* 4
cfi=(198)
cfn=(3596)
calls=1 -58 
* 8
* 3
+1 3
cfi=(198)
cfn=(3780) Matrix::get_R() const
calls=1 -49 
* 8
* 1
+1 3
cfi=(198)
cfn=(3782) Matrix::get_G() const
calls=1 -45 
* 8
* 1
+1 3
cfi=(198)
cfn=(3784) Matrix::get_B() const
calls=1 -41 
* 8
* 1
+3 2
+1 4126304
+1 4126304
+1 4126304
+3 1031576
+1 66
cob=(2)
cfi=(51)
cfn=(3786)
calls=11 0 
* 10608
+1 11
-8 2063155
+12 2
+1 6
cob=(2)
cfi=(51)
cfn=(3786)
calls=1 0 
* 838
+3 3
cob=(2)
cfi=(51)
cfn=(3800)
calls=1 0 
* 702
* 1
+1 6

fl=(210)
fn=(1352)
138 4452
+4 2226
cfi=(211)
cfn=(1354)
calls=742 +96 
* 4452
-1 3710
cfn=(1356) std::iterator_traits<char const*>::difference_type std::__distance<char const*>(char const*, char const*, std::random_access_iterator_tag)
calls=742 -43 
* 6678
+2 1484

fn=(3370) std::iterator_traits<__gnu_cxx::__normal_iterator<char const*, std::__cxx11::basic_string<char, std::char_traits<char>, std::allocator<char> > > >::difference_type std::__distance<__gnu_cxx::__normal_iterator<char const*, std::__cxx11::basic_string<char, std::char_traits<char>, std::allocator<char> > > >(__gnu_cxx::__normal_iterator<char const*, std::__cxx11::basic_string<char, std::char_traits<char>, std::allocator<char> > >, __gnu_cxx::__normal_iterator<char const*, std::__cxx11::basic_string<char, std::char_traits<char>, std::allocator<char> > >, std::random_access_iterator_tag)
98 18
+6 15
cfi=(253)
cfn=(3372) __gnu_cxx::__normal_iterator<char const*, std::__cxx11::basic_string<char, std::char_traits<char>, std::allocator<char> > >::difference_type __gnu_cxx::operator-<char const*, std::__cxx11::basic_string<char, std::char_traits<char>, std::allocator<char> > >(__gnu_cxx::__normal_iterator<char const*, std::__cxx11::basic_string<char, std::char_traits<char>, std::allocator<char> > > const&, __gnu_cxx::__normal_iterator<char const*, std::__cxx11::basic_string<char, std::char_traits<char>, std::allocator<char> > > const&)
calls=3 1268 
* 102
+1 6

fn=(1392)
138 4434
+4 2217
cfi=(211)
cfn=(1394)
calls=739 +96 
* 4434
-1 3695
cfn=(1396) std::iterator_traits<char*>::difference_type std::__distance<char*>(char*, char*, std::random_access_iterator_tag)
calls=739 -43 
* 6651
+2 1478

fn=(1396)
98 3695
+6 1478
+1 1478

fn=(3366)
138 18
+4 9
cfi=(211)
cfn=(3368)
calls=3 +96 
* 18
-1 15
cfn=(3370)
calls=3 -43 
* 141
+2 6

fn=(1356)
98 3710
+6 1484
+1 1484

fn=(2434) std::iterator_traits<__gnu_cxx::__normal_iterator<char const*, std::vector<char, std::allocator<char> > > >::difference_type std::__distance<__gnu_cxx::__normal_iterator<char const*, std::vector<char, std::allocator<char> > > >(__gnu_cxx::__normal_iterator<char const*, std::vector<char, std::allocator<char> > >, __gnu_cxx::__normal_iterator<char const*, std::vector<char, std::allocator<char> > >, std::random_access_iterator_tag)
98 4608
+6 3840
cfi=(253)
cfn=(2402) __gnu_cxx::__normal_iterator<char const*, std::vector<char, std::allocator<char> > >::difference_type __gnu_cxx::operator-<char const*, std::vector<char, std::allocator<char> > >(__gnu_cxx::__normal_iterator<char const*, std::vector<char, std::allocator<char> > > const&, __gnu_cxx::__normal_iterator<char const*, std::vector<char, std::allocator<char> > > const&)
calls=768 1268 
* 26112
+1 1536

fn=(2430)
138 4608
+4 2304
cfi=(211)
cfn=(2432)
calls=768 +96 
* 4608
-1 3840
cfn=(2434)
calls=768 -43 
* 36096
+2 1536

fl=(243)
fn=(1952)
71 20
+2 16
+1 16
cfi=(244)
cfn=(3486)
calls=2 495 
* 272
+1 12

fn=(1950)
79 10
+2 4
+1 2
+1 4

fn=(1880)
86 18
cfi=(245)
cfn=(1882)
calls=2 +73 
* 14
* 4

fn=(1866)
96 12
+2 8
cfi=(244)
cfn=(1868)
calls=2 463 
* 378
* 12
cfn=(1876)
calls=2 -45 
* 50
+1 6

fn=(1876)
53 28
+1 12
cfi=(240)
cfn=(1878)
calls=4 -5 
* 28
* 20
+1 12

fl=(269) /usr/include/c++/11/bits/regex_executor.h
fn=(3306) std::__detail::_Executor<__gnu_cxx::__normal_iterator<char const*, std::__cxx11::basic_string<char, std::char_traits<char>, std::allocator<char> > >, std::allocator<std::__cxx11::sub_match<__gnu_cxx::__normal_iterator<char const*, std::__cxx11::basic_string<char, std::char_traits<char>, std::allocator<char> > > > >, std::__cxx11::regex_traits<char>, true>::~_Executor()
52 18
cfi=(249)
cfn=(3308) std::vector<std::pair<__gnu_cxx::__normal_iterator<char const*, std::__cxx11::basic_string<char, std::char_traits<char>, std::allocator<char> > >, int>, std::allocator<std::pair<__gnu_cxx::__normal_iterator<char const*, std::__cxx11::basic_string<char, std::char_traits<char>, std::allocator<char> > >, int> > >::~vector()
calls=2 678 
* 538
* 6
cfi=(249)
cfn=(3054)
calls=2 678 
* 550
* 6

fn=(3070) std::__detail::_Executor<__gnu_cxx::__normal_iterator<char const*, std::__cxx11::basic_string<char, std::char_traits<char>, std::allocator<char> > >, std::allocator<std::__cxx11::sub_match<__gnu_cxx::__normal_iterator<char const*, std::__cxx11::basic_string<char, std::char_traits<char>, std::allocator<char> > > > >, std::__cxx11::regex_traits<char>, true>::_Executor(__gnu_cxx::__normal_iterator<char const*, std::__cxx11::basic_string<char, std::char_traits<char>, std::allocator<char> > >, __gnu_cxx::__normal_iterator<char const*, std::__cxx11::basic_string<char, std::char_traits<char>, std::allocator<char> > >, std::vector<std::__cxx11::sub_match<__gnu_cxx::__normal_iterator<char const*, std::__cxx11::basic_string<char, std::char_traits<char>, std::allocator<char> > > >, std::allocator<std::__cxx11::sub_match<__gnu_cxx::__normal_iterator<char const*, std::__cxx11::basic_string<char, std::char_traits<char>, std::allocator<char> > > > > >&, std::__cxx11::basic_regex<char, std::__cxx11::regex_traits<char> > const&, std::regex_constants::match_flag_type)
69 30
+12 6
cfi=(249)
cfn=(3072) std::vector<std::__cxx11::sub_match<__gnu_cxx::__normal_iterator<char const*, std::__cxx11::basic_string<char, std::char_traits<char>, std::allocator<char> > > >, std::allocator<std::__cxx11::sub_match<__gnu_cxx::__normal_iterator<char const*, std::__cxx11::basic_string<char, std::char_traits<char>, std::allocator<char> > > > > >::vector()
calls=2 487 
* 134
* 8
cfi=(253)
cfn=(2968) __gnu_cxx::__normal_iterator<char const*, std::__cxx11::basic_string<char, std::char_traits<char>, std::allocator<char> > >::__normal_iterator()
calls=2 1023 
* 18
-7 6
+1 8
+1 6
+1 8
cfi=(232)
cfn=(3078)
calls=2 977 
* 60
* 4
+1 6
+1 10
cfi=(241)
cfn=(3080)
calls=2 +77 
* 36
* 10
cfi=(249)
cfn=(2130) std::vector<std::__detail::_State<char>, std::allocator<std::__detail::_State<char> > >::size() const
calls=2 918 
* 32
* 12
cfi=(249)
cfn=(3084) std::vector<std::pair<__gnu_cxx::__normal_iterator<char const*, std::__cxx11::basic_string<char, std::char_traits<char>, std::allocator<char> > >, int>, std::allocator<std::pair<__gnu_cxx::__normal_iterator<char const*, std::__cxx11::basic_string<char, std::char_traits<char>, std::allocator<char> > >, int> > >::vector(unsigned long, std::allocator<std::pair<__gnu_cxx::__normal_iterator<char const*, std::__cxx11::basic_string<char, std::char_traits<char>, std::allocator<char> > >, int> > const&)
calls=2 510 
* 2914
* 6
cfi=(241)
cfn=(3100)
calls=2 +95 
* 36
+1 14
cfi=(249)
cfn=(2130)
calls=2 918 
* 32
* 10
cfi=(248)
cfn=(2026)
calls=2 205 
* 16
* 8
cfn=(3134) std::__detail::_Executor<__gnu_cxx::__normal_iterator<char const*, std::__cxx11::basic_string<char, std::char_traits<char>, std::allocator<char> > >, std::allocator<std::__cxx11::sub_match<__gnu_cxx::__normal_iterator<char const*, std::__cxx11::basic_string<char, std::char_traits<char>, std::allocator<char> > > > >, std::__cxx11::regex_traits<char>, true>::_State_info<std::integral_constant<bool, true>, std::vector<std::__cxx11::sub_match<__gnu_cxx::__normal_iterator<char const*, std::__cxx11::basic_string<char, std::char_traits<char>, std::allocator<char> > > >, std::allocator<std::__cxx11::sub_match<__gnu_cxx::__normal_iterator<char const*, std::__cxx11::basic_string<char, std::char_traits<char>, std::allocator<char> > > > > > >::_State_info(long, unsigned long)
calls=2 272 
* 52
+1 6
+3 8
cfi=(235)
cfn=(3136) std::regex_constants::operator&(std::regex_constants::match_flag_type, std::regex_constants::match_flag_type)
calls=2 394 
* 18
* 8
+2 18

fn=(3134)
272 28
cfi=(253)
cfn=(2968)
calls=2 1023 
* 18
+1 6

fn=(3144) std::__detail::_Executor<__gnu_cxx::__normal_iterator<char const*, std::__cxx11::basic_string<char, std::char_traits<char>, std::allocator<char> > >, std::allocator<std::__cxx11::sub_match<__gnu_cxx::__normal_iterator<char const*, std::__cxx11::basic_string<char, std::char_traits<char>, std::allocator<char> > > > >, std::__cxx11::regex_traits<char>, true>::_State_info<std::integral_constant<bool, true>, std::vector<std::__cxx11::sub_match<__gnu_cxx::__normal_iterator<char const*, std::__cxx11::basic_string<char, std::char_traits<char>, std::allocator<char> > > >, std::allocator<std::__cxx11::sub_match<__gnu_cxx::__normal_iterator<char const*, std::__cxx11::basic_string<char, std::char_traits<char>, std::allocator<char> > > > > > >::_M_get_sol_pos()
279 16

fn=(3140) std::__detail::_Executor<__gnu_cxx::__normal_iterator<char const*, std::__cxx11::basic_string<char, std::char_traits<char>, std::allocator<char> > >, std::allocator<std::__cxx11::sub_match<__gnu_cxx::__normal_iterator<char const*, std::__cxx11::basic_string<char, std::char_traits<char>, std::allocator<char> > > > >, std::__cxx11::regex_traits<char>, true>::_M_main(std::__detail::_Executor<__gnu_cxx::__normal_iterator<char const*, std::__cxx11::basic_string<char, std::char_traits<char>, std::allocator<char> > >, std::allocator<std::__cxx11::sub_match<__gnu_cxx::__normal_iterator<char const*, std::__cxx11::basic_string<char, std::char_traits<char>, std::allocator<char> > > > >, std::__cxx11::regex_traits<char>, true>::_Match_mode)
148 14
+1 10
cfi=(270) /usr/include/c++/11/bits/regex_executor.tcc
cfn=(3142) std::__detail::_Executor<__gnu_cxx::__normal_iterator<char const*, std::__cxx11::basic_string<char, std::char_traits<char>, std::allocator<char> > >, std::allocator<std::__cxx11::sub_match<__gnu_cxx::__normal_iterator<char const*, std::__cxx11::basic_string<char, std::char_traits<char>, std::allocator<char> > > > >, std::__cxx11::regex_traits<char>, true>::_M_main_dispatch(std::__detail::_Executor<__gnu_cxx::__normal_iterator<char const*, std::__cxx11::basic_string<char, std::char_traits<char>, std::allocator<char> > >, std::allocator<std::__cxx11::sub_match<__gnu_cxx::__normal_iterator<char const*, std::__cxx11::basic_string<char, std::char_traits<char>, std::allocator<char> > > > >, std::__cxx11::regex_traits<char>, true>::_Match_mode, std::integral_constant<bool, true>)
calls=2 -68 
* 15692
* 4

fn=(3138) std::__detail::_Executor<__gnu_cxx::__normal_iterator<char const*, std::__cxx11::basic_string<char, std::char_traits<char>, std::allocator<char> > >, std::allocator<std::__cxx11::sub_match<__gnu_cxx::__normal_iterator<char const*, std::__cxx11::basic_string<char, std::char_traits<char>, std::allocator<char> > > > >, std::__cxx11::regex_traits<char>, true>::_M_match()
90 10
+2 8
+1 8
cfn=(3140)
calls=2 +55 
* 15720
+1 4

fn=(3176) std::__detail::_Executor<__gnu_cxx::__normal_iterator<char const*, std::__cxx11::basic_string<char, std::char_traits<char>, std::allocator<char> > >, std::allocator<std::__cxx11::sub_match<__gnu_cxx::__normal_iterator<char const*, std::__cxx11::basic_string<char, std::char_traits<char>, std::allocator<char> > > > >, std::__cxx11::regex_traits<char>, true>::_State_info<std::integral_constant<bool, true>, std::vector<std::__cxx11::sub_match<__gnu_cxx::__normal_iterator<char const*, std::__cxx11::basic_string<char, std::char_traits<char>, std::allocator<char> > > >, std::allocator<std::__cxx11::sub_match<__gnu_cxx::__normal_iterator<char const*, std::__cxx11::basic_string<char, std::char_traits<char>, std::allocator<char> > > > > > >::_M_visited(long) const
276 304

fn=(3186) std::__detail::_Executor<__gnu_cxx::__normal_iterator<char const*, std::__cxx11::basic_string<char, std::char_traits<char>, std::allocator<char> > >, std::allocator<std::__cxx11::sub_match<__gnu_cxx::__normal_iterator<char const*, std::__cxx11::basic_string<char, std::char_traits<char>, std::allocator<char> > > > >, std::__cxx11::regex_traits<char>, true>::_M_at_begin() const
166 16
+2 14
cfi=(253)
cfn=(3188) bool __gnu_cxx::operator==<char const*, std::__cxx11::basic_string<char, std::char_traits<char>, std::allocator<char> > >(__gnu_cxx::__normal_iterator<char const*, std::__cxx11::basic_string<char, std::char_traits<char>, std::allocator<char> > > const&, __gnu_cxx::__normal_iterator<char const*, std::__cxx11::basic_string<char, std::char_traits<char>, std::allocator<char> > > const&)
calls=2 1163 
* 68
* 4
+3 10
cfi=(235)
cfn=(3136)
calls=2 394 
* 18
* 8
+3 10
cfi=(235)
cfn=(3136)
calls=2 394 
* 18
* 8
+10 4
+6 10

fn=(3262) std::__detail::_Executor<__gnu_cxx::__normal_iterator<char const*, std::__cxx11::basic_string<char, std::char_traits<char>, std::allocator<char> > >, std::allocator<std::__cxx11::sub_match<__gnu_cxx::__normal_iterator<char const*, std::__cxx11::basic_string<char, std::char_traits<char>, std::allocator<char> > > > >, std::__cxx11::regex_traits<char>, true>::_M_at_end() const
193 10
+2 14
cfi=(253)
cfn=(3188)
calls=2 1163 
* 68
* 4
+1 10
cfi=(235)
cfn=(3136)
calls=2 394 
* 18
* 6
+5 4

fl=(261)
fn=(2426)
75 4608

fn=(2600) __gnu_cxx::__ops::_Iter_equals_val<std::__cxx11::basic_string<char, std::char_traits<char>, std::allocator<char> > const>::_Iter_equals_val(std::__cxx11::basic_string<char, std::char_traits<char>, std::allocator<char> > const&)
262 3690
+1 2214
+1 2214

fn=(2598)
276 5904
+1 3690
cfn=(2600)
calls=738 -15 
* 8118
* 4428

fn=(2386)
123 18

fn=(2376)
51 18

fl=(237)
fn=(1822)
125 45
+1 45
cfi=(235)
cfn=(1812)
calls=9 +76 
* 81
* 36

fn=(2262)
115 18
+2 9
+1 3
+1 84
-1 117
+3 3
+1 6

fn=(2258)
129 15
+1 9
cfi=(235)
cfn=(1810)
calls=3 +79 
* 27
* 18
cfi=(235)
cfn=(1812)
calls=3 +72 
* 27
* 12

fn=(1820)
91 12
+19 250
-18 4
+1 6
+1 6
cfn=(1822)
calls=2 +31 
* 46
+1 10
-1 4
+3 6
cfn=(1822)
calls=2 +28 
* 46
+1 10
-1 4
+13 4
+1 6

fn=(2186)
229 76
+1 76

fn=(2946)
210 18
cob=(2)
cfi=(51)
cfn=(1712)
calls=2 0 
* 16
* 6

fn=(2184)
225 788
+1 788

fl=(256)
fn=(2222)
164 78
+3 26
+1 39
-1 26
+3 39
cfi=(240)
cfn=(2224)
calls=13 -93 
* 91
* 91
cfi=(244)
cfn=(2226)
calls=13 511 
* 884
+3 78
+5 39
cfi=(251)
cfn=(2230)
calls=13 1427 
* 1170
+2 26

fl=(267)
fn=(2870)
178 16
+2 12
cfi=(249)
cfn=(2132)
calls=2 811 
* 62
* 10
cfi=(249)
cfn=(2110)
calls=2 829 
* 64
* 88
cfi=(253)
cfn=(2166) __gnu_cxx::__normal_iterator<std::__detail::_State<char>*, std::vector<std::__detail::_State<char>, std::allocator<std::__detail::_State<char> > > >::operator*() const
calls=28 1042 
* 224
* 28
+2 28
+2 35
cfi=(249)
cfn=(2172) std::vector<std::__detail::_State<char>, std::allocator<std::__detail::_State<char> > >::operator[](unsigned long)
calls=5 1043 
* 75
* 15
-2 349
cfi=(249)
cfn=(2172)
calls=31 1043 
* 465
* 62
cfi=(248)
cfn=(2096) std::__detail::_State<char>::_M_opcode() const
calls=31 -17 
* 248
* 166
+3 84
cfi=(248)
cfn=(2874) std::__detail::_State_base::_M_has_alt() const
calls=28 -81 
* 523
* 56
+1 36
cfi=(249)
cfn=(2172)
calls=3 1043 
* 45
* 6
cfi=(248)
cfn=(2096)
calls=3 -21 
* 24
* 15
-6 84
cfi=(253)
cfn=(2876) __gnu_cxx::__normal_iterator<std::__detail::_State<char>*, std::vector<std::__detail::_State<char>, std::allocator<std::__detail::_State<char> > > >::operator++()
calls=28 1052 
* 336
* 150
cfi=(253)
cfn=(2872) bool __gnu_cxx::operator!=<std::__detail::_State<char>*, std::vector<std::__detail::_State<char>, std::allocator<std::__detail::_State<char> > > >(__gnu_cxx::__normal_iterator<std::__detail::_State<char>*, std::vector<std::__detail::_State<char>, std::allocator<std::__detail::_State<char> > > > const&, __gnu_cxx::__normal_iterator<std::__detail::_State<char>*, std::vector<std::__detail::_State<char>, std::allocator<std::__detail::_State<char> > > > const&)
calls=30 1179 
* 1020
* 60
+10 12

fl=(230)
fn=(1804) std::__cxx11::basic_regex<char, std::__cxx11::regex_traits<char> >::_M_compile(char const*, char const*, std::regex_constants::syntax_option_type)
782 22
+3 18
cfi=(233)
cfn=(1806)
calls=2 65 
* 2359916
+1 10
cfi=(234)
cfn=(2878)
calls=2 68 
* 206
* 12
cfi=(231)
cfn=(2888)
calls=2 383 
* 464
* 6
cfi=(231)
cfn=(2908)
calls=2 122 
* 70
+1 6
+1 6
cfi=(234)
cfn=(2910)
calls=2 57 
* 1420
* 10

fn=(3002) std::__cxx11::sub_match<__gnu_cxx::__normal_iterator<char const*, std::__cxx11::basic_string<char, std::char_traits<char>, std::allocator<char> > > >::sub_match()
903 16
cfi=(268)
cfn=(3004) std::pair<__gnu_cxx::__normal_iterator<char const*, std::__cxx11::basic_string<char, std::char_traits<char>, std::allocator<char> > >, __gnu_cxx::__normal_iterator<char const*, std::__cxx11::basic_string<char, std::char_traits<char>, std::allocator<char> > > >::pair<__gnu_cxx::__normal_iterator<char const*, std::__cxx11::basic_string<char, std::char_traits<char>, std::allocator<char> > >, __gnu_cxx::__normal_iterator<char const*, std::__cxx11::basic_string<char, std::char_traits<char>, std::allocator<char> > >, true>()
calls=2 232 
* 66
* 10

fn=(1792)
453 16
+1 8
cob=(2)
cfi=(51)
cfn=(1794)
calls=2 0 
* 54
* 8
cfi=(231)
cfn=(1796)
calls=2 148 
* 68
* 6
cfn=(1802) std::__cxx11::regex_traits<char>::length(char const*)
calls=2 183 
* 84
* 18
cfn=(1804)
calls=2 782 
* 2362166
* 8

fn=(1940) std::__cxx11::regex_traits<char>::regex_traits()
170 16
cob=(2)
cfi=(51)
cfn=(1794)
calls=2 0 
* 54
* 6

fn=(1942) std::__cxx11::regex_traits<char>::imbue(std::locale)
372 14
+2 10
cfi=(240)
cfn=(1944)
calls=2 196 
* 250
+1 10
cob=(2)
cfi=(51)
cfn=(1814)
calls=2 0 
* 18
+1 6

fn=(2360)
149 15
+2 6
+1 12
+1 24
+1 6

fn=(2974)
2272 18
+6 6
cob=(2)
cfi=(51)
cfn=(2976)
calls=2 0 
* 12
* 8
cob=(2)
cfi=(51)
cfn=(2980)
calls=2 0 
* 10
* 18
cfn=(2984) bool std::regex_match<__gnu_cxx::__normal_iterator<char const*, std::__cxx11::basic_string<char, std::char_traits<char>, std::allocator<char> > >, std::allocator<std::__cxx11::sub_match<__gnu_cxx::__normal_iterator<char const*, std::__cxx11::basic_string<char, std::char_traits<char>, std::allocator<char> > > > >, char, std::__cxx11::regex_traits<char> >(__gnu_cxx::__normal_iterator<char const*, std::__cxx11::basic_string<char, std::char_traits<char>, std::allocator<char> > >, __gnu_cxx::__normal_iterator<char const*, std::__cxx11::basic_string<char, std::char_traits<char>, std::allocator<char> > >, std::__cxx11::match_results<__gnu_cxx::__normal_iterator<char const*, std::__cxx11::basic_string<char, std::char_traits<char>, std::allocator<char> > >, std::allocator<std::__cxx11::sub_match<__gnu_cxx::__normal_iterator<char const*, std::__cxx11::basic_string<char, std::char_traits<char>, std::allocator<char> > > > > >&, std::__cxx11::basic_regex<char, std::__cxx11::regex_traits<char> > const&, std::regex_constants::match_flag_type)
calls=2 -83 
* 25200
* 6

fn=(3290)
891 176
cfi=(268)
cfn=(3292) std::pair<__gnu_cxx::__normal_iterator<char const*, std::__cxx11::basic_string<char, std::char_traits<char>, std::allocator<char> > >, __gnu_cxx::__normal_iterator<char const*, std::__cxx11::basic_string<char, std::char_traits<char>, std::allocator<char> > > >::operator=(std::pair<__gnu_cxx::__normal_iterator<char const*, std::__cxx11::basic_string<char, std::char_traits<char>, std::allocator<char> > >, __gnu_cxx::__normal_iterator<char const*, std::__cxx11::basic_string<char, std::char_traits<char>, std::allocator<char> > > > const&)
calls=16 390 
* 256
* 112

fn=(2332)
106 72
+2 54
+1 27

fn=(2364) std::__cxx11::regex_traits<char>::_RegexMask::operator|(std::__cxx11::regex_traits<char>::_RegexMask) const
119 27
+3 12
-1 30
cfn=(2332)
calls=3 -15 
* 51
+1 3
+1 15

fn=(3424) std::__cxx11::regex_traits<char>::~regex_traits()
90 16
cob=(2)
cfi=(51)
cfn=(1842)
calls=2 -90 
* 20
* 6

fn=(1802)
183 10
+1 6
cfi=(207)
cfn=(1344)
calls=2 393 
* 64
* 4

fn=(2984)
2195 18
+9 16
cfi=(259)
cfn=(2986) bool std::__detail::__regex_algo_impl<__gnu_cxx::__normal_iterator<char const*, std::__cxx11::basic_string<char, std::char_traits<char>, std::allocator<char> > >, std::allocator<std::__cxx11::sub_match<__gnu_cxx::__normal_iterator<char const*, std::__cxx11::basic_string<char, std::char_traits<char>, std::allocator<char> > > > >, char, std::__cxx11::regex_traits<char>, (std::__detail::_RegexExecutorPolicy)0, true>(__gnu_cxx::__normal_iterator<char const*, std::__cxx11::basic_string<char, std::char_traits<char>, std::allocator<char> > >, __gnu_cxx::__normal_iterator<char const*, std::__cxx11::basic_string<char, std::char_traits<char>, std::allocator<char> > >, std::__cxx11::match_results<__gnu_cxx::__normal_iterator<char const*, std::__cxx11::basic_string<char, std::char_traits<char>, std::allocator<char> > >, std::allocator<std::__cxx11::sub_match<__gnu_cxx::__normal_iterator<char const*, std::__cxx11::basic_string<char, std::char_traits<char>, std::allocator<char> > > > > >&, std::__cxx11::basic_regex<char, std::__cxx11::regex_traits<char> > const&, std::regex_constants::match_flag_type)
calls=2 50 
* 25162
+1 4

fn=(3068) std::__cxx11::basic_regex<char, std::__cxx11::regex_traits<char> >::flags() const
733 8
+1 8

fn=(3352)
920 27
+1 15
cfn=(3354) std::__cxx11::sub_match<__gnu_cxx::__normal_iterator<char const*, std::__cxx11::basic_string<char, std::char_traits<char>, std::allocator<char> > > >::str() const
calls=3 +8 
* 885
* 18

fn=(3354)
929 33
+2 6
+2 18
cob=(2)
cfi=(51)
cfn=(1330)
calls=3 0 
* 12
* 27
cfi=(206)
cfn=(3356)
calls=3 638 
* 729
* 18
cob=(2)
cfi=(51)
cfn=(2484)
calls=3 0 
* 12
* 3
+1 27

fn=(3406)
534 10
+1 8
cfi=(231)
cfn=(2908)
calls=2 122 
* 6194
* 8
cob=(2)
cfi=(51)
cfn=(1842)
calls=2 0 
* 20
* 6

fn=(2456)
260 8856
+9 2214
cob=(2)
cfi=(51)
cfn=(2022)
calls=738 0 
* 16974
* 738
+1 2214
cob=(2)
cfi=(51)
cfn=(1330)
calls=738 0 
* 2952
* 4428
cfi=(249)
cfn=(2458) std::vector<char, std::allocator<char> >::vector<char const*, void>(char const*, char const*, std::allocator<char> const&)
calls=738 653 
* 459036
* 2214
cob=(2)
cfi=(51)
cfn=(2484)
calls=738 0 
* 2952
+1 2214
cfi=(249)
cfn=(2518) std::vector<char, std::allocator<char> >::data()
calls=738 1168 
* 15498
* 2952
cfi=(249)
cfn=(2522) std::vector<char, std::allocator<char> >::size() const
calls=738 918 
* 8856
* 2952
cfi=(249)
cfn=(2518)
calls=738 1168 
* 15498
* 4428
cfi=(239)
cfn=(2524)
calls=738 855 
* 23616
+1 2214
cfi=(249)
cfn=(2518)
calls=738 1168 
* 15498
* 2952
cfi=(249)
cfn=(2522)
calls=738 918 
* 8856
* 2952
cfi=(249)
cfn=(2518)
calls=738 1168 
* 15498
* 4428
cfn=(2528) std::__cxx11::basic_string<char, std::char_traits<char>, std::allocator<char> > std::__cxx11::regex_traits<char>::transform<char*>(char*, char*) const
calls=738 -36 
* 555748
* 738
+1 2214
cfi=(249)
cfn=(2574)
calls=738 678 
* 185976
-1 738
+1 5166

fn=(3340)
1798 16
cfi=(249)
cfn=(3342) std::vector<std::__cxx11::sub_match<__gnu_cxx::__normal_iterator<char const*, std::__cxx11::basic_string<char, std::char_traits<char>, std::allocator<char> > > >, std::allocator<std::__cxx11::sub_match<__gnu_cxx::__normal_iterator<char const*, std::__cxx11::basic_string<char, std::char_traits<char>, std::allocator<char> > > > > >::empty() const
calls=2 1007 
* 246
* 6

fn=(3348) std::__cxx11::match_results<__gnu_cxx::__normal_iterator<char const*, std::__cxx11::basic_string<char, std::char_traits<char>, std::allocator<char> > >, std::allocator<std::__cxx11::sub_match<__gnu_cxx::__normal_iterator<char const*, std::__cxx11::basic_string<char, std::char_traits<char>, std::allocator<char> > > > > >::size() const
1815 15
+1 9
cfi=(249)
cfn=(3342)
calls=3 1007 
* 369
* 15
cfi=(249)
cfn=(3150)
calls=3 918 
* 48
* 9

fn=(2528)
236 8856
+3 2214
cob=(2)
cfi=(51)
cfn=(2530)
calls=738 0 
* 16974
* 738
+1 2214
cob=(2)
cfi=(51)
cfn=(1330)
calls=738 0 
* 2952
* 4428
cfi=(206)
cfn=(2534)
calls=738 638 
* 137268
* 2214
cob=(2)
cfi=(51)
cfn=(2484)
calls=738 0 
* 2952
+1 2214
cob=(2)
cfi=(51)
cfn=(2540)
calls=738 0 
* 3690
* 2952
cob=(2)
cfi=(51)
cfn=(2346)
calls=738 0 
* 3690
* 2952
cob=(2)
cfi=(51)
cfn=(2540)
calls=738 0 
* 3690
* 4428
cob=(2)
cfi=(51)
cfn=(2544)
calls=738 0 
* 336562
* 738
+1 2214
cob=(2)
cfi=(51)
cfn=(1712)
calls=738 0 
* 5904
-1 738
+1 5166

fn=(2954) std::__cxx11::match_results<__gnu_cxx::__normal_iterator<char const*, std::__cxx11::basic_string<char, std::char_traits<char>, std::allocator<char> > >, std::allocator<std::__cxx11::sub_match<__gnu_cxx::__normal_iterator<char const*, std::__cxx11::basic_string<char, std::char_traits<char>, std::allocator<char> > > > > >::match_results(std::allocator<std::__cxx11::sub_match<__gnu_cxx::__normal_iterator<char const*, std::__cxx11::basic_string<char, std::char_traits<char>, std::allocator<char> > > > > const&)
1759 12
+1 10
cfi=(249)
cfn=(2956) std::vector<std::__cxx11::sub_match<__gnu_cxx::__normal_iterator<char const*, std::__cxx11::basic_string<char, std::char_traits<char>, std::allocator<char> > > >, std::allocator<std::__cxx11::sub_match<__gnu_cxx::__normal_iterator<char const*, std::__cxx11::basic_string<char, std::char_traits<char>, std::allocator<char> > > > > >::vector(std::allocator<std::__cxx11::sub_match<__gnu_cxx::__normal_iterator<char const*, std::__cxx11::basic_string<char, std::char_traits<char>, std::allocator<char> > > > > const&)
calls=2 497 
* 160
* 8
cfi=(253)
cfn=(2968)
calls=2 1023 
* 18
+1 6

fn=(3000) std::__cxx11::match_results<__gnu_cxx::__normal_iterator<char const*, std::__cxx11::basic_string<char, std::char_traits<char>, std::allocator<char> > >, std::allocator<std::__cxx11::sub_match<__gnu_cxx::__normal_iterator<char const*, std::__cxx11::basic_string<char, std::char_traits<char>, std::allocator<char> > > > > >::_M_resize(unsigned int)
2069 20
+1 8
cfn=(3002)
calls=2 903 
* 92
* 16
cfi=(249)
cfn=(3006) std::vector<std::__cxx11::sub_match<__gnu_cxx::__normal_iterator<char const*, std::__cxx11::basic_string<char, std::char_traits<char>, std::allocator<char> > > >, std::allocator<std::__cxx11::sub_match<__gnu_cxx::__normal_iterator<char const*, std::__cxx11::basic_string<char, std::char_traits<char>, std::allocator<char> > > > > >::assign(unsigned long, std::__cxx11::sub_match<__gnu_cxx::__normal_iterator<char const*, std::__cxx11::basic_string<char, std::char_traits<char>, std::allocator<char> > > > const&)
calls=2 749 
* 2985
* 14

fn=(2362)
141 27
+1 15
cfn=(2364)
calls=3 -23 
* 138
* 36

fn=(2948)
1752 22
cfi=(241)
cfn=(2950)
calls=2 156 
* 36
* 10
cfn=(2954)
calls=2 +7 
* 214
* 6
cfi=(241)
cfn=(2970)
calls=2 174 
* 36
* 12

fn=(3336) std::__cxx11::match_results<__gnu_cxx::__normal_iterator<char const*, std::__cxx11::basic_string<char, std::char_traits<char>, std::allocator<char> > >, std::allocator<std::__cxx11::sub_match<__gnu_cxx::__normal_iterator<char const*, std::__cxx11::basic_string<char, std::char_traits<char>, std::allocator<char> > > > > >::_M_prefix()
2094 12
+1 8
cfi=(249)
cfn=(3150)
calls=2 918 
* 32
* 8
cfi=(249)
cfn=(3182) std::vector<std::__cxx11::sub_match<__gnu_cxx::__normal_iterator<char const*, std::__cxx11::basic_string<char, std::char_traits<char>, std::allocator<char> > > >, std::allocator<std::__cxx11::sub_match<__gnu_cxx::__normal_iterator<char const*, std::__cxx11::basic_string<char, std::char_traits<char>, std::allocator<char> > > > > >::operator[](unsigned long)
calls=2 1043 
* 30
* 6

fn=(3338) std::__cxx11::match_results<__gnu_cxx::__normal_iterator<char const*, std::__cxx11::basic_string<char, std::char_traits<char>, std::allocator<char> > >, std::allocator<std::__cxx11::sub_match<__gnu_cxx::__normal_iterator<char const*, std::__cxx11::basic_string<char, std::char_traits<char>, std::allocator<char> > > > > >::_M_suffix()
2102 12
+1 8
cfi=(249)
cfn=(3150)
calls=2 918 
* 32
* 8
cfi=(249)
cfn=(3182)
calls=2 1043 
* 30
* 6

fn=(3346)
1890 18
+2 6
+1 9
cfn=(3348)
calls=3 -78 
* 465
+1 21
cfi=(249)
cfn=(3350) std::vector<std::__cxx11::sub_match<__gnu_cxx::__normal_iterator<char const*, std::__cxx11::basic_string<char, std::char_traits<char>, std::allocator<char> > > >, std::allocator<std::__cxx11::sub_match<__gnu_cxx::__normal_iterator<char const*, std::__cxx11::basic_string<char, std::char_traits<char>, std::allocator<char> > > > > >::operator[](unsigned long) const
calls=3 1061 
* 45
+1 3
+1 6

fn=(3404)
1788 16
cfi=(249)
cfn=(3054)
calls=2 678 
* 550
* 6

fl=(242)
fn=(1924)
79 14

fn=(1936)
79 14

fn=(1970)
79 14

fn=(2070)
103 28
+8 12
cfn=(2054) __gnu_cxx::new_allocator<unsigned long>::_M_max_size() const
calls=4 +86 
* 28
* 28
+16 16
cob=(2)
cfi=(51)
cfn=(1874)
calls=4 0 
* 546
* 4
+1 8

fn=(2146)
160 592
+2 222
cfi=(240)
cfn=(2108)
calls=74 -85 
* 518
* 370
cfi=(246)
cfn=(1888)
calls=74 +13 
* 592
* 222
cfi=(248)
cfn=(2100) std::__detail::_State<char>::_State(std::__detail::_State<char>&&)
calls=74 -16 
* 4496
* 296

fn=(2676)
82 24

fn=(2768)
89 42

fn=(2830)
160 136
+2 51
cfi=(240)
cfn=(2828)
calls=17 -85 
* 119
* 85
cfi=(246)
cfn=(1888)
calls=17 +13 
* 136
* 187

fn=(2964)
82 48

fn=(1886)
82 48

fn=(1990)
79 28

fn=(1994)
103 14
+8 6
cfn=(1996) __gnu_cxx::new_allocator<std::__detail::_StateSeq<std::__cxx11::regex_traits<char> >*>::_M_max_size() const
calls=2 +86 
* 14
* 14
+16 8
cob=(2)
cfi=(51)
cfn=(1874)
calls=2 0 
* 278
* 2
+1 4

fn=(2000)
89 28

fn=(2010) __gnu_cxx::new_allocator<std::__detail::_StateSeq<std::__cxx11::regex_traits<char> > >::_M_max_size() const
197 8
+3 2
+4 4

fn=(2704)
82 24

fn=(3082)
79 14

fn=(3328)
132 28
+13 40
cob=(2)
cfi=(51)
cfn=(2212)
calls=4 0 
* 396
+5 8

fn=(1872) __gnu_cxx::new_allocator<std::_Sp_counted_ptr_inplace<std::__detail::_NFA<std::__cxx11::regex_traits<char> >, std::allocator<std::__detail::_NFA<std::__cxx11::regex_traits<char> > >, (__gnu_cxx::_Lock_policy)2> >::_M_max_size() const
197 8
+3 2
+4 4

fn=(2480)
154 3690
+1 2214
cfn=(2482) __gnu_cxx::new_allocator<char>::_M_max_size() const
calls=738 +42 
* 5166
* 1476

fn=(2928)
132 14
+13 20
cob=(2)
cfi=(51)
cfn=(2212)
calls=2 0 
* 198
+5 4

fn=(3420)
166 12
+2 6
cfi=(248)
cfn=(3422) std::__detail::_NFA<std::__cxx11::regex_traits<char> >::~_NFA()
calls=2 +52 
* 5096
* 6

fn=(1900)
89 56

fn=(1996)
197 8
+3 2
+4 4

fn=(2054)
197 48
+3 12
+4 24

fn=(2142)
103 77
+8 33
cfn=(2128) __gnu_cxx::new_allocator<std::__detail::_State<char> >::_M_max_size() const
calls=11 +86 
* 77
* 77
+16 77
cob=(2)
cfi=(51)
cfn=(1874)
calls=11 0 
* 1766
* 11
+1 22

fn=(2788)
89 42

fn=(2972)
89 70

fn=(3034)
103 28
+8 12
cfn=(3024) __gnu_cxx::new_allocator<std::__cxx11::sub_match<__gnu_cxx::__normal_iterator<char const*, std::__cxx11::basic_string<char, std::char_traits<char>, std::allocator<char> > > > >::_M_max_size() const
calls=4 +86 
* 28
* 28
+16 28
cob=(2)
cfi=(51)
cfn=(1874)
calls=4 0 
* 1287
* 4
+1 8

fn=(3488)
132 14
+13 24
cob=(2)
cfi=(51)
cfn=(2212)
calls=2 0 
* 198
+5 4

fn=(1870)
103 14
+8 6
cfn=(1872)
calls=2 +86 
* 14
* 14
+16 18
cob=(2)
cfi=(51)
cfn=(1874)
calls=2 0 
* 278
* 2
+1 4

fn=(1910)
160 24
+2 6
cfi=(240)
cfn=(1848)
calls=2 -85 
* 14
* 8
cfi=(240)
cfn=(1846)
calls=2 -85 
* 14
* 10
cfi=(246)
cfn=(1888)
calls=2 +13 
* 16
* 10
cfi=(248)
cfn=(1912) std::__detail::_NFA<std::__cxx11::regex_traits<char> >::_NFA(std::locale const&, std::regex_constants::syntax_option_type)
calls=2 +65 
* 850
* 16

fn=(2128)
197 132
+3 33
+4 66

fn=(2210)
132 77
+13 110
cob=(2)
cfi=(51)
cfn=(2212)
calls=11 0 
* 1132
+5 22

fn=(2316)
79 21

fn=(3022)
154 10
+1 6
cfn=(3024)
calls=2 +42 
* 14
* 4

fn=(3116)
103 14
+8 6
cfn=(3098) __gnu_cxx::new_allocator<std::pair<__gnu_cxx::__normal_iterator<char const*, std::__cxx11::basic_string<char, std::char_traits<char>, std::allocator<char> > >, int> >::_M_max_size() const
calls=2 +86 
* 14
* 14
+16 8
cob=(2)
cfi=(51)
cfn=(1874)
calls=2 0 
* 430
* 2
+1 4

fn=(2126)
154 110
+1 66
cfn=(2128)
calls=22 +42 
* 154
* 44

fn=(3090)
82 32

fn=(3322)
132 14
+13 14
cob=(2)
cfi=(51)
cfn=(2212)
calls=2 0 
* 198
+5 4

fn=(3456)
89 14

fn=(3474)
89 14

fn=(1852)
79 14

fn=(1864)
79 28

fn=(2206)
166 276
+2 138
cfi=(248)
cfn=(2168)
calls=46 -12 
* 1426
* 138

fn=(2228)
160 104
+2 39
cfi=(240)
cfn=(2224)
calls=13 -85 
* 91
* 65
cfi=(246)
cfn=(1888)
calls=13 +13 
* 104
* 143

fn=(2252)
166 150
+2 90

fn=(2328)
79 21

fn=(2482)
197 5904
+3 1476
+4 2952

fn=(2588)
132 5166
+13 3690
cob=(2)
cfi=(51)
cfn=(2212)
calls=738 0 
* 73062
+5 1476

fn=(2690)
82 24

fn=(2808)
89 42

fn=(2940)
89 14

fn=(2952)
79 28

fn=(3096)
154 10
+1 6
cfn=(3098)
calls=2 +42 
* 14
* 4

fn=(3098)
197 16
+3 4
+4 8

fn=(3102)
89 42

fn=(2278)
132 28
+13 24
cob=(2)
cfi=(51)
cfn=(2212)
calls=4 0 
* 396
+5 8

fn=(2304)
79 21

fn=(2492)
103 5166
+8 2214
cfn=(2482)
calls=738 +86 
* 5166
* 5166
+16 2214
cob=(2)
cfi=(51)
cfn=(1874)
calls=738 0 
* 40590
* 738
+1 1476

fn=(2850)
166 25
+2 15

fn=(1956)
89 28

fn=(2008)
103 14
+8 6
cfn=(2010)
calls=2 +86 
* 14
* 14
+16 14
cob=(2)
cfi=(51)
cfn=(1874)
calls=2 0 
* 274
* 2
+1 4

fn=(2052)
154 40
+1 24
cfn=(2054)
calls=8 +42 
* 56
* 16

fn=(2076)
160 40
+2 15
cfi=(240)
cfn=(2072)
calls=5 -85 
* 35
* 25
cfi=(246)
cfn=(1888)
calls=5 +13 
* 40
* 25

fn=(2934)
132 14
+13 12
cob=(2)
cfi=(51)
cfn=(2212)
calls=2 0 
* 198
+5 4

fn=(3024)
197 24
+3 6
+4 12

fl=(273)
fn=(3574) __gnu_cxx::__stoa<long, int, char, int>(long (*)(char const*, char**, int), char const*, char const*, unsigned long*, int)::_Range_chk::_S_chk(long, std::integral_constant<bool, true>)
73 4
+3 7
+1 2

fn=(3398) __gnu_cxx::__stoa<unsigned long, unsigned long, char, int>(unsigned long (*)(char const*, char**, int), char const*, char const*, unsigned long*, int)::_Save_errno::~_Save_errno()
64 24
cob=(2)
cfi=(51)
cfn=(3388)
calls=4 -64 
* 24
* 16
cob=(2)
cfi=(51)
cfn=(3388)
calls=4 -64 
* 24
* 24

fn=(3384)
54 52
+12 12
cfn=(3386) __gnu_cxx::__stoa<unsigned long, unsigned long, char, int>(unsigned long (*)(char const*, char**, int), char const*, char const*, unsigned long*, int)::_Save_errno::_Save_errno()
calls=4 -3 
* 104
+14 28
cob=(3)
cfi=(275) ./stdlib/../stdlib/strtol.c
cfn=(3392) strtoul
calls=4 +25 
* 569
* 4
+2 12
+2 4
cob=(2)
cfi=(51)
cfn=(3388)
calls=4 -84 
* 24
* 4
+1 20
cfn=(3396) __gnu_cxx::__stoa<unsigned long, unsigned long, char, int>(unsigned long (*)(char const*, char**, int), char const*, char const*, unsigned long*, int)::_Range_chk::_S_chk(unsigned long, std::integral_constant<bool, false>)
calls=4 -15 
* 28
* 12
-1 8
+4 8
+2 8
+3 4
+1 12
cfn=(3398)
calls=4 -30 
* 112
-1 4
+1 24

fn=(3568) __gnu_cxx::__stoa<long, int, char, int>(long (*)(char const*, char**, int), char const*, char const*, unsigned long*, int)::_Save_errno::_Save_errno()
63 6
cob=(2)
cfi=(51)
cfn=(3388)
calls=1 -63 
* 6
* 4
cob=(2)
cfi=(51)
cfn=(3388)
calls=1 -63 
* 6
* 4

fn=(3576) __gnu_cxx::__stoa<long, int, char, int>(long (*)(char const*, char**, int), char const*, char const*, unsigned long*, int)::_Save_errno::~_Save_errno()
64 6
cob=(2)
cfi=(51)
cfn=(3388)
calls=1 -64 
* 6
* 4
cob=(2)
cfi=(51)
cfn=(3388)
calls=1 -64 
* 6
* 6

fn=(3386)
63 24
cob=(2)
cfi=(51)
cfn=(3388)
calls=4 -63 
* 24
* 16
cob=(2)
cfi=(51)
cfn=(3388)
calls=4 -63 
* 24
* 16

fn=(3396)
70 28

fn=(3566)
54 13
+12 3
cfn=(3568)
calls=1 -3 
* 26
+14 7
cob=(3)
cfi=(275)
cfn=(3570) strtol
calls=1 +25 
* 107
* 1
+2 3
+2 1
cob=(2)
cfi=(51)
cfn=(3388)
calls=1 -84 
* 6
* 1
+1 5
cfn=(3574)
calls=1 -12 
* 13
* 3
-1 2
+4 2
+2 2
+3 1
+1 3
cfn=(3576)
calls=1 -30 
* 28
-1 1
+1 6

fl=(266)
fn=(2724) std::function<bool (char)>::function(std::function<bool (char)>&&)
404 120
+1 140
cfn=(2644) std::_Function_base::_Function_base()
calls=20 239 
* 240
* 80
+2 60
cfn=(2726) std::function<bool (char)>::operator bool() const
calls=20 572 
* 420
* 40
+2 120
+1 80
+1 40
+1 40
+2 60

fn=(2856)
435 6
+2 7
cfn=(2644)
calls=1 239 
* 12
* 2
+10 3
cfn=(2858) bool std::_Function_base::_Base_manager<std::__detail::_CharMatcher<std::__cxx11::regex_traits<char>, false, false> >::_M_not_empty_function<std::__detail::_CharMatcher<std::__cxx11::regex_traits<char>, false, false> >(std::__detail::_CharMatcher<std::__cxx11::regex_traits<char>, false, false> const&)
calls=1 235 
* 7
* 2
+2 3
cfi=(240)
cfn=(2860)
calls=1 77 
* 7
* 5
cfn=(2862) void std::_Function_base::_Base_manager<std::__detail::_CharMatcher<std::__cxx11::regex_traits<char>, false, false> >::_M_init_functor<std::__detail::_CharMatcher<std::__cxx11::regex_traits<char>, false, false> >(std::_Any_data&, std::__detail::_CharMatcher<std::__cxx11::regex_traits<char>, false, false>&&)
calls=1 211 
* 69
+2 3
+1 3
+2 3

fn=(2858)
235 4
+1 3

fn=(3208) std::_Function_base::_Base_manager<std::__detail::_BracketMatcher<std::__cxx11::regex_traits<char>, false, false> >::_M_get_pointer(std::_Any_data const&)
134 50
+8 30
cfn=(3210) std::__detail::_BracketMatcher<std::__cxx11::regex_traits<char>, false, false>* const& std::_Any_data::_M_access<std::__detail::_BracketMatcher<std::__cxx11::regex_traits<char>, false, false>*>() const
calls=10 -47 
* 170
* 10
+1 20

fn=(3210)
95 50
+1 30
cfn=(3212) std::_Any_data::_M_access() const
calls=10 -10 
* 70
* 20

fn=(3244) std::_Function_handler<bool (char), std::__detail::_CharMatcher<std::__cxx11::regex_traits<char>, false, false> >::_M_invoke(std::_Any_data const&, char&&)
288 7
+2 3
cfi=(240)
cfn=(3204)
calls=1 77 
* 7
* 4
cfn=(3246) std::_Function_base::_Base_manager<std::__detail::_CharMatcher<std::__cxx11::regex_traits<char>, false, false> >::_M_get_pointer(std::_Any_data const&)
calls=1 134 
* 38
* 3
cfi=(272)
cfn=(3252)
calls=1 104 
* 99
+2 3

fn=(2746) std::_Function_base::~_Function_base()
241 140
+2 112
+1 32
cfn=(3442) std::_Function_handler<bool (char), std::__detail::_CharMatcher<std::__cxx11::regex_traits<char>, false, false> >::_M_manager(std::_Any_data&, std::_Any_data const&, std::_Manager_operation)
calls=1 +23 
* 71
cfn=(3436) std::_Function_handler<bool (char), std::__detail::_BracketMatcher<std::__cxx11::regex_traits<char>, false, false> >::_M_manager(std::_Any_data&, std::_Any_data const&, std::_Manager_operation)
calls=3 +23 
* 2166
+1 84

fn=(2862)
211 6
+4 3
cfi=(240)
cfn=(2860)
calls=1 77 
* 7
* 5
cfn=(2864) void std::_Function_base::_Base_manager<std::__detail::_CharMatcher<std::__cxx11::regex_traits<char>, false, false> >::_M_create<std::__detail::_CharMatcher<std::__cxx11::regex_traits<char>, false, false> >(std::_Any_data&, std::__detail::_CharMatcher<std::__cxx11::regex_traits<char>, false, false>&&, std::integral_constant<bool, true>)
calls=1 -65 
* 45
+1 3

fn=(3246)
134 5
+4 3
cfn=(3248) std::__detail::_CharMatcher<std::__cxx11::regex_traits<char>, false, false> const& std::_Any_data::_M_access<std::__detail::_CharMatcher<std::__cxx11::regex_traits<char>, false, false> >() const
calls=1 -43 
* 17
* 1
+1 3
cfi=(240)
cfn=(3250)
calls=1 -90 
* 7
+4 2

fn=(3248)
95 5
+1 3
cfn=(3212)
calls=1 -10 
* 7
* 2

fn=(3436)
267 24
+3 18
+12 18
cfn=(3438) std::_Function_base::_Base_manager<std::__detail::_BracketMatcher<std::__cxx11::regex_traits<char>, false, false> >::_M_manager(std::_Any_data&, std::_Any_data const&, std::_Manager_operation)
calls=3 180 
* 2094
+2 3
+1 9

fn=(2646) bool std::_Function_base::_Base_manager<std::__detail::_BracketMatcher<std::__cxx11::regex_traits<char>, false, false> >::_M_not_empty_function<std::__detail::_BracketMatcher<std::__cxx11::regex_traits<char>, false, false> >(std::__detail::_BracketMatcher<std::__cxx11::regex_traits<char>, false, false> const&)
235 12
+1 9

fn=(2728) std::_Function_base::_M_empty() const
247 310

fn=(2744)
334 224
cfn=(2746)
calls=28 -93 
* 2605
* 84

fn=(3448) std::__detail::_CharMatcher<std::__cxx11::regex_traits<char>, false, false>& std::_Any_data::_M_access<std::__detail::_CharMatcher<std::__cxx11::regex_traits<char>, false, false> >()
90 5
+1 3
cfn=(2710) std::_Any_data::_M_access()
calls=1 -6 
* 7
* 2

fn=(2642)
435 21
+2 21
cfn=(2644)
calls=3 239 
* 36
* 6
+10 9
cfn=(2646)
calls=3 235 
* 21
* 6
+2 9
cfi=(240)
cfn=(2648)
calls=3 77 
* 21
* 15
cfn=(2650) void std::_Function_base::_Base_manager<std::__detail::_BracketMatcher<std::__cxx11::regex_traits<char>, false, false> >::_M_init_functor<std::__detail::_BracketMatcher<std::__cxx11::regex_traits<char>, false, false> >(std::_Any_data&, std::__detail::_BracketMatcher<std::__cxx11::regex_traits<char>, false, false>&&)
calls=3 211 
* 2274
+2 9
+1 9
+2 15

fn=(2644)
239 336

fn=(2708) std::__detail::_BracketMatcher<std::__cxx11::regex_traits<char>, false, false>*& std::_Any_data::_M_access<std::__detail::_BracketMatcher<std::__cxx11::regex_traits<char>, false, false>*>()
90 30
+1 18
cfn=(2710)
calls=6 -6 
* 42
* 12

fn=(2710)
85 56

fn=(2864)
150 7
+2 3
cfi=(240)
cfn=(2860)
calls=1 -75 
* 7
* 4
cfn=(2710)
calls=1 -67 
* 7
* 3
cfi=(246)
cfn=(1888)
calls=1 +23 
* 8
* 2
+1 4

fn=(3212)
86 77

fn=(3440) std::_Function_base::_Base_manager<std::__detail::_BracketMatcher<std::__cxx11::regex_traits<char>, false, false> >::_M_destroy(std::_Any_data&, std::integral_constant<bool, false>)
173 18
+2 9
cfn=(2708)
calls=3 -85 
* 51
* 15
cfi=(234)
cfn=(2748)
calls=3 423 
* 1626
* 9
cob=(2)
cfi=(51)
cfn=(2212)
calls=3 0 
* 297
+1 12

fn=(3442)
267 8
+3 6
+12 6
cfn=(3444) std::_Function_base::_Base_manager<std::__detail::_CharMatcher<std::__cxx11::regex_traits<char>, false, false> >::_M_manager(std::_Any_data&, std::_Any_data const&, std::_Manager_operation)
calls=1 180 
* 47
+2 1
+1 3

fn=(3446) std::_Function_base::_Base_manager<std::__detail::_CharMatcher<std::__cxx11::regex_traits<char>, false, false> >::_M_destroy(std::_Any_data&, std::integral_constant<bool, true>)
166 5
+2 3
cfn=(3448)
calls=1 -78 
* 17
+1 3

fn=(2716) std::function<bool (char)>::function()
368 20
+1 28
cfn=(2644)
calls=4 239 
* 48
* 20

fn=(2722) std::function<bool (char)>::operator=(std::function<bool (char)>&&)
487 36
+2 12
cfi=(240)
cfn=(2718)
calls=4 104 
* 28
* 20
cfn=(2724)
calls=4 -85 
* 288
* 20
cfn=(2730) std::function<bool (char)>::swap(std::function<bool (char)>&)
calls=4 +66 
* 772
* 12
cfn=(2744)
calls=4 334 
* 92
+1 4
+1 20

fn=(3444)
180 8
+3 3
+20 3
cfn=(3446)
calls=1 -37 
* 28
+1 1
+2 1
+1 3

fn=(2652) void std::_Function_base::_Base_manager<std::__detail::_BracketMatcher<std::__cxx11::regex_traits<char>, false, false> >::_M_create<std::__detail::_BracketMatcher<std::__cxx11::regex_traits<char>, false, false> >(std::_Any_data&, std::__detail::_BracketMatcher<std::__cxx11::regex_traits<char>, false, false>&&, std::integral_constant<bool, false>)
158 24
+3 9
cfi=(240)
cfn=(2648)
calls=3 -84 
* 21
* 9
cob=(2)
cfi=(51)
cfn=(1874)
calls=3 0 
* 489
* 12
cfi=(234)
cfn=(2654)
calls=3 423 
* 1557
-1 9
cfn=(2708)
calls=3 -70 
* 51
+1 3
+1 18

fn=(2726)
572 100
+1 60
cfn=(2728)
calls=20 247 
* 200
* 60

fn=(3438)
180 24
+3 9
+20 9
cfn=(3440)
calls=3 -30 
* 2037
+1 3
+2 3
+1 9

fn=(3202) std::function<bool (char)>::operator()(char) const
586 88
+2 33
cfn=(2728)
calls=11 247 
* 110
* 22
+2 55
cfi=(240)
cfn=(3204)
calls=11 77 
* 77
* 55
cfn=(3244)
calls=1 288 
* 164
cfn=(3206) std::_Function_handler<bool (char), std::__detail::_BracketMatcher<std::__cxx11::regex_traits<char>, false, false> >::_M_invoke(std::_Any_data const&, char&&)
calls=10 288 
* 2330
+1 33

fn=(2650)
211 18
+4 9
cfi=(240)
cfn=(2648)
calls=3 77 
* 21
* 15
cfn=(2652)
calls=3 -57 
* 2202
+1 9

fn=(2730)
555 24
+2 20
cfi=(240)
cfn=(2732)
calls=4 196 
* 236
+1 28
cfi=(240)
cfn=(2736)
calls=4 196 
* 212
+1 28
cfi=(240)
cfn=(2740)
calls=4 196 
* 212
+1 12

fn=(3206)
288 70
+2 30
cfi=(240)
cfn=(3204)
calls=10 77 
* 70
* 40
cfn=(3208)
calls=10 134 
* 280
* 30
cfi=(272)
cfn=(3214)
calls=10 104 
* 1780
+2 30

fl=(207)
fn=(1514)
467 6
+1 6

fn=(1344)
393 42
290 6
396 12
+3 18
cob=(2)
cfi=(51)
cfn=(1346)
calls=6 0 
* 96
* 6
+1 12

fl=(248)
fn=(2096)
165 1240
+1 1240

fn=(2170)
370 84
+2 108
cfi=(249)
cfn=(2172)
calls=12 1043 
* 180
* 12
+1 36
+1 48

fn=(1914) std::__detail::_NFA_base::_NFA_base(std::regex_constants::syntax_option_type)
189 12
+2 6
cfi=(249)
cfn=(1916) std::vector<unsigned long, std::allocator<unsigned long> >::vector()
calls=2 487 
* 134
-1 14
+1 4
+1 6

fn=(2094) std::__detail::_State_base::_State_base(std::__detail::_Opcode)
98 140
+1 140
+1 84

fn=(2168)
156 595
+2 357
cfn=(2096)
calls=119 +7 
* 952
* 476
+1 60
cfn=(2720) std::__detail::_State<char>::_M_get_matcher()
calls=20 +14 
* 360
* 40
cfi=(266)
cfn=(2744)
calls=20 334 
* 2729
+1 357

fn=(2720)
173 200
+1 160
cfi=(247)
cfn=(2714)
calls=40 64 
* 280
* 80

fn=(2836)
378 112
+2 160
cfi=(249)
cfn=(2172)
calls=16 1043 
* 240
* 16
+1 64
+1 64

fn=(2998) std::__detail::_NFA_base::_M_sub_count() const
209 8
+1 8

fn=(3422)
220 18
cfi=(230)
cfn=(3424)
calls=2 90 
* 42
* 8
cfi=(249)
cfn=(3426) std::vector<std::__detail::_State<char>, std::allocator<std::__detail::_State<char> > >::~vector()
calls=2 678 
* 4458
* 6
cfn=(3458) std::__detail::_NFA_base::~_NFA_base()
calls=2 -23 
* 558
* 6

fn=(2032)
275 45
+2 30
+1 25
cfi=(249)
cfn=(2034) std::vector<unsigned long, std::allocator<unsigned long> >::push_back(unsigned long const&)
calls=5 1187 
* 4582
+1 20
cfn=(2092) std::__detail::_State<char>::_State(std::__detail::_Opcode)
calls=5 133 
* 210
+1 10
+1 15
cfi=(240)
cfn=(2098)
calls=5 104 
* 35
* 25
cfn=(2100)
calls=5 146 
* 200
* 25
cfn=(2102) std::__detail::_NFA<std::__cxx11::regex_traits<char> >::_M_insert_state(std::__detail::_State<char>)
calls=5 +45 
* 10214
* 25
cfn=(2168)
calls=5 156 
* 115
+1 15
cfn=(2168)
calls=5 156 
* 115
-1 5
+1 30

fn=(2838)
285 45
+2 20
cfn=(2092)
calls=5 133 
* 210
+1 15
cfi=(249)
cfn=(2840) std::vector<unsigned long, std::allocator<unsigned long> >::back()
calls=5 1143 
* 520
* 10
+1 15
cfi=(249)
cfn=(2846) std::vector<unsigned long, std::allocator<unsigned long> >::pop_back()
calls=5 1225 
* 205
+1 15
cfi=(240)
cfn=(2098)
calls=5 104 
* 35
* 25
cfn=(2100)
calls=5 146 
* 200
* 25
cfn=(2102)
calls=5 +36 
* 1735
* 25
cfn=(2168)
calls=5 156 
* 115
+1 15
cfn=(2168)
calls=5 156 
* 115
-1 5
+1 30

fn=(3198) std::__detail::_State<char>::_M_get_matcher() const
177 55
+3 44
cfi=(247)
cfn=(3200)
calls=11 68 
* 77
+1 22

fn=(2712)
267 40
+2 16
cfn=(2092)
calls=4 133 
* 380
+1 12
cfi=(240)
cfn=(2718)
calls=4 104 
* 28
* 16
cfn=(2720)
calls=4 -97 
* 72
* 12
cfi=(266)
cfn=(2722)
calls=4 487 
* 1304
+1 12
cfi=(240)
cfn=(2098)
calls=4 104 
* 28
* 20
cfn=(2100)
calls=4 146 
* 672
* 20
cfn=(2102)
calls=4 +55 
* 1900
* 20
cfn=(2168)
calls=4 156 
* 276
+1 12
cfn=(2168)
calls=4 156 
* 276
-1 4
+1 24

fn=(2866)
301 18
+1 8
cfn=(2092)
calls=2 133 
* 84
* 10
cfn=(2102)
calls=2 +24 
* 694
* 10
cfn=(2168)
calls=2 156 
* 46
* 14

fn=(2030)
360 108
+1 162
+1 54

fn=(2100)
146 1911
+2 273
cfn=(2096)
calls=91 +17 
* 728
* 364
+2 48
cfn=(2720)
calls=16 +23 
* 288
* 32
cfi=(240)
cfn=(2718)
calls=16 -46 
* 112
* 16
-1 64
cfi=(247)
cfn=(2714)
calls=16 -85 
* 112
* 48
cfi=(246)
cfn=(1888)
calls=16 +26 
* 128
* 48
cfi=(266)
cfn=(2724)
calls=16 404 
* 1152
+2 364

fn=(2834)
322 45
+1 20
cfn=(2092)
calls=5 133 
* 210
* 25
cfn=(2102)
calls=5 +3 
* 4762
* 25
cfn=(2168)
calls=5 156 
* 115
* 35

fn=(3196) std::__detail::_State<char>::_M_matches(char) const
169 77
+1 33
cfn=(3198)
calls=11 +7 
* 198
* 55
cfi=(266)
cfn=(3202)
calls=11 586 
* 2967
* 22

fn=(1912)
227 22
+1 10
cfn=(1914)
calls=2 -39 
* 176
* 8
cfi=(249)
cfn=(1928) std::vector<std::__detail::_State<char>, std::allocator<std::__detail::_State<char> > >::vector()
calls=2 487 
* 134
* 8
cfi=(230)
cfn=(1940)
calls=2 -58 
* 76
+1 14
cob=(2)
cfi=(51)
cfn=(1814)
calls=2 0 
* 18
* 10
cfi=(230)
cfn=(1942)
calls=2 372 
* 308
* 6
cob=(2)
cfi=(51)
cfn=(1842)
calls=2 0 
* 20
* 6
cob=(2)
cfi=(51)
cfn=(1842)
calls=2 0 
* 20
* 14

fn=(2026)
205 16
+1 16

fn=(2820)
255 39
+2 12
cfn=(2092)
calls=3 133 
* 126
+3 6
+1 6
+1 6
+1 9
cfi=(240)
cfn=(2098)
calls=3 104 
* 21
* 15
cfn=(2100)
calls=3 146 
* 120
* 15
cfn=(2102)
calls=3 +63 
* 5443
* 15
cfn=(2168)
calls=3 156 
* 69
+1 9
cfn=(2168)
calls=3 156 
* 69
-1 3
+1 18

fn=(2874)
104 112
+2 56
+2 56
-1 112
+1 131
+1 56

fn=(2092)
133 308
cfn=(2094)
calls=28 -35 
* 364
+2 84
cfn=(2096)
calls=28 +30 
* 224
* 112
+1 16
cfi=(247)
cfn=(2714)
calls=4 -72 
* 28
* 12
cfi=(246)
cfn=(1888)
calls=4 +39 
* 32
* 8
cfi=(266)
cfn=(2716)
calls=4 368 
* 116
+1 84

fn=(2102)
326 196
+2 140
cfi=(240)
cfn=(2098)
calls=28 104 
* 196
* 84
cfi=(249)
cfn=(2104) std::vector<std::__detail::_State<char>, std::allocator<std::__detail::_State<char> > >::push_back(std::__detail::_State<char>&&)
calls=28 1203 
* 32390
+1 112
cfi=(249)
cfn=(2130)
calls=28 918 
* 448
* 112
+6 112
cfi=(249)
cfn=(2130)
calls=28 918 
* 448
* 28
+1 84

fn=(2198)
297 18
+1 8
cfn=(2092)
calls=2 133 
* 84
* 10
cfn=(2102)
calls=2 +28 
* 3396
* 10
cfn=(2168)
calls=2 156 
* 46
* 14

fn=(2868)
236 18
+2 8
cfn=(2092)
calls=2 133 
* 84
* 10
cfn=(2102)
calls=2 +88 
* 6206
* 8
cfn=(2168)
calls=2 -82 
* 46
+1 2
+1 12

fn=(3458)
197 16
cfi=(249)
cfn=(3460) std::vector<unsigned long, std::allocator<unsigned long> >::~vector()
calls=2 678 
* 536
* 6

fl=(257)
fn=(2282)
44 15420

fl=(209)
fn=(1390)
152 2956
+1 2956

fn=(1350)
152 16
+1 16

fn=(3364)
157 12
+1 9

fl=(258)
fn=(2336)
869 15
+1 9
cfn=(2338) std::_Base_bitset<4ul>::_Base_bitset()
calls=3 82 
* 99
* 9

fn=(2626) std::bitset<256ul>::reference::reference(std::bitset<256ul>&, unsigned long)
813 5376
+2 3840
cfn=(2628) std::_Base_bitset<4ul>::_M_getword(unsigned long)
calls=768 115 
* 16896
* 1536
+1 2304
cfn=(2632) std::_Base_bitset<4ul>::_S_whichbit(unsigned long)
calls=768 107 
* 6144
* 1536
+1 2304

fn=(3228) std::_Base_bitset<4ul>::_M_getword(unsigned long) const
119 60
+1 30
cfn=(2630) std::_Base_bitset<4ul>::_S_whichword(unsigned long)
calls=10 -21 
* 80
* 40

fn=(2628)
115 4608
+1 2304
cfn=(2630)
calls=768 -17 
* 6144
* 3840

fn=(2638)
823 3072
+1 2304

fn=(3224)
1167 60
+1 50
cfn=(3226) std::bitset<256ul>::_Unchecked_test(unsigned long) const
calls=10 1065 
* 650
* 20

fn=(3226)
1065 70
+1 50
cfn=(3228)
calls=10 119 
* 210
* 40
cfn=(2636) std::_Base_bitset<4ul>::_S_maskbit(unsigned long)
calls=10 111 
* 220
* 10
+1 50

fn=(2338)
82 12
+1 87

fn=(2412)
1300 3084
+1 2313

fn=(2624)
1163 5376
+1 4608
cfn=(2626)
calls=768 813 
* 39936
* 2304

fn=(2630)
99 3112
+1 3112

fn=(2636)
111 3890
+1 2334
cfn=(2632)
calls=778 -5 
* 6224
* 4668

fn=(2632)
107 6184
+1 6184

fn=(2634)
828 5376
+2 1536
+1 120
cfn=(2636)
calls=30 111 
* 660
* 270
+2 2952
cfn=(2636)
calls=738 111 
* 16236
* 6642
+1 738
+1 1476
-1 30
+1 60

fl=(259)
fn=(2350)
280 39
+4 9
cob=(2)
cfi=(51)
cfn=(2022)
calls=3 0 
* 69
* 3
+22 9
cob=(2)
cfi=(51)
cfn=(1722)
calls=3 0 
* 24
+1 3
+1 21
cfi=(239)
cfn=(2352)
calls=3 838 
* 69
* 18
cfi=(239)
cfn=(1836)
calls=3 934 
* 75
* 15
cob=(2)
cfi=(51)
cfn=(2356)
calls=3 0 
* 93
-1 21
+3 27
+1 18
cfi=(206)
cfn=(1766)
calls=3 6248 
* 240
* 6
+3 9
-1 6
+4 9
-7 9
+10 9
cob=(2)
cfi=(51)
cfn=(1712)
calls=3 0 
* 24
* 21

fn=(2986)
50 26
+6 10
cfi=(231)
cfn=(2988)
calls=2 443 
* 44
* 4
+3 4
+1 6
+1 8
cfi=(232)
cfn=(2992)
calls=2 984 
* 56
* 4
cfi=(248)
cfn=(2998)
calls=2 209 
* 16
* 10
cfi=(230)
cfn=(3000)
calls=2 2069 
* 3135
+3 6
cfi=(230)
cfn=(3068)
calls=2 733 
* 16
* 6
cfi=(235)
cfn=(1812)
calls=2 202 
* 18
+1 6
-1 4
+14 20
cfi=(269)
cfn=(3070)
calls=2 -9 
* 3540
+2 6
cfi=(269)
cfn=(3138)
calls=2 +10 
* 15750
* 2
+3 6
cfi=(269)
cfn=(3306)
calls=2 -31 
* 1118
+1 4
+2 10
cfi=(249)
cfn=(3270)
calls=2 811 
* 62
* 8
cfi=(249)
cfn=(3266)
calls=2 829 
* 64
* 37
cfi=(253)
cfn=(3332) __gnu_cxx::__normal_iterator<std::__cxx11::sub_match<__gnu_cxx::__normal_iterator<char const*, std::__cxx11::basic_string<char, std::char_traits<char>, std::allocator<char> > > >*, std::vector<std::__cxx11::sub_match<__gnu_cxx::__normal_iterator<char const*, std::__cxx11::basic_string<char, std::char_traits<char>, std::allocator<char> > > >, std::allocator<std::__cxx11::sub_match<__gnu_cxx::__normal_iterator<char const*, std::__cxx11::basic_string<char, std::char_traits<char>, std::allocator<char> > > > > > >::operator*() const
calls=11 1042 
* 88
* 11
+1 55
+1 48
-2 18
cfi=(253)
cfn=(3334) __gnu_cxx::__normal_iterator<std::__cxx11::sub_match<__gnu_cxx::__normal_iterator<char const*, std::__cxx11::basic_string<char, std::char_traits<char>, std::allocator<char> > > >*, std::vector<std::__cxx11::sub_match<__gnu_cxx::__normal_iterator<char const*, std::__cxx11::basic_string<char, std::char_traits<char>, std::allocator<char> > > >, std::allocator<std::__cxx11::sub_match<__gnu_cxx::__normal_iterator<char const*, std::__cxx11::basic_string<char, std::char_traits<char>, std::allocator<char> > > > > > >::operator++()
calls=6 1052 
* 72
* 15
cfi=(253)
cfn=(3334)
calls=5 1052 
* 60
* 65
cfi=(253)
cfn=(3330) bool __gnu_cxx::operator!=<std::__cxx11::sub_match<__gnu_cxx::__normal_iterator<char const*, std::__cxx11::basic_string<char, std::char_traits<char>, std::allocator<char> > > >*, std::vector<std::__cxx11::sub_match<__gnu_cxx::__normal_iterator<char const*, std::__cxx11::basic_string<char, std::char_traits<char>, std::allocator<char> > > >, std::allocator<std::__cxx11::sub_match<__gnu_cxx::__normal_iterator<char const*, std::__cxx11::basic_string<char, std::char_traits<char>, std::allocator<char> > > > > > >(__gnu_cxx::__normal_iterator<std::__cxx11::sub_match<__gnu_cxx::__normal_iterator<char const*, std::__cxx11::basic_string<char, std::char_traits<char>, std::allocator<char> > > >*, std::vector<std::__cxx11::sub_match<__gnu_cxx::__normal_iterator<char const*, std::__cxx11::basic_string<char, std::char_traits<char>, std::allocator<char> > > >, std::allocator<std::__cxx11::sub_match<__gnu_cxx::__normal_iterator<char const*, std::__cxx11::basic_string<char, std::char_traits<char>, std::allocator<char> > > > > > > const&, __gnu_cxx::__normal_iterator<std::__cxx11::sub_match<__gnu_cxx::__normal_iterator<char const*, std::__cxx11::basic_string<char, std::char_traits<char>, std::allocator<char> > > >*, std::vector<std::__cxx11::sub_match<__gnu_cxx::__normal_iterator<char const*, std::__cxx11::basic_string<char, std::char_traits<char>, std::allocator<char> > > >, std::allocator<std::__cxx11::sub_match<__gnu_cxx::__normal_iterator<char const*, std::__cxx11::basic_string<char, std::char_traits<char>, std::allocator<char> > > > > > > const&)
calls=13 1179 
* 442
* 26
+3 6
cfi=(230)
cfn=(3336)
calls=2 2094 
* 96
* 2
+1 6
cfi=(230)
cfn=(3338)
calls=2 2102 
* 96
* 2
+3 4
+1 6
+1 6
+1 4
+1 6
+1 8
+16 2
+1 12

fn=(2450)
324 6144
+4 2304
cob=(2)
cfi=(51)
cfn=(2022)
calls=768 0 
* 17664
* 768
+2 5376
cfi=(257)
cfn=(2282)
calls=768 44 
* 15360
+2 6024
+2 1536

fl=(194)
fn=(3816)
0 9
cob=(2)
cfi=(51)
cfn=(3822)
calls=1 0 
0 141
0 1
cfn=(3832) 0x0000000000007100
calls=1 0 
0 5
0 3

fn=(3832)
0 5

fn=(1272)
0 12
cob=(3)
cfi=(195) ./csu/../csu/libc-start.c
cfn=(1274) __libc_start_main@@GLIBC_2.34
calls=1 242 
0 499558025

fn=(1280) 0x00000000000071b0
0 12

fl=(235)
fn=(1810)
209 65
+2 26
+1 26

fn=(3136)
394 40
+2 16
+1 16

fn=(1812)
202 195
+2 78
+1 78

fl=(268)
fn=(3292)
390 80
+5 64
+1 64
+1 16
+1 32

fn=(3004)
232 10
+1 6
cfi=(253)
cfn=(2968)
calls=2 1023 
* 18
* 8
cfi=(253)
cfn=(2968)
calls=2 1023 
* 18
* 6

fn=(3400)
352 7
+1 3
cfi=(240)
cfn=(3402)
calls=1 77 
* 7
* 7
cfi=(240)
cfn=(3402)
calls=1 77 
* 7
* 7

fn=(3132)
232 140
+1 84
cfi=(253)
cfn=(2968)
calls=28 1023 
* 252
* 140

fn=(3240) std::pair<__gnu_cxx::__normal_iterator<char const*, std::__cxx11::basic_string<char, std::char_traits<char>, std::allocator<char> > >, int>::operator=(std::pair<__gnu_cxx::__normal_iterator<char const*, std::__cxx11::basic_string<char, std::char_traits<char>, std::allocator<char> > >, int> const&)
390 45
+5 36
+1 36
+1 9
+1 18

fl=(270)
fn=(3180) std::__detail::_Executor<__gnu_cxx::__normal_iterator<char const*, std::__cxx11::basic_string<char, std::char_traits<char>, std::allocator<char> > >, std::allocator<std::__cxx11::sub_match<__gnu_cxx::__normal_iterator<char const*, std::__cxx11::basic_string<char, std::char_traits<char>, std::allocator<char> > > > >, std::__cxx11::regex_traits<char>, true>::_M_handle_subexpr_begin(std::__detail::_Executor<__gnu_cxx::__normal_iterator<char const*, std::__cxx11::basic_string<char, std::char_traits<char>, std::allocator<char> > >, std::allocator<std::__cxx11::sub_match<__gnu_cxx::__normal_iterator<char const*, std::__cxx11::basic_string<char, std::char_traits<char>, std::allocator<char> > > > >, std::__cxx11::regex_traits<char>, true>::_Match_mode, long)
246 22
+3 14
cfi=(249)
cfn=(3178) std::vector<std::__detail::_State<char>, std::allocator<std::__detail::_State<char> > >::operator[](unsigned long) const
calls=2 1061 
* 30
* 2
+2 12
cfi=(249)
cfn=(3182)
calls=2 1043 
* 30
* 2
+1 6
+1 8
+1 14
cfn=(3175) std::__detail::_Executor<__gnu_cxx::__normal_iterator<char const*, std::__cxx11::basic_string<char, std::char_traits<char>, std::allocator<char> > >, std::allocator<std::__cxx11::sub_match<__gnu_cxx::__normal_iterator<char const*, std::__cxx11::basic_string<char, std::char_traits<char>, std::allocator<char> > > > >, std::__cxx11::regex_traits<char>, true>::_M_dfs(std::__detail::_Executor<__gnu_cxx::__normal_iterator<char const*, std::__cxx11::basic_string<char, std::char_traits<char>, std::allocator<char> > >, std::allocator<std::__cxx11::sub_match<__gnu_cxx::__normal_iterator<char const*, std::__cxx11::basic_string<char, std::char_traits<char>, std::allocator<char> > > > >, std::__cxx11::regex_traits<char>, true>::_Match_mode, long)'2
calls=2 506 
* 12587
+1 6
+1 12

fn=(3181) std::__detail::_Executor<__gnu_cxx::__normal_iterator<char const*, std::__cxx11::basic_string<char, std::char_traits<char>, std::allocator<char> > >, std::allocator<std::__cxx11::sub_match<__gnu_cxx::__normal_iterator<char const*, std::__cxx11::basic_string<char, std::char_traits<char>, std::allocator<char> > > > >, std::__cxx11::regex_traits<char>, true>::_M_handle_subexpr_begin(std::__detail::_Executor<__gnu_cxx::__normal_iterator<char const*, std::__cxx11::basic_string<char, std::char_traits<char>, std::allocator<char> > >, std::allocator<std::__cxx11::sub_match<__gnu_cxx::__normal_iterator<char const*, std::__cxx11::basic_string<char, std::char_traits<char>, std::allocator<char> > > > >, std::__cxx11::regex_traits<char>, true>::_Match_mode, long)'2
246 33
+3 21
cfi=(249)
cfn=(3178)
calls=3 1061 
* 45
* 3
+2 18
cfi=(249)
cfn=(3182)
calls=3 1043 
* 45
* 3
+1 9
+1 12
+1 21
cfn=(3175)
calls=3 506 
* 15976
+1 9
+1 18

fn=(3142)
81 20
+3 4
+1 6
cfi=(253)
cfn=(2968)
calls=2 1023 
* 18
* 8
cfi=(269)
cfn=(3144)
calls=2 279 
* 16
* 4
+1 12
cfi=(254)
cfn=(3146)
calls=2 198 
* 2681
+1 14
cfn=(3174) std::__detail::_Executor<__gnu_cxx::__normal_iterator<char const*, std::__cxx11::basic_string<char, std::char_traits<char>, std::allocator<char> > >, std::allocator<std::__cxx11::sub_match<__gnu_cxx::__normal_iterator<char const*, std::__cxx11::basic_string<char, std::char_traits<char>, std::allocator<char> > > > >, std::__cxx11::regex_traits<char>, true>::_M_dfs(std::__detail::_Executor<__gnu_cxx::__normal_iterator<char const*, std::__cxx11::basic_string<char, std::char_traits<char>, std::allocator<char> > >, std::allocator<std::__cxx11::sub_match<__gnu_cxx::__normal_iterator<char const*, std::__cxx11::basic_string<char, std::char_traits<char>, std::allocator<char> > > > >, std::__cxx11::regex_traits<char>, true>::_Match_mode, long)
calls=2 506 
* 12895
+1 4
+1 10

fn=(3260) std::__detail::_Executor<__gnu_cxx::__normal_iterator<char const*, std::__cxx11::basic_string<char, std::char_traits<char>, std::allocator<char> > >, std::allocator<std::__cxx11::sub_match<__gnu_cxx::__normal_iterator<char const*, std::__cxx11::basic_string<char, std::char_traits<char>, std::allocator<char> > > > >, std::__cxx11::regex_traits<char>, true>::_M_handle_line_end_assertion(std::__detail::_Executor<__gnu_cxx::__normal_iterator<char const*, std::__cxx11::basic_string<char, std::char_traits<char>, std::allocator<char> > >, std::allocator<std::__cxx11::sub_match<__gnu_cxx::__normal_iterator<char const*, std::__cxx11::basic_string<char, std::char_traits<char>, std::allocator<char> > > > >, std::__cxx11::regex_traits<char>, true>::_Match_mode, long)
285 16
+3 14
cfi=(249)
cfn=(3178)
calls=2 1061 
* 30
* 2
+1 6
cfi=(269)
cfn=(3262)
calls=2 -96 
* 134
* 4
+1 14
cfn=(3175)
calls=2 506 
* 2430
+1 6

fn=(3264) std::__detail::_Executor<__gnu_cxx::__normal_iterator<char const*, std::__cxx11::basic_string<char, std::char_traits<char>, std::allocator<char> > >, std::allocator<std::__cxx11::sub_match<__gnu_cxx::__normal_iterator<char const*, std::__cxx11::basic_string<char, std::char_traits<char>, std::allocator<char> > > > >, std::__cxx11::regex_traits<char>, true>::_M_handle_accept(std::__detail::_Executor<__gnu_cxx::__normal_iterator<char const*, std::__cxx11::basic_string<char, std::char_traits<char>, std::allocator<char> > >, std::allocator<std::__cxx11::sub_match<__gnu_cxx::__normal_iterator<char const*, std::__cxx11::basic_string<char, std::char_traits<char>, std::allocator<char> > > > >, std::__cxx11::regex_traits<char>, true>::_Match_mode, long)
425 24
+6 4
+1 14
cfi=(253)
cfn=(3188)
calls=2 1163 
* 68
* 6
+3 14
cfi=(253)
cfn=(3188)
calls=2 1163 
* 68
+1 6
-1 4
+3 8
+2 12
cfi=(235)
cfn=(1812)
calls=2 202 
* 18
* 8
+1 12
cfi=(254)
cfn=(3146)
calls=2 198 
* 1608
* 2
+34 12

fn=(3192) std::__detail::_Executor<__gnu_cxx::__normal_iterator<char const*, std::__cxx11::basic_string<char, std::char_traits<char>, std::allocator<char> > >, std::allocator<std::__cxx11::sub_match<__gnu_cxx::__normal_iterator<char const*, std::__cxx11::basic_string<char, std::char_traits<char>, std::allocator<char> > > > >, std::__cxx11::regex_traits<char>, true>::_M_handle_match(std::__detail::_Executor<__gnu_cxx::__normal_iterator<char const*, std::__cxx11::basic_string<char, std::char_traits<char>, std::allocator<char> > >, std::allocator<std::__cxx11::sub_match<__gnu_cxx::__normal_iterator<char const*, std::__cxx11::basic_string<char, std::char_traits<char>, std::allocator<char> > > > >, std::__cxx11::regex_traits<char>, true>::_Match_mode, long)
317 16
+3 14
cfi=(249)
cfn=(3178)
calls=2 1061 
* 30
* 2
+2 14
cfi=(253)
cfn=(3188)
calls=2 1163 
* 68
* 4
+4 8
cfi=(253)
cfn=(3194) __gnu_cxx::__normal_iterator<char const*, std::__cxx11::basic_string<char, std::char_traits<char>, std::allocator<char> > >::operator*() const
calls=2 1042 
* 16
* 12
cfi=(248)
cfn=(3196)
calls=2 169 
* 622
* 4
+2 8
cfi=(253)
cfn=(3230) __gnu_cxx::__normal_iterator<char const*, std::__cxx11::basic_string<char, std::char_traits<char>, std::allocator<char> > >::operator++()
calls=2 1052 
* 24
+1 14
cfn=(3175)
calls=2 506 
* 10805
+1 8
cfi=(253)
cfn=(3304) __gnu_cxx::__normal_iterator<char const*, std::__cxx11::basic_string<char, std::char_traits<char>, std::allocator<char> > >::operator--()
calls=2 1066 
* 24
* 2
+6 4

fn=(3193) std::__detail::_Executor<__gnu_cxx::__normal_iterator<char const*, std::__cxx11::basic_string<char, std::char_traits<char>, std::allocator<char> > >, std::allocator<std::__cxx11::sub_match<__gnu_cxx::__normal_iterator<char const*, std::__cxx11::basic_string<char, std::char_traits<char>, std::allocator<char> > > > >, std::__cxx11::regex_traits<char>, true>::_M_handle_match(std::__detail::_Executor<__gnu_cxx::__normal_iterator<char const*, std::__cxx11::basic_string<char, std::char_traits<char>, std::allocator<char> > >, std::allocator<std::__cxx11::sub_match<__gnu_cxx::__normal_iterator<char const*, std::__cxx11::basic_string<char, std::char_traits<char>, std::allocator<char> > > > >, std::__cxx11::regex_traits<char>, true>::_Match_mode, long)'2
317 88
+3 77
cfi=(249)
cfn=(3178)
calls=11 1061 
* 165
* 11
+2 77
cfi=(253)
cfn=(3188)
calls=11 1163 
* 374
* 22
+4 36
cfi=(253)
cfn=(3194)
calls=9 1042 
* 72
* 54
cfi=(248)
cfn=(3196)
calls=9 169 
* 2730
* 18
+2 32
cfi=(253)
cfn=(3230)
calls=8 1052 
* 96
+1 56
cfn=(3175)
calls=8 506 
* 29794
+1 32
cfi=(253)
cfn=(3304)
calls=8 1066 
* 96
* 8
-7 2
+13 22

fn=(3242) std::__detail::_Executor<__gnu_cxx::__normal_iterator<char const*, std::__cxx11::basic_string<char, std::char_traits<char>, std::allocator<char> > >, std::allocator<std::__cxx11::sub_match<__gnu_cxx::__normal_iterator<char const*, std::__cxx11::basic_string<char, std::char_traits<char>, std::allocator<char> > > > >, std::__cxx11::regex_traits<char>, true>::_M_handle_subexpr_end(std::__detail::_Executor<__gnu_cxx::__normal_iterator<char const*, std::__cxx11::basic_string<char, std::char_traits<char>, std::allocator<char> > >, std::allocator<std::__cxx11::sub_match<__gnu_cxx::__normal_iterator<char const*, std::__cxx11::basic_string<char, std::char_traits<char>, std::allocator<char> > > > >, std::__cxx11::regex_traits<char>, true>::_Match_mode, long)
260 22
+3 14
cfi=(249)
cfn=(3178)
calls=2 1061 
* 30
* 2
+2 12
cfi=(249)
cfn=(3182)
calls=2 1043 
* 30
* 2
+1 14
+1 8
+1 4
+1 14
cfn=(3175)
calls=2 506 
* 6115
+1 10
cfi=(230)
cfn=(3290)
calls=2 891 
* 68
+1 12

fn=(3243) std::__detail::_Executor<__gnu_cxx::__normal_iterator<char const*, std::__cxx11::basic_string<char, std::char_traits<char>, std::allocator<char> > >, std::allocator<std::__cxx11::sub_match<__gnu_cxx::__normal_iterator<char const*, std::__cxx11::basic_string<char, std::char_traits<char>, std::allocator<char> > > > >, std::__cxx11::regex_traits<char>, true>::_M_handle_subexpr_end(std::__detail::_Executor<__gnu_cxx::__normal_iterator<char const*, std::__cxx11::basic_string<char, std::char_traits<char>, std::allocator<char> > >, std::allocator<std::__cxx11::sub_match<__gnu_cxx::__normal_iterator<char const*, std::__cxx11::basic_string<char, std::char_traits<char>, std::allocator<char> > > > >, std::__cxx11::regex_traits<char>, true>::_Match_mode, long)'2
260 33
+3 21
cfi=(249)
cfn=(3178)
calls=3 1061 
* 45
* 3
+2 18
cfi=(249)
cfn=(3182)
calls=3 1043 
* 45
* 3
+1 21
+1 12
+1 6
+1 21
cfn=(3175)
calls=3 506 
* 3463
+1 15
cfi=(230)
cfn=(3290)
calls=3 891 
* 102
+1 18

fn=(3174)
506 16
+3 12
cfi=(269)
cfn=(3176)
calls=2 276 
* 16
* 4
+3 14
cfi=(249)
cfn=(3178)
calls=2 1061 
* 30
* 4
cfi=(248)
cfn=(2096)
calls=2 165 
* 16
* 20
+5 12
cfn=(3180)
calls=2 246 
* 12745
* 2
+22 4

fn=(3175)
506 288
+3 216
cfi=(269)
cfn=(3176)
calls=36 276 
* 288
* 72
+3 252
cfi=(249)
cfn=(3178)
calls=36 1061 
* 540
* 72
cfi=(248)
cfn=(2096)
calls=36 165 
* 288
* 360
+3 54
cfn=(3233) std::__detail::_Executor<__gnu_cxx::__normal_iterator<char const*, std::__cxx11::basic_string<char, std::char_traits<char>, std::allocator<char> > >, std::allocator<std::__cxx11::sub_match<__gnu_cxx::__normal_iterator<char const*, std::__cxx11::basic_string<char, std::char_traits<char>, std::allocator<char> > > > >, std::__cxx11::regex_traits<char>, true>::_M_handle_repeat(std::__detail::_Executor<__gnu_cxx::__normal_iterator<char const*, std::__cxx11::basic_string<char, std::char_traits<char>, std::allocator<char> > >, std::allocator<std::__cxx11::sub_match<__gnu_cxx::__normal_iterator<char const*, std::__cxx11::basic_string<char, std::char_traits<char>, std::allocator<char> > > > >, std::__cxx11::regex_traits<char>, true>::_Match_mode, long)'2
calls=7 204 
* 24988
cfn=(3232) std::__detail::_Executor<__gnu_cxx::__normal_iterator<char const*, std::__cxx11::basic_string<char, std::char_traits<char>, std::allocator<char> > >, std::allocator<std::__cxx11::sub_match<__gnu_cxx::__normal_iterator<char const*, std::__cxx11::basic_string<char, std::char_traits<char>, std::allocator<char> > > > >, std::__cxx11::regex_traits<char>, true>::_M_handle_repeat(std::__detail::_Executor<__gnu_cxx::__normal_iterator<char const*, std::__cxx11::basic_string<char, std::char_traits<char>, std::allocator<char> > >, std::allocator<std::__cxx11::sub_match<__gnu_cxx::__normal_iterator<char const*, std::__cxx11::basic_string<char, std::char_traits<char>, std::allocator<char> > > > >, std::__cxx11::regex_traits<char>, true>::_Match_mode, long)
calls=2 204 
* 10655
* 9
+2 18
cfn=(3181)
calls=3 246 
* 16213
* 3
+2 30
cfn=(3243)
calls=3 260 
* 3826
cfn=(3242)
calls=2 260 
* 6357
* 5
+2 12
cfn=(3184) std::__detail::_Executor<__gnu_cxx::__normal_iterator<char const*, std::__cxx11::basic_string<char, std::char_traits<char>, std::allocator<char> > >, std::allocator<std::__cxx11::sub_match<__gnu_cxx::__normal_iterator<char const*, std::__cxx11::basic_string<char, std::char_traits<char>, std::allocator<char> > > > >, std::__cxx11::regex_traits<char>, true>::_M_handle_line_begin_assertion(std::__detail::_Executor<__gnu_cxx::__normal_iterator<char const*, std::__cxx11::basic_string<char, std::char_traits<char>, std::allocator<char> > >, std::allocator<std::__cxx11::sub_match<__gnu_cxx::__normal_iterator<char const*, std::__cxx11::basic_string<char, std::char_traits<char>, std::allocator<char> > > > >, std::__cxx11::regex_traits<char>, true>::_Match_mode, long)
calls=2 275 
* 12437
* 2
+2 12
cfn=(3260)
calls=2 285 
* 2656
* 2
+6 78
cfn=(3193)
calls=11 317 
* 33862
cfn=(3192)
calls=2 317 
* 11699
* 13
+4 12
cfn=(3264)
calls=2 425 
* 1888
* 2
+6 72

fn=(3184)
275 16
+3 14
cfi=(249)
cfn=(3178)
calls=2 1061 
* 30
* 2
+1 6
cfi=(269)
cfn=(3186)
calls=2 166 
* 188
* 4
+1 14
cfn=(3175)
calls=2 506 
* 12157
+1 6

fn=(3232)
204 16
+3 14
cfi=(249)
cfn=(3178)
calls=2 1061 
* 30
* 2
+3 10
+2 12
cfn=(3234) std::__detail::_Executor<__gnu_cxx::__normal_iterator<char const*, std::__cxx11::basic_string<char, std::char_traits<char>, std::allocator<char> > >, std::allocator<std::__cxx11::sub_match<__gnu_cxx::__normal_iterator<char const*, std::__cxx11::basic_string<char, std::char_traits<char>, std::allocator<char> > > > >, std::__cxx11::regex_traits<char>, true>::_M_rep_once_more(std::__detail::_Executor<__gnu_cxx::__normal_iterator<char const*, std::__cxx11::basic_string<char, std::char_traits<char>, std::allocator<char> > >, std::allocator<std::__cxx11::sub_match<__gnu_cxx::__normal_iterator<char const*, std::__cxx11::basic_string<char, std::char_traits<char>, std::allocator<char> > > > >, std::__cxx11::regex_traits<char>, true>::_Match_mode, long)
calls=2 -38 
* 10555
+2 10
+28 6

fn=(3233)
204 56
+3 49
cfi=(249)
cfn=(3178)
calls=7 1061 
* 105
* 7
+3 35
+2 42
cfn=(3235) std::__detail::_Executor<__gnu_cxx::__normal_iterator<char const*, std::__cxx11::basic_string<char, std::char_traits<char>, std::allocator<char> > >, std::allocator<std::__cxx11::sub_match<__gnu_cxx::__normal_iterator<char const*, std::__cxx11::basic_string<char, std::char_traits<char>, std::allocator<char> > > > >, std::__cxx11::regex_traits<char>, true>::_M_rep_once_more(std::__detail::_Executor<__gnu_cxx::__normal_iterator<char const*, std::__cxx11::basic_string<char, std::char_traits<char>, std::allocator<char> > >, std::allocator<std::__cxx11::sub_match<__gnu_cxx::__normal_iterator<char const*, std::__cxx11::basic_string<char, std::char_traits<char>, std::allocator<char> > > > >, std::__cxx11::regex_traits<char>, true>::_Match_mode, long)'2
calls=7 -38 
* 16486
+2 35
+1 21
cfn=(3175)
calls=3 506 
* 8128
+27 24

fn=(3234)
174 22
+3 14
cfi=(249)
cfn=(3178)
calls=2 1061 
* 30
* 2
+1 12
cfi=(249)
cfn=(3236) std::vector<std::pair<__gnu_cxx::__normal_iterator<char const*, std::__cxx11::basic_string<char, std::char_traits<char>, std::allocator<char> > >, int>, std::allocator<std::pair<__gnu_cxx::__normal_iterator<char const*, std::__cxx11::basic_string<char, std::char_traits<char>, std::allocator<char> > >, int> > >::operator[](unsigned long)
calls=2 1043 
* 24
* 2
+1 16
+2 10
+1 8
+1 4
+1 14
cfn=(3175)
calls=2 506 
* 10341
+1 10
cfi=(268)
cfn=(3240)
calls=2 390 
* 32
+11 14

fn=(3235)
174 77
+3 49
cfi=(249)
cfn=(3178)
calls=7 1061 
* 105
* 7
+1 42
cfi=(249)
cfn=(3236)
calls=7 1043 
* 84
* 7
+1 64
cfi=(253)
cfn=(3238) bool __gnu_cxx::operator!=<char const*, std::__cxx11::basic_string<char, std::char_traits<char>, std::allocator<char> > >(__gnu_cxx::__normal_iterator<char const*, std::__cxx11::basic_string<char, std::char_traits<char>, std::allocator<char> > > const&, __gnu_cxx::__normal_iterator<char const*, std::__cxx11::basic_string<char, std::char_traits<char>, std::allocator<char> > > const&)
calls=6 1179 
* 204
* 40
+2 35
+1 28
+1 14
+1 49
cfn=(3175)
calls=7 506 
* 15485
+1 35
cfi=(268)
cfn=(3240)
calls=7 390 
* 112
+11 49

fl=(249)
fn=(1932) std::_Vector_base<std::__detail::_State<char>, std::allocator<std::__detail::_State<char> > >::_Vector_impl::_Vector_impl()
131 10
+2 6
cfi=(241)
cfn=(1934)
calls=2 +23 
* 36
* 6
cfn=(1938) std::_Vector_base<std::__detail::_State<char>, std::allocator<std::__detail::_State<char> > >::_Vector_impl_data::_Vector_impl_data()
calls=2 -36 
* 26
+1 6

fn=(2034)
1187 30
+2 30
+3 7
cfi=(244)
cfn=(2074)
calls=1 511 
* 62
+2 5
+5 1
-1 12
cfn=(2036) std::vector<unsigned long, std::allocator<unsigned long> >::end()
calls=4 829 
* 128
* 24
cfi=(254)
cfn=(2040)
calls=4 426 
* 4268
+1 15

fn=(2060)
811 32
+1 20
cfi=(253)
cfn=(2038) __gnu_cxx::__normal_iterator<unsigned long*, std::vector<unsigned long, std::allocator<unsigned long> > >::__normal_iterator(unsigned long* const&)
calls=4 1027 
* 48
* 24

fn=(2104)
1203 168
+1 84
cfi=(240)
cfn=(2098)
calls=28 104 
* 196
* 140
cfi=(254)
cfn=(2106)
calls=28 109 
* 31718
* 84

fn=(2160)
350 91
+3 26
+1 66
cfi=(244)
cfn=(2208)
calls=11 495 
* 1517
+1 39

fn=(2288) std::_Vector_base<char, std::allocator<char> >::_Vector_base()
288 24
cfn=(2290) std::_Vector_base<char, std::allocator<char> >::_Vector_impl::_Vector_impl()
calls=3 131 
* 93
* 9

fn=(2308)
487 24
cfn=(2310) std::_Vector_base<std::pair<char, char>, std::allocator<std::pair<char, char> > >::_Vector_base()
calls=3 288 
* 168
* 9

fn=(2318) std::_Vector_base<std::pair<char, char>, std::allocator<std::pair<char, char> > >::_Vector_impl_data::_Vector_impl_data()
97 12
+1 18
+1 9

fn=(2420)
838 6144
+1 4608
cfi=(253)
cfn=(2400) __gnu_cxx::__normal_iterator<char const*, std::vector<char, std::allocator<char> > >::__normal_iterator(char const* const&)
calls=768 1027 
* 9216
* 4608

fn=(2422)
820 6144
+1 3840
cfi=(253)
cfn=(2400)
calls=768 1027 
* 9216
* 4608

fn=(2488) std::_Vector_base<char, std::allocator<char> >::_M_allocate(unsigned long)
343 4428
+3 5166
cfi=(244)
cfn=(2490)
calls=738 463 
* 73062
* 738
+1 1476

fn=(2696) std::_Vector_base<std::__cxx11::regex_traits<char>::_RegexMask, std::allocator<std::__cxx11::regex_traits<char>::_RegexMask> >::_Vector_base(std::_Vector_base<std::__cxx11::regex_traits<char>::_RegexMask, std::allocator<std::__cxx11::regex_traits<char>::_RegexMask> >&&)
308 33
cfn=(2698) std::_Vector_base<std::__cxx11::regex_traits<char>::_RegexMask, std::allocator<std::__cxx11::regex_traits<char>::_RegexMask> >::_Vector_impl::_Vector_impl(std::_Vector_base<std::__cxx11::regex_traits<char>::_RegexMask, std::allocator<std::__cxx11::regex_traits<char>::_RegexMask> >::_Vector_impl&&)
calls=3 143 
* 276
* 9

fn=(2706) std::_Vector_base<std::__cxx11::regex_traits<char>::_RegexMask, std::allocator<std::__cxx11::regex_traits<char>::_RegexMask> >::_Vector_impl_data::_Vector_impl_data(std::_Vector_base<std::__cxx11::regex_traits<char>::_RegexMask, std::allocator<std::__cxx11::regex_traits<char>::_RegexMask> >::_Vector_impl_data&&)
102 15
+1 24
+1 12
+1 39

fn=(2752) std::_Vector_base<std::__cxx11::regex_traits<char>::_RegexMask, std::allocator<std::__cxx11::regex_traits<char>::_RegexMask> >::_M_get_Tp_allocator()
276 24
+1 18

fn=(2966) std::_Vector_base<std::__cxx11::sub_match<__gnu_cxx::__normal_iterator<char const*, std::__cxx11::basic_string<char, std::char_traits<char>, std::allocator<char> > > >, std::allocator<std::__cxx11::sub_match<__gnu_cxx::__normal_iterator<char const*, std::__cxx11::basic_string<char, std::char_traits<char>, std::allocator<char> > > > > >::_Vector_impl_data::_Vector_impl_data()
97 32
+1 48
+1 24

fn=(3052) std::_Vector_base<std::__cxx11::sub_match<__gnu_cxx::__normal_iterator<char const*, std::__cxx11::basic_string<char, std::char_traits<char>, std::allocator<char> > > >, std::allocator<std::__cxx11::sub_match<__gnu_cxx::__normal_iterator<char const*, std::__cxx11::basic_string<char, std::char_traits<char>, std::allocator<char> > > > > >::_Vector_impl_data::_M_copy_data(std::_Vector_base<std::__cxx11::sub_match<__gnu_cxx::__normal_iterator<char const*, std::__cxx11::basic_string<char, std::char_traits<char>, std::allocator<char> > > >, std::allocator<std::__cxx11::sub_match<__gnu_cxx::__normal_iterator<char const*, std::__cxx11::basic_string<char, std::char_traits<char>, std::allocator<char> > > > > >::_Vector_impl_data const&)
109 30
+2 24
+1 24
+1 24
+1 18

fn=(3076) std::_Vector_base<std::__cxx11::sub_match<__gnu_cxx::__normal_iterator<char const*, std::__cxx11::basic_string<char, std::char_traits<char>, std::allocator<char> > > >, std::allocator<std::__cxx11::sub_match<__gnu_cxx::__normal_iterator<char const*, std::__cxx11::basic_string<char, std::char_traits<char>, std::allocator<char> > > > > >::_Vector_impl::_Vector_impl()
131 10
+2 6
cfi=(241)
cfn=(2950)
calls=2 +23 
* 36
* 6
cfn=(2966)
calls=2 -36 
* 26
+1 6

fn=(3178)
1061 415
+3 664
+1 166

fn=(3270)
811 32
+1 20
cfi=(253)
cfn=(3268) __gnu_cxx::__normal_iterator<std::__cxx11::sub_match<__gnu_cxx::__normal_iterator<char const*, std::__cxx11::basic_string<char, std::char_traits<char>, std::allocator<char> > > >*, std::vector<std::__cxx11::sub_match<__gnu_cxx::__normal_iterator<char const*, std::__cxx11::basic_string<char, std::char_traits<char>, std::allocator<char> > > >, std::allocator<std::__cxx11::sub_match<__gnu_cxx::__normal_iterator<char const*, std::__cxx11::basic_string<char, std::char_traits<char>, std::allocator<char> > > > > > >::__normal_iterator(std::__cxx11::sub_match<__gnu_cxx::__normal_iterator<char const*, std::__cxx11::basic_string<char, std::char_traits<char>, std::allocator<char> > > >* const&)
calls=4 1027 
* 48
* 24

fn=(1918) std::_Vector_base<unsigned long, std::allocator<unsigned long> >::_Vector_base()
288 16
cfn=(1920) std::_Vector_base<unsigned long, std::allocator<unsigned long> >::_Vector_impl::_Vector_impl()
calls=2 131 
* 90
* 6

fn=(1926) std::_Vector_base<unsigned long, std::allocator<unsigned long> >::_Vector_impl_data::_Vector_impl_data()
97 8
+1 12
+1 6

fn=(2042)
1756 44
+2 12
cfn=(2044) std::vector<unsigned long, std::allocator<unsigned long> >::max_size() const
calls=4 923 
* 340
* 16
cfn=(2058) std::vector<unsigned long, std::allocator<unsigned long> >::size() const
calls=4 918 
* 52
* 28
+3 12
cfn=(2058)
calls=4 918 
* 52
* 16
cfn=(2058)
calls=4 918 
* 52
* 24
cfi=(252)
cfn=(1980)
calls=4 254 
* 58
* 12
+1 12
cfn=(2058)
calls=4 918 
* 52
* 20
cfn=(2044)
calls=4 923 
* 340
* 12
+1 24

fn=(2048) std::vector<unsigned long, std::allocator<unsigned long> >::_S_max_size(std::allocator<unsigned long> const&)
1776 64
+5 16
+2 24
cfi=(244)
cfn=(2050)
calls=8 547 
* 216
* 8
+1 40
cfi=(252)
cfn=(2056)
calls=8 230 
* 112
* 8
+1 40

fn=(2172)
1043 335
+3 536
+1 134

fn=(2368)
829 72
+1 54
cfi=(253)
cfn=(2370) __gnu_cxx::__normal_iterator<char*, std::vector<char, std::allocator<char> > >::__normal_iterator(char* const&)
calls=9 1027 
* 108
* 54

fn=(2582) std::_Vector_base<char, std::allocator<char> >::~_Vector_base()
333 3720
+3 4464
-1 5208
cfn=(2584) std::_Vector_base<char, std::allocator<char> >::_M_deallocate(char*, unsigned long)
calls=744 +15 
* 108558
+2 2232
cfn=(2590) std::_Vector_base<char, std::allocator<char> >::_Vector_impl::~_Vector_impl()
calls=744 128 
* 11160
* 2232

fn=(2656)
572 33
cfn=(2658) std::_Vector_base<char, std::allocator<char> >::_Vector_base(std::_Vector_base<char, std::allocator<char> >&&)
calls=3 308 
* 264
* 9

fn=(2658)
308 33
cfn=(2660) std::_Vector_base<char, std::allocator<char> >::_Vector_impl::_Vector_impl(std::_Vector_base<char, std::allocator<char> >::_Vector_impl&&)
calls=3 143 
* 222
* 9

fn=(2660)
143 21
+1 9
cfi=(240)
cfn=(2662)
calls=3 -40 
* 21
* 15
cob=(2)
cfi=(51)
cfn=(2464)
calls=3 0 
* 12
* 12
cfi=(240)
cfn=(2662)
calls=3 -40 
* 21
* 9
cfn=(2664) std::_Vector_base<char, std::allocator<char> >::_Vector_impl_data::_Vector_impl_data(std::_Vector_base<char, std::allocator<char> >::_Vector_impl_data&&)
calls=3 -42 
* 90
+1 12

fn=(2684) std::_Vector_base<std::pair<char, char>, std::allocator<std::pair<char, char> > >::_Vector_impl::_Vector_impl(std::_Vector_base<std::pair<char, char>, std::allocator<std::pair<char, char> > >::_Vector_impl&&)
143 21
+1 9
cfi=(240)
cfn=(2686)
calls=3 -40 
* 21
* 15
cfi=(241)
cfn=(2688)
calls=3 +15 
* 66
* 12
cfi=(240)
cfn=(2686)
calls=3 -40 
* 21
* 9
cfn=(2692) std::_Vector_base<std::pair<char, char>, std::allocator<std::pair<char, char> > >::_Vector_impl_data::_Vector_impl_data(std::_Vector_base<std::pair<char, char>, std::allocator<std::pair<char, char> > >::_Vector_impl_data&&)
calls=3 -42 
* 90
+1 12

fn=(3030) std::_Vector_base<std::__cxx11::sub_match<__gnu_cxx::__normal_iterator<char const*, std::__cxx11::basic_string<char, std::char_traits<char>, std::allocator<char> > > >, std::allocator<std::__cxx11::sub_match<__gnu_cxx::__normal_iterator<char const*, std::__cxx11::basic_string<char, std::char_traits<char>, std::allocator<char> > > > > >::_M_allocate(unsigned long)
343 24
+3 28
cfi=(244)
cfn=(3032)
calls=4 463 
* 1479
* 4
+1 8

fn=(3092) std::vector<std::pair<__gnu_cxx::__normal_iterator<char const*, std::__cxx11::basic_string<char, std::char_traits<char>, std::allocator<char> > >, int>, std::allocator<std::pair<__gnu_cxx::__normal_iterator<char const*, std::__cxx11::basic_string<char, std::char_traits<char>, std::allocator<char> > >, int> > >::_S_max_size(std::allocator<std::pair<__gnu_cxx::__normal_iterator<char const*, std::__cxx11::basic_string<char, std::char_traits<char>, std::allocator<char> > >, int> > const&)
1776 16
+5 4
+2 6
cfi=(244)
cfn=(3094)
calls=2 547 
* 54
* 2
+1 10
cfi=(252)
cfn=(2056)
calls=2 230 
* 28
* 2
+1 10

fn=(3106) std::_Vector_base<std::pair<__gnu_cxx::__normal_iterator<char const*, std::__cxx11::basic_string<char, std::char_traits<char>, std::allocator<char> > >, int>, std::allocator<std::pair<__gnu_cxx::__normal_iterator<char const*, std::__cxx11::basic_string<char, std::char_traits<char>, std::allocator<char> > >, int> > >::_Vector_impl::_Vector_impl(std::allocator<std::pair<__gnu_cxx::__normal_iterator<char const*, std::__cxx11::basic_string<char, std::char_traits<char>, std::allocator<char> > >, int> > const&)
136 12
+1 10
cfi=(241)
cfn=(3088)
calls=2 +22 
* 44
* 6
cfn=(3108) std::_Vector_base<std::pair<__gnu_cxx::__normal_iterator<char const*, std::__cxx11::basic_string<char, std::char_traits<char>, std::allocator<char> > >, int>, std::allocator<std::pair<__gnu_cxx::__normal_iterator<char const*, std::__cxx11::basic_string<char, std::char_traits<char>, std::allocator<char> > >, int> > >::_Vector_impl_data::_Vector_impl_data()
calls=2 -40 
* 26
+1 6

fn=(3158)
1508 18
+3 10
cfn=(3030)
calls=2 343 
* 562
* 2
+4 6
cfn=(3012)
calls=2 276 
* 14
* 2
-1 10
cfi=(255)
cfn=(3160)
calls=2 331 
* 1529
+2 4
+7 6

fn=(3236)
1043 45
+3 45
+1 18

fn=(2036)
829 72
+1 54
cfi=(253)
cfn=(2038)
calls=9 1027 
* 108
* 54

fn=(2078)
276 40
+1 30

fn=(2120) std::_Vector_base<std::__detail::_State<char>, std::allocator<std::__detail::_State<char> > >::_M_get_Tp_allocator() const
280 88
+1 66

fn=(2296)
487 24
cfn=(2298) std::_Vector_base<std::__cxx11::basic_string<char, std::char_traits<char>, std::allocator<char> >, std::allocator<std::__cxx11::basic_string<char, std::char_traits<char>, std::allocator<char> > > >::_Vector_base()
calls=3 288 
* 168
* 9

fn=(2310)
288 24
cfn=(2312) std::_Vector_base<std::pair<char, char>, std::allocator<std::pair<char, char> > >::_Vector_impl::_Vector_impl()
calls=3 131 
* 135
* 9

fn=(2320)
487 24
cfn=(2322) std::_Vector_base<std::__cxx11::regex_traits<char>::_RegexMask, std::allocator<std::__cxx11::regex_traits<char>::_RegexMask> >::_Vector_base()
calls=3 288 
* 168
* 9

fn=(2692)
102 15
+1 24
+1 12
+1 39

fn=(2782) std::_Vector_base<std::pair<char, char>, std::allocator<std::pair<char, char> > >::_M_deallocate(std::pair<char, char>*, unsigned long)
350 42
+3 12
+2 18

fn=(2802) std::_Vector_base<std::__cxx11::basic_string<char, std::char_traits<char>, std::allocator<char> >, std::allocator<std::__cxx11::basic_string<char, std::char_traits<char>, std::allocator<char> > > >::_M_deallocate(std::__cxx11::basic_string<char, std::char_traits<char>, std::allocator<char> >*, unsigned long)
350 42
+3 12
+2 18

fn=(2804) std::_Vector_base<std::__cxx11::basic_string<char, std::char_traits<char>, std::allocator<char> >, std::allocator<std::__cxx11::basic_string<char, std::char_traits<char>, std::allocator<char> > > >::_Vector_impl::~_Vector_impl()
128 48
cfi=(241)
cfn=(2806)
calls=6 +46 
* 108
* 18

fn=(2846)
1225 25
+3 25
+1 30
cfi=(244)
cfn=(2848)
calls=5 531 
* 110
+2 15

fn=(3062) std::_Vector_base<std::__cxx11::sub_match<__gnu_cxx::__normal_iterator<char const*, std::__cxx11::basic_string<char, std::char_traits<char>, std::allocator<char> > > >, std::allocator<std::__cxx11::sub_match<__gnu_cxx::__normal_iterator<char const*, std::__cxx11::basic_string<char, std::char_traits<char>, std::allocator<char> > > > > >::~_Vector_base()
333 30
+3 60
-1 42
cfn=(3064)
calls=6 +15 
* 632
+2 18
cfn=(3066) std::_Vector_base<std::__cxx11::sub_match<__gnu_cxx::__normal_iterator<char const*, std::__cxx11::basic_string<char, std::char_traits<char>, std::allocator<char> > > >, std::allocator<std::__cxx11::sub_match<__gnu_cxx::__normal_iterator<char const*, std::__cxx11::basic_string<char, std::char_traits<char>, std::allocator<char> > > > > >::_Vector_impl::~_Vector_impl()
calls=6 128 
* 174
* 18

fn=(3074) std::_Vector_base<std::__cxx11::sub_match<__gnu_cxx::__normal_iterator<char const*, std::__cxx11::basic_string<char, std::char_traits<char>, std::allocator<char> > > >, std::allocator<std::__cxx11::sub_match<__gnu_cxx::__normal_iterator<char const*, std::__cxx11::basic_string<char, std::char_traits<char>, std::allocator<char> > > > > >::_Vector_base()
288 16
cfn=(3076)
calls=2 131 
* 90
* 6

fn=(3108)
97 8
+1 12
+1 6

fn=(3110) std::_Vector_base<std::pair<__gnu_cxx::__normal_iterator<char const*, std::__cxx11::basic_string<char, std::char_traits<char>, std::allocator<char> > >, int>, std::allocator<std::pair<__gnu_cxx::__normal_iterator<char const*, std::__cxx11::basic_string<char, std::char_traits<char>, std::allocator<char> > >, int> > >::_M_create_storage(unsigned long)
359 12
+2 10
cfn=(3112) std::_Vector_base<std::pair<__gnu_cxx::__normal_iterator<char const*, std::__cxx11::basic_string<char, std::char_traits<char>, std::allocator<char> > >, int>, std::allocator<std::pair<__gnu_cxx::__normal_iterator<char const*, std::__cxx11::basic_string<char, std::char_traits<char>, std::allocator<char> > >, int> > >::_M_allocate(unsigned long)
calls=2 -18 
* 552
* 4
+1 8
+1 14
+1 6

fn=(3120) std::_Vector_base<std::pair<__gnu_cxx::__normal_iterator<char const*, std::__cxx11::basic_string<char, std::char_traits<char>, std::allocator<char> > >, int>, std::allocator<std::pair<__gnu_cxx::__normal_iterator<char const*, std::__cxx11::basic_string<char, std::char_traits<char>, std::allocator<char> > >, int> > >::_M_get_Tp_allocator()
276 16
+1 12

fn=(3152)
838 72
+1 54
cfi=(253)
cfn=(3154) __gnu_cxx::__normal_iterator<std::__cxx11::sub_match<__gnu_cxx::__normal_iterator<char const*, std::__cxx11::basic_string<char, std::char_traits<char>, std::allocator<char> > > > const*, std::vector<std::__cxx11::sub_match<__gnu_cxx::__normal_iterator<char const*, std::__cxx11::basic_string<char, std::char_traits<char>, std::allocator<char> > > >, std::allocator<std::__cxx11::sub_match<__gnu_cxx::__normal_iterator<char const*, std::__cxx11::basic_string<char, std::char_traits<char>, std::allocator<char> > > > > > >::__normal_iterator(std::__cxx11::sub_match<__gnu_cxx::__normal_iterator<char const*, std::__cxx11::basic_string<char, std::char_traits<char>, std::allocator<char> > > > const* const&)
calls=9 1027 
* 108
* 54

fn=(3182)
1043 70
+3 112
+1 28

fn=(1916)
487 16
cfn=(1918)
calls=2 288 
* 112
* 6

fn=(1920)
131 10
+2 6
cfi=(241)
cfn=(1922)
calls=2 +23 
* 36
* 6
cfn=(1926)
calls=2 -36 
* 26
+1 6

fn=(1930) std::_Vector_base<std::__detail::_State<char>, std::allocator<std::__detail::_State<char> > >::_Vector_base()
288 16
cfn=(1932)
calls=2 131 
* 90
* 6

fn=(2058)
918 64
+1 144

fn=(2066)
343 24
+3 28
cfi=(244)
cfn=(2068)
calls=4 463 
* 726
* 4
+1 8

fn=(2080)
465 64
+4 48
cfn=(2082) std::vector<unsigned long, std::allocator<unsigned long> >::_S_do_relocate(unsigned long*, unsigned long*, unsigned long*, std::allocator<unsigned long>&, std::integral_constant<bool, true>)
calls=8 -16 
* 756
+1 16

fn=(2082)
453 64
+3 48
cfi=(255)
cfn=(2084)
calls=8 1040 
* 628
+1 16

fn=(2130)
918 416
+1 1248

fn=(2290)
131 15
+2 9
cob=(2)
cfi=(51)
cfn=(2292)
calls=3 0 
* 12
* 9
cfn=(2294) std::_Vector_base<char, std::allocator<char> >::_Vector_impl_data::_Vector_impl_data()
calls=3 -36 
* 39
+1 9

fn=(2300) std::_Vector_base<std::__cxx11::basic_string<char, std::char_traits<char>, std::allocator<char> >, std::allocator<std::__cxx11::basic_string<char, std::char_traits<char>, std::allocator<char> > > >::_Vector_impl::_Vector_impl()
131 15
+2 9
cfi=(241)
cfn=(2302)
calls=3 +23 
* 54
* 9
cfn=(2306) std::_Vector_base<std::__cxx11::basic_string<char, std::char_traits<char>, std::allocator<char> >, std::allocator<std::__cxx11::basic_string<char, std::char_traits<char>, std::allocator<char> > > >::_Vector_impl_data::_Vector_impl_data()
calls=3 -36 
* 39
+1 9

fn=(2324) std::_Vector_base<std::__cxx11::regex_traits<char>::_RegexMask, std::allocator<std::__cxx11::regex_traits<char>::_RegexMask> >::_Vector_impl::_Vector_impl()
131 15
+2 9
cfi=(241)
cfn=(2326)
calls=3 +23 
* 54
* 9
cfn=(2330) std::_Vector_base<std::__cxx11::regex_traits<char>::_RegexMask, std::allocator<std::__cxx11::regex_traits<char>::_RegexMask> >::_Vector_impl_data::_Vector_impl_data()
calls=3 -36 
* 39
+1 9

fn=(2476) std::vector<char, std::allocator<char> >::_S_max_size(std::allocator<char> const&)
1776 5904
+5 1476
+2 2214
cfi=(244)
cfn=(2478)
calls=738 547 
* 19926
* 738
+1 3690
cfi=(252)
cfn=(2056)
calls=738 230 
* 10332
* 738
+1 3690

fn=(2584)
350 5208
+3 1488
+1 4428
cfi=(244)
cfn=(2586)
calls=738 495 
* 95202
+1 2232

fn=(2670) std::_Vector_base<std::__cxx11::basic_string<char, std::char_traits<char>, std::allocator<char> >, std::allocator<std::__cxx11::basic_string<char, std::char_traits<char>, std::allocator<char> > > >::_Vector_impl::_Vector_impl(std::_Vector_base<std::__cxx11::basic_string<char, std::char_traits<char>, std::allocator<char> >, std::allocator<std::__cxx11::basic_string<char, std::char_traits<char>, std::allocator<char> > > >::_Vector_impl&&)
143 21
+1 9
cfi=(240)
cfn=(2672)
calls=3 -40 
* 21
* 15
cfi=(241)
cfn=(2674)
calls=3 +15 
* 66
* 12
cfi=(240)
cfn=(2672)
calls=3 -40 
* 21
* 9
cfn=(2678) std::_Vector_base<std::__cxx11::basic_string<char, std::char_traits<char>, std::allocator<char> >, std::allocator<std::__cxx11::basic_string<char, std::char_traits<char>, std::allocator<char> > > >::_Vector_impl_data::_Vector_impl_data(std::_Vector_base<std::__cxx11::basic_string<char, std::char_traits<char>, std::allocator<char> >, std::allocator<std::__cxx11::basic_string<char, std::char_traits<char>, std::allocator<char> > > >::_Vector_impl_data&&)
calls=3 -42 
* 90
+1 12

fn=(2750)
678 30
+3 18
cfn=(2752)
calls=6 276 
* 42
* 6
-1 42
cfi=(244)
cfn=(2754)
calls=6 845 
* 222
+3 18
cfn=(2760) std::_Vector_base<std::__cxx11::regex_traits<char>::_RegexMask, std::allocator<std::__cxx11::regex_traits<char>::_RegexMask> >::~_Vector_base()
calls=6 333 
* 396
* 18

fn=(2760)
333 30
+3 42
-1 42
cfn=(2762) std::_Vector_base<std::__cxx11::regex_traits<char>::_RegexMask, std::allocator<std::__cxx11::regex_traits<char>::_RegexMask> >::_M_deallocate(std::__cxx11::regex_traits<char>::_RegexMask*, unsigned long)
calls=6 +15 
* 72
+2 18
cfn=(2764) std::_Vector_base<std::__cxx11::regex_traits<char>::_RegexMask, std::allocator<std::__cxx11::regex_traits<char>::_RegexMask> >::_Vector_impl::~_Vector_impl()
calls=6 128 
* 174
* 18

fn=(2784) std::_Vector_base<std::pair<char, char>, std::allocator<std::pair<char, char> > >::_Vector_impl::~_Vector_impl()
128 48
cfi=(241)
cfn=(2786)
calls=6 +46 
* 108
* 18

fn=(2790)
678 30
+3 18
cfn=(2792) std::_Vector_base<std::__cxx11::basic_string<char, std::char_traits<char>, std::allocator<char> >, std::allocator<std::__cxx11::basic_string<char, std::char_traits<char>, std::allocator<char> > > >::_M_get_Tp_allocator()
calls=6 276 
* 42
* 6
-1 42
cfi=(244)
cfn=(2794)
calls=6 845 
* 258
+3 18
cfn=(2800) std::_Vector_base<std::__cxx11::basic_string<char, std::char_traits<char>, std::allocator<char> >, std::allocator<std::__cxx11::basic_string<char, std::char_traits<char>, std::allocator<char> > > >::~_Vector_base()
calls=6 333 
* 396
* 18

fn=(2956)
497 12
+1 10
cfn=(2958) std::_Vector_base<std::__cxx11::sub_match<__gnu_cxx::__normal_iterator<char const*, std::__cxx11::basic_string<char, std::char_traits<char>, std::allocator<char> > > >, std::allocator<std::__cxx11::sub_match<__gnu_cxx::__normal_iterator<char const*, std::__cxx11::basic_string<char, std::char_traits<char>, std::allocator<char> > > > > >::_Vector_base(std::allocator<std::__cxx11::sub_match<__gnu_cxx::__normal_iterator<char const*, std::__cxx11::basic_string<char, std::char_traits<char>, std::allocator<char> > > > > const&)
calls=2 293 
* 132
* 6

fn=(2958)
293 12
+1 10
cfn=(2960) std::_Vector_base<std::__cxx11::sub_match<__gnu_cxx::__normal_iterator<char const*, std::__cxx11::basic_string<char, std::char_traits<char>, std::allocator<char> > > >, std::allocator<std::__cxx11::sub_match<__gnu_cxx::__normal_iterator<char const*, std::__cxx11::basic_string<char, std::char_traits<char>, std::allocator<char> > > > > >::_Vector_impl::_Vector_impl(std::allocator<std::__cxx11::sub_match<__gnu_cxx::__normal_iterator<char const*, std::__cxx11::basic_string<char, std::char_traits<char>, std::allocator<char> > > > > const&)
calls=2 136 
* 104
* 6

fn=(2960)
136 24
+1 20
cfi=(241)
cfn=(2962)
calls=4 +22 
* 88
* 12
cfn=(2966)
calls=4 -40 
* 52
+1 12

fn=(3036) std::vector<std::__cxx11::sub_match<__gnu_cxx::__normal_iterator<char const*, std::__cxx11::basic_string<char, std::char_traits<char>, std::allocator<char> > > >, std::allocator<std::__cxx11::sub_match<__gnu_cxx::__normal_iterator<char const*, std::__cxx11::basic_string<char, std::char_traits<char>, std::allocator<char> > > > > >::_M_fill_initialize(unsigned long, std::__cxx11::sub_match<__gnu_cxx::__normal_iterator<char const*, std::__cxx11::basic_string<char, std::char_traits<char>, std::allocator<char> > > > const&)
1593 14
+4 6
cfn=(3012)
calls=2 276 
* 14
* 2
-1 12
cfi=(255)
cfn=(3038)
calls=2 408 
* 754
-1 4
+3 6

fn=(3150)
918 52
+1 156

fn=(3156)
820 72
+1 45
cfi=(253)
cfn=(3154)
calls=9 1027 
* 108
* 54

fn=(3266)
829 32
+1 24
cfi=(253)
cfn=(3268)
calls=4 1027 
* 48
* 24

fn=(3426)
678 10
+3 6
cfn=(2148)
calls=2 276 
* 14
* 2
-1 14
cfi=(244)
cfn=(3428)
calls=2 845 
* 3939
+3 6
cfn=(3450) std::_Vector_base<std::__detail::_State<char>, std::allocator<std::__detail::_State<char> > >::~_Vector_base()
calls=2 333 
* 461
* 6

fn=(2118) std::vector<std::__detail::_State<char>, std::allocator<std::__detail::_State<char> > >::max_size() const
923 110
+1 66
cfn=(2120)
calls=22 280 
* 154
* 44
cfn=(2122) std::vector<std::__detail::_State<char>, std::allocator<std::__detail::_State<char> > >::_S_max_size(std::allocator<std::__detail::_State<char> > const&)
calls=22 1776 
* 1452
* 44

fn=(2148)
276 96
+1 72

fn=(2150)
465 176
+4 132
cfn=(2152) std::vector<std::__detail::_State<char>, std::allocator<std::__detail::_State<char> > >::_S_do_relocate(std::__detail::_State<char>*, std::__detail::_State<char>*, std::__detail::_State<char>*, std::allocator<std::__detail::_State<char> >&, std::integral_constant<bool, true>)
calls=22 -16 
* 13724
+1 44

fn=(2162)
1143 224
+3 84
cfn=(2110)
calls=28 829 
* 896
* 140
cfi=(253)
cfn=(2164) __gnu_cxx::__normal_iterator<std::__detail::_State<char>*, std::vector<std::__detail::_State<char>, std::allocator<std::__detail::_State<char> > > >::operator-(long) const
calls=28 -46 
* 1176
* 112
cfi=(253)
cfn=(2166)
calls=28 1042 
* 224
+1 140

fn=(2444)
838 6144
+1 4608
cfi=(253)
cfn=(2442) __gnu_cxx::__normal_iterator<std::pair<char, char> const*, std::vector<std::pair<char, char>, std::allocator<std::pair<char, char> > > >::__normal_iterator(std::pair<char, char> const* const&)
calls=768 1027 
* 9216
* 4608

fn=(2518)
1168 14760
+1 17712
cfn=(2520) char* std::vector<char, std::allocator<char> >::_M_data_ptr<char>(char*) const
calls=2952 1844 
* 23616
* 5904

fn=(2590)
128 5952
cob=(2)
cfi=(51)
cfn=(2592)
calls=744 0 
* 2976
* 2232

fn=(2666)
572 33
cfn=(2668) std::_Vector_base<std::__cxx11::basic_string<char, std::char_traits<char>, std::allocator<char> >, std::allocator<std::__cxx11::basic_string<char, std::char_traits<char>, std::allocator<char> > > >::_Vector_base(std::_Vector_base<std::__cxx11::basic_string<char, std::char_traits<char>, std::allocator<char> >, std::allocator<std::__cxx11::basic_string<char, std::char_traits<char>, std::allocator<char> > > >&&)
calls=3 308 
* 318
* 9

fn=(2698)
143 21
+1 9
cfi=(240)
cfn=(2700)
calls=3 -40 
* 21
* 15
cfi=(241)
cfn=(2702)
calls=3 +15 
* 66
* 12
cfi=(240)
cfn=(2700)
calls=3 -40 
* 21
* 9
cfn=(2706)
calls=3 -42 
* 90
+1 12

fn=(2770)
678 30
+3 18
cfn=(2772) std::_Vector_base<std::pair<char, char>, std::allocator<std::pair<char, char> > >::_M_get_Tp_allocator()
calls=6 276 
* 42
* 6
-1 42
cfi=(244)
cfn=(2774)
calls=6 845 
* 222
+3 18
cfn=(2780) std::_Vector_base<std::pair<char, char>, std::allocator<std::pair<char, char> > >::~_Vector_base()
calls=6 333 
* 396
* 18

fn=(3012)
276 64
+1 48

fn=(3014)
522 18
+2 12
cfn=(3016) std::vector<std::__cxx11::sub_match<__gnu_cxx::__normal_iterator<char const*, std::__cxx11::basic_string<char, std::char_traits<char>, std::allocator<char> > > >, std::allocator<std::__cxx11::sub_match<__gnu_cxx::__normal_iterator<char const*, std::__cxx11::basic_string<char, std::char_traits<char>, std::allocator<char> > > > > >::_S_check_init_len(unsigned long, std::allocator<std::__cxx11::sub_match<__gnu_cxx::__normal_iterator<char const*, std::__cxx11::basic_string<char, std::char_traits<char>, std::allocator<char> > > > > const&)
calls=2 1767 
* 276
* 12
cfn=(3026) std::_Vector_base<std::__cxx11::sub_match<__gnu_cxx::__normal_iterator<char const*, std::__cxx11::basic_string<char, std::char_traits<char>, std::allocator<char> > > >, std::allocator<std::__cxx11::sub_match<__gnu_cxx::__normal_iterator<char const*, std::__cxx11::basic_string<char, std::char_traits<char>, std::allocator<char> > > > > >::_Vector_base(unsigned long, std::allocator<std::__cxx11::sub_match<__gnu_cxx::__normal_iterator<char const*, std::__cxx11::basic_string<char, std::char_traits<char>, std::allocator<char> > > > > const&)
calls=2 303 
* 1189
+1 12
cfn=(3036)
calls=2 1593 
* 812
* 8

fn=(3050)
117 18
+4 6
cfn=(2966)
calls=2 -24 
* 26
+1 10
cfn=(3052)
calls=2 -13 
* 40
+1 10
cfn=(3052)
calls=2 -14 
* 40
+1 10
cfn=(3052)
calls=2 -15 
* 40
+1 12

fn=(3084)
510 16
+1 12
cfn=(3086) std::vector<std::pair<__gnu_cxx::__normal_iterator<char const*, std::__cxx11::basic_string<char, std::char_traits<char>, std::allocator<char> > >, int>, std::allocator<std::pair<__gnu_cxx::__normal_iterator<char const*, std::__cxx11::basic_string<char, std::char_traits<char>, std::allocator<char> > >, int> > >::_S_check_init_len(unsigned long, std::allocator<std::pair<__gnu_cxx::__normal_iterator<char const*, std::__cxx11::basic_string<char, std::char_traits<char>, std::allocator<char> > >, int> > const&)
calls=2 1767 
* 276
* 12
cfn=(3104) std::_Vector_base<std::pair<__gnu_cxx::__normal_iterator<char const*, std::__cxx11::basic_string<char, std::char_traits<char>, std::allocator<char> > >, int>, std::allocator<std::pair<__gnu_cxx::__normal_iterator<char const*, std::__cxx11::basic_string<char, std::char_traits<char>, std::allocator<char> > >, int> > >::_Vector_base(unsigned long, std::allocator<std::pair<__gnu_cxx::__normal_iterator<char const*, std::__cxx11::basic_string<char, std::char_traits<char>, std::allocator<char> > >, int> > const&)
calls=2 303 
* 754
+1 10
cfn=(3118) std::vector<std::pair<__gnu_cxx::__normal_iterator<char const*, std::__cxx11::basic_string<char, std::char_traits<char>, std::allocator<char> > >, int>, std::allocator<std::pair<__gnu_cxx::__normal_iterator<char const*, std::__cxx11::basic_string<char, std::char_traits<char>, std::allocator<char> > >, int> > >::_M_default_initialize(unsigned long)
calls=2 1603 
* 1826
* 8

fn=(3324) std::_Vector_base<std::pair<__gnu_cxx::__normal_iterator<char const*, std::__cxx11::basic_string<char, std::char_traits<char>, std::allocator<char> > >, int>, std::allocator<std::pair<__gnu_cxx::__normal_iterator<char const*, std::__cxx11::basic_string<char, std::char_traits<char>, std::allocator<char> > >, int> > >::_Vector_impl::~_Vector_impl()
128 16
cfi=(241)
cfn=(3100)
calls=2 +46 
* 36
* 6

fn=(3350)
1061 15
+3 24
+1 6

fn=(3468) std::_Vector_base<unsigned long, std::allocator<unsigned long> >::~_Vector_base()
333 10
+3 14
-1 14
cfn=(2090)
calls=2 +15 
* 296
+2 6
cfn=(3470) std::_Vector_base<unsigned long, std::allocator<unsigned long> >::_Vector_impl::~_Vector_impl()
calls=2 128 
* 58
* 6

fn=(1938)
97 8
+1 12
+1 6

fn=(2122)
1776 176
+5 44
+2 66
cfi=(244)
cfn=(2124)
calls=22 547 
* 594
* 22
+1 110
cfi=(252)
cfn=(2056)
calls=22 230 
* 308
* 22
+1 110

fn=(2298)
288 24
cfn=(2300)
calls=3 131 
* 135
* 9

fn=(2396)
1457 33
+2 9
cfn=(2372)
calls=3 811 
* 93
* 3
+1 9
cfn=(2398) std::vector<char, std::allocator<char> >::cbegin() const
calls=3 884 
* 93
* 3
+1 15
cfi=(253)
cfn=(2402)
calls=3 1268 
* 102
* 15
cfi=(253)
cfn=(2406) __gnu_cxx::__normal_iterator<char*, std::vector<char, std::allocator<char> > >::operator+(long) const
calls=3 1090 
* 111
* 18
cfi=(253)
cfn=(2402)
calls=3 1268 
* 102
* 15
cfi=(253)
cfn=(2406)
calls=3 1090 
* 111
* 18
cfi=(254)
cfn=(2408)
calls=3 184 
* 177
+1 18

fn=(2398)
884 24
+1 15
cfi=(253)
cfn=(2400)
calls=3 1027 
* 36
* 18

fn=(2468) void std::vector<char, std::allocator<char> >::_M_range_initialize<char const*>(char const*, char const*, std::forward_iterator_tag)
1577 5904
+3 3690
cfi=(210)
cfn=(1352)
calls=738 138 
* 22878
* 738
+2 2952
cfn=(2470) std::_Vector_base<char, std::allocator<char> >::_M_get_Tp_allocator()
calls=738 276 
* 5166
* 3690
cfn=(2472) std::vector<char, std::allocator<char> >::_S_check_init_len(unsigned long, std::allocator<char> const&)
calls=738 1767 
* 78228
* 2214
cfn=(2488)
calls=738 343 
* 84870
* 1476
+1 4428
+4 2214
cfn=(2470)
calls=738 276 
* 5166
* 738
-2 4428
cfi=(255)
cfn=(2494)
calls=738 331 
* 161622
-1 1476
+4 2952

fn=(2694)
572 33
cfn=(2696)
calls=3 308 
* 318
* 9

fn=(2800)
333 30
+3 42
-1 42
cfn=(2802)
calls=6 +15 
* 72
+2 18
cfn=(2804)
calls=6 128 
* 174
* 18

fn=(3010)
998 24
+1 12
+1 60

fn=(3016)
1767 20
+2 10
cfi=(241)
cfn=(2962)
calls=2 159 
* 44
* 6
cfn=(3018) std::vector<std::__cxx11::sub_match<__gnu_cxx::__normal_iterator<char const*, std::__cxx11::basic_string<char, std::char_traits<char>, std::allocator<char> > > >, std::allocator<std::__cxx11::sub_match<__gnu_cxx::__normal_iterator<char const*, std::__cxx11::basic_string<char, std::char_traits<char>, std::allocator<char> > > > > >::_S_max_size(std::allocator<std::__cxx11::sub_match<__gnu_cxx::__normal_iterator<char const*, std::__cxx11::basic_string<char, std::char_traits<char>, std::allocator<char> > > > > const&)
calls=2 +7 
* 132
* 10
cfi=(241)
cfn=(2970)
calls=2 174 
* 36
* 4
+3 2
+1 12

fn=(3018)
1776 16
+5 4
+2 6
cfi=(244)
cfn=(3020)
calls=2 547 
* 54
* 2
+1 10
cfi=(252)
cfn=(2056)
calls=2 230 
* 28
* 2
+1 10

fn=(3104)
303 16
+1 10
cfn=(3106)
calls=2 136 
* 104
+1 10
cfn=(3110)
calls=2 +54 
* 606
* 8

fn=(3112)
343 12
+3 14
cfi=(244)
cfn=(3114)
calls=2 463 
* 520
* 2
+1 4

fn=(3452) std::_Vector_base<std::__detail::_State<char>, std::allocator<std::__detail::_State<char> > >::_Vector_impl::~_Vector_impl()
128 16
cfi=(241)
cfn=(3454)
calls=2 +46 
* 36
* 6

fn=(3460)
678 10
+3 6
cfn=(2078)
calls=2 276 
* 14
* 2
-1 14
cfi=(244)
cfn=(3462)
calls=2 845 
* 74
+3 6
cfn=(3468)
calls=2 333 
* 404
* 6

fn=(1928)
487 16
cfn=(1930)
calls=2 288 
* 112
* 6

fn=(2046) std::_Vector_base<unsigned long, std::allocator<unsigned long> >::_M_get_Tp_allocator() const
280 32
+1 24

fn=(2090)
350 42
+3 12
+1 24
cfi=(244)
cfn=(2276)
calls=4 495 
* 520
+1 18

fn=(2110)
829 328
+1 246
cfi=(253)
cfn=(2112) __gnu_cxx::__normal_iterator<std::__detail::_State<char>*, std::vector<std::__detail::_State<char>, std::allocator<std::__detail::_State<char> > > >::__normal_iterator(std::__detail::_State<char>* const&)
calls=41 1027 
* 492
* 246

fn=(2132)
811 104
+1 65
cfi=(253)
cfn=(2112)
calls=13 1027 
* 156
* 78

fn=(2152)
453 176
+3 132
cfi=(255)
cfn=(2154)
calls=22 1040 
* 13372
+1 44

fn=(2286)
487 24
cfn=(2288)
calls=3 288 
* 126
* 9

fn=(2306)
97 12
+1 18
+1 9

fn=(2330)
97 12
+1 18
+1 9

fn=(2460) std::_Vector_base<char, std::allocator<char> >::_Vector_base(std::allocator<char> const&)
293 4428
+1 3690
cfn=(2462) std::_Vector_base<char, std::allocator<char> >::_Vector_impl::_Vector_impl(std::allocator<char> const&)
calls=738 136 
* 25092
* 2214

fn=(2462)
136 4428
+1 3690
cob=(2)
cfi=(51)
cfn=(2464)
calls=738 0 
* 2952
* 2214
cfn=(2294)
calls=738 -40 
* 9594
+1 2214

fn=(2574)
678 3720
+3 2232
cfn=(2470)
calls=744 276 
* 5208
* 744
-1 5208
cfi=(244)
cfn=(2576)
calls=744 845 
* 27528
+3 2232
cfn=(2582)
calls=744 333 
* 137574
* 2232

fn=(2614)
820 5904
+1 3690
cfi=(253)
cfn=(2616) __gnu_cxx::__normal_iterator<std::__cxx11::regex_traits<char>::_RegexMask const*, std::vector<std::__cxx11::regex_traits<char>::_RegexMask, std::allocator<std::__cxx11::regex_traits<char>::_RegexMask> > >::__normal_iterator(std::__cxx11::regex_traits<char>::_RegexMask const* const&)
calls=738 1027 
* 8856
* 4428

fn=(2678)
102 15
+1 24
+1 12
+1 39

fn=(2680)
572 33
cfn=(2682) std::_Vector_base<std::pair<char, char>, std::allocator<std::pair<char, char> > >::_Vector_base(std::_Vector_base<std::pair<char, char>, std::allocator<std::pair<char, char> > >&&)
calls=3 308 
* 318
* 9

fn=(2764)
128 48
cfi=(241)
cfn=(2766)
calls=6 +46 
* 108
* 18

fn=(2780)
333 30
+3 42
-1 42
cfn=(2782)
calls=6 +15 
* 72
+2 18
cfn=(2784)
calls=6 128 
* 174
* 18

fn=(3054)
678 30
+3 18
cfn=(3012)
calls=6 276 
* 42
* 6
-1 42
cfi=(244)
cfn=(3056)
calls=6 845 
* 222
+3 18
cfn=(3062)
calls=6 333 
* 974
* 18

fn=(3066)
128 48
cfi=(241)
cfn=(2970)
calls=6 +46 
* 108
* 18

fn=(3086)
1767 20
+2 10
cfi=(241)
cfn=(3088)
calls=2 159 
* 44
* 6
cfn=(3092)
calls=2 +7 
* 132
* 10
cfi=(241)
cfn=(3100)
calls=2 174 
* 36
* 4
+3 2
+1 12

fn=(3308)
678 10
+3 6
cfn=(3120)
calls=2 276 
* 14
* 2
-1 14
cfi=(244)
cfn=(3310)
calls=2 845 
* 74
+3 6
cfn=(3316) std::_Vector_base<std::pair<__gnu_cxx::__normal_iterator<char const*, std::__cxx11::basic_string<char, std::char_traits<char>, std::allocator<char> > >, int>, std::allocator<std::pair<__gnu_cxx::__normal_iterator<char const*, std::__cxx11::basic_string<char, std::char_traits<char>, std::allocator<char> > >, int> > >::~_Vector_base()
calls=2 333 
* 406
* 6

fn=(3318) std::_Vector_base<std::pair<__gnu_cxx::__normal_iterator<char const*, std::__cxx11::basic_string<char, std::char_traits<char>, std::allocator<char> > >, int>, std::allocator<std::pair<__gnu_cxx::__normal_iterator<char const*, std::__cxx11::basic_string<char, std::char_traits<char>, std::allocator<char> > >, int> > >::_M_deallocate(std::pair<__gnu_cxx::__normal_iterator<char const*, std::__cxx11::basic_string<char, std::char_traits<char>, std::allocator<char> > >, int>*, unsigned long)
350 14
+3 4
+1 12
cfi=(244)
cfn=(3320)
calls=2 495 
* 262
+1 6

fn=(3342)
1007 40
+1 15
cfn=(3152)
calls=5 838 
* 160
* 20
cfn=(3156)
calls=5 820 
* 155
* 30
cfi=(253)
cfn=(3344) bool __gnu_cxx::operator==<std::__cxx11::sub_match<__gnu_cxx::__normal_iterator<char const*, std::__cxx11::basic_string<char, std::char_traits<char>, std::allocator<char> > > > const*, std::vector<std::__cxx11::sub_match<__gnu_cxx::__normal_iterator<char const*, std::__cxx11::basic_string<char, std::char_traits<char>, std::allocator<char> > > >, std::allocator<std::__cxx11::sub_match<__gnu_cxx::__normal_iterator<char const*, std::__cxx11::basic_string<char, std::char_traits<char>, std::allocator<char> > > > > > >(__gnu_cxx::__normal_iterator<std::__cxx11::sub_match<__gnu_cxx::__normal_iterator<char const*, std::__cxx11::basic_string<char, std::char_traits<char>, std::allocator<char> > > > const*, std::vector<std::__cxx11::sub_match<__gnu_cxx::__normal_iterator<char const*, std::__cxx11::basic_string<char, std::char_traits<char>, std::allocator<char> > > >, std::allocator<std::__cxx11::sub_match<__gnu_cxx::__normal_iterator<char const*, std::__cxx11::basic_string<char, std::char_traits<char>, std::allocator<char> > > > > > > const&, __gnu_cxx::__normal_iterator<std::__cxx11::sub_match<__gnu_cxx::__normal_iterator<char const*, std::__cxx11::basic_string<char, std::char_traits<char>, std::allocator<char> > > > const*, std::vector<std::__cxx11::sub_match<__gnu_cxx::__normal_iterator<char const*, std::__cxx11::basic_string<char, std::char_traits<char>, std::allocator<char> > > >, std::allocator<std::__cxx11::sub_match<__gnu_cxx::__normal_iterator<char const*, std::__cxx11::basic_string<char, std::char_traits<char>, std::allocator<char> > > > > > > const&)
calls=5 1163 
* 170
* 25

fn=(3450)
333 10
+3 20
-1 14
cfn=(2160)
calls=2 +15 
* 347
+2 6
cfn=(3452)
calls=2 128 
* 58
* 6

fn=(2044)
923 40
+1 24
cfn=(2046)
calls=8 280 
* 56
* 16
cfn=(2048)
calls=8 1776 
* 528
* 16

fn=(2322)
288 24
cfn=(2324)
calls=3 131 
* 135
* 9

fn=(2440)
820 6144
+1 3840
cfi=(253)
cfn=(2442)
calls=768 1027 
* 9216
* 4608

fn=(2452)
838 11808
+1 8856
cfi=(253)
cfn=(2454) __gnu_cxx::__normal_iterator<std::__cxx11::basic_string<char, std::char_traits<char>, std::allocator<char> > const*, std::vector<std::__cxx11::basic_string<char, std::char_traits<char>, std::allocator<char> >, std::allocator<std::__cxx11::basic_string<char, std::char_traits<char>, std::allocator<char> > > > >::__normal_iterator(std::__cxx11::basic_string<char, std::char_traits<char>, std::allocator<char> > const* const&)
calls=1476 1027 
* 17712
* 8856

fn=(2458)
653 8856
+2 3690
cfn=(2460)
calls=738 293 
* 35424
+3 2214
cfi=(211)
cfn=(1354)
calls=738 238 
* 4428
-1 4428
cfn=(2468)
calls=738 1577 
* 394830
+2 5166

fn=(2470)
276 8880
+1 6660

fn=(2520)
1844 14760
+1 8856

fn=(2522)
918 5904
+1 11808

fn=(2594)
820 5904
+1 3690
cfi=(253)
cfn=(2454)
calls=738 1027 
* 8856
* 4428

fn=(2762)
350 42
+3 12
+2 18

fn=(2772)
276 24
+1 18

fn=(2792)
276 24
+1 18

fn=(3006)
749 14
+1 12
cfi=(254)
cfn=(3008)
calls=2 257 
* 2953
* 6

fn=(3118)
1603 12
+4 6
cfn=(3120)
calls=2 276 
* 14
* 2
-1 12
cfi=(255)
cfn=(3122)
calls=2 702 
* 1770
-1 4
+3 6

fn=(2116)
1756 121
+2 33
cfn=(2118)
calls=11 923 
* 935
* 44
cfn=(2130)
calls=11 918 
* 176
* 77
+3 33
cfn=(2130)
calls=11 918 
* 176
* 44
cfn=(2130)
calls=11 918 
* 176
* 66
cfi=(252)
cfn=(1980)
calls=11 254 
* 156
* 33
+1 33
cfn=(2130)
calls=11 918 
* 176
* 55
cfn=(2118)
calls=11 923 
* 935
* 33
+1 66

fn=(2138)
343 66
+3 77
cfi=(244)
cfn=(2140)
calls=11 463 
* 2294
* 11
+1 22

fn=(2294)
97 2964
+1 4446
+1 2223

fn=(2312)
131 15
+2 9
cfi=(241)
cfn=(2314)
calls=3 +23 
* 54
* 9
cfn=(2318)
calls=3 -36 
* 39
+1 9

fn=(2372)
811 72
+1 45
cfi=(253)
cfn=(2370)
calls=9 1027 
* 108
* 54

fn=(2472)
1767 7380
+2 3690
cob=(2)
cfi=(51)
cfn=(2474)
calls=738 0 
* 2952
* 2214
cfn=(2476)
calls=738 +7 
* 48708
* 3690
cob=(2)
cfi=(51)
cfn=(2484)
calls=738 0 
* 2952
* 1476
+3 738
+1 4428

fn=(2618)
838 5904
+1 4428
cfi=(253)
cfn=(2616)
calls=738 1027 
* 8856
* 4428

fn=(2664)
102 15
+1 24
+1 12
+1 39

fn=(2668)
308 33
cfn=(2670)
calls=3 143 
* 276
* 9

fn=(2682)
308 33
cfn=(2684)
calls=3 143 
* 276
* 9

fn=(2840)
1143 40
+3 15
cfn=(2036)
calls=5 829 
* 160
* 25
cfi=(253)
cfn=(2842) __gnu_cxx::__normal_iterator<unsigned long*, std::vector<unsigned long, std::allocator<unsigned long> > >::operator-(long) const
calls=5 -46 
* 195
* 20
cfi=(253)
cfn=(2844) __gnu_cxx::__normal_iterator<unsigned long*, std::vector<unsigned long, std::allocator<unsigned long> > >::operator*() const
calls=5 1042 
* 40
+1 25

fn=(3026)
303 16
+1 10
cfn=(2960)
calls=2 136 
* 104
+1 10
cfn=(3028) std::_Vector_base<std::__cxx11::sub_match<__gnu_cxx::__normal_iterator<char const*, std::__cxx11::basic_string<char, std::char_traits<char>, std::allocator<char> > > >, std::allocator<std::__cxx11::sub_match<__gnu_cxx::__normal_iterator<char const*, std::__cxx11::basic_string<char, std::char_traits<char>, std::allocator<char> > > > > >::_M_create_storage(unsigned long)
calls=2 +54 
* 1041
* 8

fn=(3028)
359 12
+2 10
cfn=(3030)
calls=2 -18 
* 981
* 4
+1 8
+1 20
+1 6

fn=(3064)
350 56
+3 16
+1 24
cfi=(244)
cfn=(3326)
calls=4 495 
* 536
+1 24

fn=(3072)
487 16
cfn=(3074)
calls=2 288 
* 112
* 6

fn=(3316)
333 10
+3 14
-1 14
cfn=(3318)
calls=2 +15 
* 298
+2 6
cfn=(3324)
calls=2 128 
* 58
* 6

fn=(3470)
128 16
cfi=(241)
cfn=(3472)
calls=2 +46 
* 36
* 6

fl=(253)
fn=(2370)
1027 120
+1 168

fn=(2404) __gnu_cxx::__normal_iterator<char const*, std::vector<char, std::allocator<char> > >::base() const
1105 12336
+1 9252

fn=(2436)
1179 5376
+3 2304
cfn=(2404)
calls=768 -77 
* 5376
* 3072
cfn=(2404)
calls=768 -77 
* 5376
* 4608

fn=(2442)
1027 7680
+1 10752

fn=(2446)
1179 5376
+3 2304
cfn=(2448) __gnu_cxx::__normal_iterator<std::pair<char, char> const*, std::vector<std::pair<char, char>, std::allocator<std::pair<char, char> > > >::base() const
calls=768 -77 
* 5376
* 3072
cfn=(2448)
calls=768 -77 
* 5376
* 4608

fn=(2610) __gnu_cxx::__normal_iterator<std::__cxx11::basic_string<char, std::char_traits<char>, std::allocator<char> > const*, std::vector<std::__cxx11::basic_string<char, std::char_traits<char>, std::allocator<char> >, std::allocator<std::__cxx11::basic_string<char, std::char_traits<char>, std::allocator<char> > > > >::base() const
1105 17712
+1 13284

fn=(2842)
1100 45
+1 60
cfn=(2038)
calls=5 -74 
* 60
* 30

fn=(3168) __gnu_cxx::__normal_iterator<std::__cxx11::sub_match<__gnu_cxx::__normal_iterator<char const*, std::__cxx11::basic_string<char, std::char_traits<char>, std::allocator<char> > > > const*, std::vector<std::__cxx11::sub_match<__gnu_cxx::__normal_iterator<char const*, std::__cxx11::basic_string<char, std::char_traits<char>, std::allocator<char> > > >, std::allocator<std::__cxx11::sub_match<__gnu_cxx::__normal_iterator<char const*, std::__cxx11::basic_string<char, std::char_traits<char>, std::allocator<char> > > > > > >::base() const
1105 160
+1 120

fn=(3194)
1042 44
+1 44

fn=(3282)
1291 20
+2 12
cfn=(3168)
calls=4 1105 
* 28
* 12

fn=(3332)
1042 44
+1 44

fn=(2380)
1179 42
+3 18
cfn=(2382) __gnu_cxx::__normal_iterator<char*, std::vector<char, std::allocator<char> > >::base() const
calls=6 -77 
* 42
* 24
cfn=(2382)
calls=6 -77 
* 42
* 36

fn=(2402)
1268 5418
+3 2322
cfn=(2404)
calls=774 1105 
* 5418
* 3096
cfn=(2404)
calls=774 1105 
* 5418
* 4644

fn=(2454)
1027 11070
+1 15498

fn=(2968)
1023 160
+1 200

fn=(3304)
1066 40
+2 50
+1 10
+1 20

fn=(3334)
1052 44
+2 55
+1 11
+1 22

fn=(2164)
1100 252
+1 420
cfn=(2112)
calls=28 -74 
* 336
* 168

fn=(2612)
1179 5166
+3 2214
cfn=(2610)
calls=738 -77 
* 5166
* 2952
cfn=(2610)
calls=738 -77 
* 5166
* 4428

fn=(2616)
1027 7380
+1 10332

fn=(2622) __gnu_cxx::__normal_iterator<std::__cxx11::regex_traits<char>::_RegexMask const*, std::vector<std::__cxx11::regex_traits<char>::_RegexMask, std::allocator<std::__cxx11::regex_traits<char>::_RegexMask> > >::base() const
1105 5904
+1 4428

fn=(2876)
1052 112
+2 140
+1 28
+1 56

fn=(3238)
1179 42
+3 18
cfn=(3190) __gnu_cxx::__normal_iterator<char const*, std::__cxx11::basic_string<char, std::char_traits<char>, std::allocator<char> > >::base() const
calls=6 -77 
* 42
* 24
cfn=(3190)
calls=6 -77 
* 42
* 36

fn=(3330)
1179 91
+3 39
cfn=(3280) __gnu_cxx::__normal_iterator<std::__cxx11::sub_match<__gnu_cxx::__normal_iterator<char const*, std::__cxx11::basic_string<char, std::char_traits<char>, std::allocator<char> > > >*, std::vector<std::__cxx11::sub_match<__gnu_cxx::__normal_iterator<char const*, std::__cxx11::basic_string<char, std::char_traits<char>, std::allocator<char> > > >, std::allocator<std::__cxx11::sub_match<__gnu_cxx::__normal_iterator<char const*, std::__cxx11::basic_string<char, std::char_traits<char>, std::allocator<char> > > > > > >::base() const
calls=13 -77 
* 91
* 52
cfn=(3280)
calls=13 -77 
* 91
* 78

fn=(3344)
1163 35
+3 15
cfn=(3168)
calls=5 -61 
* 35
* 20
cfn=(3168)
calls=5 -61 
* 35
* 30

fn=(3166)
1179 91
+3 39
cfn=(3168)
calls=13 -77 
* 91
* 52
cfn=(3168)
calls=13 -77 
* 91
* 78

fn=(3280)
1105 120
+1 90

fn=(3372)
1268 21
+3 9
cfn=(3190)
calls=3 1105 
* 21
* 12
cfn=(3190)
calls=3 1105 
* 21
* 18

fn=(2064)
1105 64
+1 48

fn=(2134)
1268 77
+3 33
cfn=(2136)
calls=11 1105 
* 77
* 44
cfn=(2136)
calls=11 1105 
* 77
* 110

fn=(2136)
1105 416
+1 312

fn=(2392)
1163 42
+3 18
cfn=(2382)
calls=6 -61 
* 42
* 24
cfn=(2382)
calls=6 -61 
* 42
* 36

fn=(2038)
1027 90
+1 126

fn=(2406)
1090 54
+1 60
cfn=(2370)
calls=6 -64 
* 72
* 36

fn=(3154)
1027 90
+1 126

fn=(3190)
1105 240
+1 180

fn=(2448)
1105 6144
+1 4608

fn=(2844)
1042 20
+1 20

fn=(3170)
1042 44
+1 44

fn=(3230)
1052 40
+2 50
+1 10
+1 20

fn=(3268)
1027 50
+1 70

fn=(2166)
1042 224
+1 224

fn=(2608)
1268 10332
+3 4428
cfn=(2610)
calls=1476 1105 
* 10332
* 5904
cfn=(2610)
calls=1476 1105 
* 10332
* 10332

fn=(2620)
1179 5166
+3 2214
cfn=(2622)
calls=738 -77 
* 5166
* 2952
cfn=(2622)
calls=738 -77 
* 5166
* 4428

fn=(2872)
1179 210
+3 90
cfn=(2136)
calls=30 -77 
* 210
* 120
cfn=(2136)
calls=30 -77 
* 210
* 180

fn=(3188)
1163 147
+3 63
cfn=(3190)
calls=21 -61 
* 147
* 84
cfn=(3190)
calls=21 -61 
* 147
* 126

fn=(3278)
1291 20
+2 12
cfn=(3280)
calls=4 1105 
* 28
* 12

fn=(2062)
1268 28
+3 12
cfn=(2064)
calls=4 1105 
* 28
* 16
cfn=(2064)
calls=4 1105 
* 28
* 28

fn=(2112)
1027 410
+1 574

fn=(2382)
1105 120
+1 90

fn=(2394)
1033 36
+4 18
cfn=(2382)
calls=6 +68 
* 42
* 36

fn=(2400)
1027 7695
+1 10773

fn=(3172)
1052 44
+2 55
+1 11
+1 22

fn=(3296)
1090 18
+1 28
cfn=(3268)
calls=2 -64 
* 24
* 12

fl=(198)
fn=(3580)
156 205274616
+1 342124360
+1 68424872

fn=(3588) Matrix::g(unsigned int, unsigned int) const
146 9284184
+1 17021004
+1 3094728

fn=(3594)
111 30947292
+1 15473646
+1 15473646

fn=(3598)
32 6
+1 5
cob=(2)
cfi=(51)
cfn=(3506)
calls=1 -33 
* 308
* 3
+1 5
cob=(2)
cfi=(51)
cfn=(3506)
calls=1 -34 
* 310
* 3
+1 5
cob=(2)
cfi=(51)
cfn=(3506)
calls=1 -35 
* 310
* 3
+1 3
+1 3
+1 2
+2 3

fn=(3562)
10 9
+1 3
+1 3
+1 3
+1 3
+1 3
+1 3
+2 3

fn=(3590) Matrix::b(unsigned int, unsigned int) const
151 9284184
+1 17021004
+1 3094728

fn=(3784)
136 4
+1 2
+1 2

fn=(3726)
92 25
+2 20
+1 40
cob=(2)
cfi=(51)
cfn=(3728)
calls=5 -95 
* 762
+1 10
+2 20
+1 40
cob=(2)
cfi=(51)
cfn=(3728)
calls=5 -99 
* 864
+1 10
+2 20
+1 40
cob=(2)
cfi=(51)
cfn=(3728)
calls=5 0 
* 832
+1 10
+3 50
+1 15

fn=(3782)
131 4
+1 2
+1 2

fn=(3584)
166 205274616
+1 342124360
+1 68424872

fn=(3780)
126 4
+1 2
+1 2

fn=(1298) __static_initialization_and_destruction_0(int, int)
168 10
fi=(197)
-94 3
cob=(2)
cfi=(51)
cfn=(1292)
calls=1 -74 
* 27
* 7
cob=(2)
cfi=(51)
cfn=(1294)
calls=1 -74 
* 77
fe=(198)
+94 3

fn=(1296) _GLOBAL__sub_I__ZN6MatrixC2EPhS0_S0_jjj
168 6
cfn=(1298)
calls=1 * 
* 127
* 2

fn=(3578)
42 18
+1 24
cob=(2)
cfi=(51)
cfn=(3506)
calls=3 -43 
* 1266
* 9
+1 24
cob=(2)
cfi=(51)
cfn=(3506)
calls=3 -44 
* 1140
* 9
+1 24
cob=(2)
cfi=(51)
cfn=(3506)
calls=3 -45 
* 978
* 9
+1 12
+1 12
+1 12
+2 6
+1 4056
+1 9284184
cfn=(3580)
calls=1547364 156 
* 27852552
* 10831548
cfn=(3582)
calls=1547364 161 
* 27852552
* 10831548
cfn=(3584)
calls=1547364 166 
* 27852552
* 1547364
+1 9284184
cfn=(3586) Matrix::r(unsigned int, unsigned int) const
calls=1547364 +88 
* 29399916
* 10831548
cfn=(3588)
calls=1547364 +93 
* 29399916
* 10831548
cfn=(3590)
calls=1547364 +98 
* 29399916
* 1547364
+2 4642092
+1 4642092
+1 4642092
-6 9294324
-1 12183
+10 12

fn=(3582)
161 205274616
+1 342124360
+1 68424872

fn=(3586)
141 9284184
+1 17021004
+1 3094728

fn=(3778)
121 4
+1 2
+1 2

fn=(3596)
116 30947292
+1 15473646
+1 15473646

ob=(3)
fl=(187)
fn=(1090)
83 2
+3 2
+1 2
+1 2
+16 2
+2 2
+1 2
+2 2
+1 2
+1 2
+1 2
+1 2
+2 1
+1 1
+1 1
+1 1
+1 1
+1 1
+1 1
+1 1
+4 1
+1 1
+13 1
+1 1
+1 1
+3 2
656 3
+2 3
+1 2
+1 2
+1 2
+2 2
+1 2
+6 2
+1 2
+3 2
+1 2
+7 2
+66 1
+1 1
+23 1
+1 1
+24 1
+1 1
+23 1
+1 1
+1 1
+1 1
+1 1
+1 1
+1 1
+1 1
+2 1
+1 1
+1 1
+2 1
+4 1
+1 1
+7 1
+1 1
+6 1
+1 1
+2 1
+1 1

fl=(179) ./elf/./elf/dl-profstub.c
fn=(766) _dl_mcount_wrapper_check
36 128
+1 128
-1 128
+1 256
+2 128

fl=(186) ./stdlib/./stdlib/getenv.c
fn=(1086) getenv
34 8
+4 8
+3 2
+50 9
-26 1
cob=(2)
cfi=(51)
cfn=(782)
calls=1 -65 
* 16
+10 1
-8 1
+6 1
-8 1
+7 1
+3 122
+9 68
cob=(2)
cfi=(51)
cfn=(1088)
calls=2 -84 
* 95
* 4

fl=(301) ./malloc/./malloc/thread-freeres.c
fn=(3674) __libc_thread_freeres
34 32
+2 16
cfi=(302) ./sunrpc/./sunrpc/rpc_thread.c
cfn=(3676) __rpc_thread_destroy
calls=16 -15 
* 192
+2 16
cfi=(303) ./resolv/./resolv/res-close.c
cfn=(3678) __res_thread_freeres
calls=16 +93 
* 496
fi=(305) ./malloc/../sysdeps/unix/sysv/linux/tls-internal.h
-4 48
cob=(2)
cfi=(51)
cfn=(1682)
calls=16 -34 
* 96
+1 48
cob=(2)
cfi=(51)
cfn=(1682)
calls=16 -35 
* 96
fe=(301)
+5 16
cfi=(306) ./dlfcn/./dlfcn/libc_dlerror_result.c
cfn=(3684) __libc_dlerror_result_free
calls=16 -11 
* 128
+5 16
-1 16
cfi=(189) ./malloc/./malloc/arena.c
cfn=(3686) __malloc_arena_thread_freeres
calls=16 999 
* 432

fl=(128)
fn=(408)
31 1
fi=(124) ./string/../sysdeps/x86_64/multiarch/ifunc-evex.h
+4 5
-1 2
+2 3
+5 2
-3 2
+9 3
+3 4
fe=(128)
-19 1

fl=(302)
fn=(3676)
21 64
+1 32
+2 32
+15 64

fl=(118)
fn=(380)
29 3
fi=(84) ./string/../sysdeps/x86_64/multiarch/ifunc-avx2.h
+4 15
-1 6
+2 9
+2 6
+4 9
+3 12
fe=(118)
-14 3

fl=(100)
fn=(336)
31 1
fi=(101) ./string/../sysdeps/x86_64/multiarch/ifunc-strcpy.h
+5 2
+1 1
-1 2
+1 2
+2 2
+4 3
+3 3
fe=(100)
-15 1

fl=(222)
fn=(1548)
32 190
+3 950
+7 190

fl=(127)
fn=(406)
31 1
fi=(335) ./string/../sysdeps/x86_64/multiarch/ifunc-strcasecmp.h
+1 5
fe=(127)
-1 1

fl=(220)
fn=(1478)
51 19
+2 19
+1 19
+1 19
+1 19
+1 19
+3 19
+1 19
+4 19
+1 19
+1 19
+1 19
+1 19
+1 19
+1 19
+1 19
+3 19
+1 19
+2 16
+1 32
+20 3
+1 6

fn=(3752)
51 7
+2 7
+1 7
+1 7
+1 7
+1 7
+3 7
+1 7
+4 7
+1 7
+1 7
+1 7
+1 7
+1 7
+1 7
+1 7
+6 7
+1 14

fl=(102)
fn=(340)
31 2
fi=(103) ./wcsmbs/../sysdeps/x86_64/multiarch/ifunc-evex.h
+4 10
-1 4
+2 6
+5 4
-3 4
+9 6
+3 8
fe=(102)
-19 2

fl=(285) ./nptl/./nptl/pthread_getattr_default_np.c
fn=(3620) pthread_getattr_default_np@@GLIBC_2.34
24 32
+1 16
-1 16
+1 16
-1 16
+1 32
+1 48
cfi=(286) ./nptl/./nptl/pthread_attr_copy.c
cfn=(3622) __pthread_attr_copy
calls=16 -1 
* 672
+1 64
+2 48

fl=(288) ./misc/../sysdeps/unix/sysv/linux/getpagesize.c
fn=(3626) getpagesize
27 32
+1 128
+2 32

fl=(91)
fn=(310)
29 1
fi=(88) ./wcsmbs/../sysdeps/x86_64/multiarch/ifunc-wcslen.h
+5 4
-1 2
+2 3
+2 2
+4 3
+3 3
fe=(91)
-15 1

fl=(106)
fn=(348)
29 1
fi=(336) ./string/../sysdeps/x86_64/multiarch/ifunc-sse4_2.h
+1 5
fe=(106)
-1 1

fl=(125)
fn=(400)
29 1
fi=(336)
+1 5
fe=(125)
-1 1

fl=(188)
fn=(1614) sysmalloc_mmap.constprop.0
2420 24
+13 24
+5 16
+3 72
cfi=(224) ./misc/../sysdeps/unix/sysv/linux/mmap64.c
cfn=(1616) mmap
calls=8 47 
* 72
* 8
+3 16
+4 16
2028 32
2466 24
+19 8
-1 8
+5 8
-4 16
+4 16
+1 32
+3 24
+1 40
+5 40

fn=(3638)
3624 24
+10 12
-10 48
+10 96
+8 24
+3 36
+2 36
+3 88
+7 11
+8 11
-7 22
+7 22
+14 36
cfn=(1114) _int_malloc
calls=12 1343 
* 2102
+2 60
fi=(189)
162 36
fe=(188)
3681 24
+3 36
+2 22
+12 24
+11 12
+5 12
-2 24
-3 12
+12 48
-20 48
+31 12
+2 24
+2 24
-43 22
+1 44
-37 1
+1 3
+7 1
+97 12
-25 24
+25 48
-25 12
cob=(2)
cfi=(51)
cfn=(3642)
calls=12 0 
* 456

fn=(1112) tcache_init.part.0
3235 3
+9 8
+1 3
cfn=(1114)
calls=1 1343 
* 367
* 1
+1 2
+8 4
+7 2
+2 1
+1 2
-1 1
+1 86
+3 4

fn=(1116) sysmalloc
2548 171
+20 76
+11 38
+1 49
+26 11
+1 33
+1 11
+9 84
+6 33
+3 33
2941 22
+1 11
+5 22
+3 22
+5 22
-2 11
+2 11
-1 11
+1 11
-3 11
+3 11
+1 11
-1 33
+1 11
+2 22
2581 24
+4 24
+9 32
cfn=(1614)
calls=8 2420 
* 496
+1 16
2964 209
2687 22
+9 44
+13 33
+8 55
+8 22
+39 22
+2 33
+6 42
+1 10
2946 10
2773 30
+2 2
2896 1
-1 1
+1 3
+1 1
+11 2
fi=(189)
565 11
fe=(188)
2727 11
cfi=(191) ./malloc/./malloc/morecore.c
cfn=(1120) __glibc_morecore
calls=11 25 
* 487
+1 22
-1 11
+1 11
2028 11
2729 11
2028 11
2729 11
2028 22
2730 11
+3 22
+33 22
2610 22
2775 2
+40 3
+22 1
+1 1
-1 1
+1 6
+2 2
+1 3
cfi=(191)
cfn=(1120)
calls=1 25 
* 28
+12 2
-12 1
+12 1
2028 4
2897 4
2765 2
-52 3

fn=(1620) munmap_chunk
3044 8
+2 8
-1 8
+1 8
-1 8
+1 8
+2 16
+4 8
-1 16
+7 8
-8 8
+8 8
-6 8
+7 8
-1 16
+1 32
+3 8
+1 24
+5 8
+1 8
-1 8
cfi=(225) ./misc/../sysdeps/unix/syscall-template.S
cfn=(1622) munmap
calls=8 117 
* 48

fn=(1102)
3287 9246
+7 3082
1343 3080
+19 6164
3306 6164
+3 3080
+10 159
+8 32
+2 12
cfn=(1114)
calls=4 1343 
* 1270
+3 8
+8 16
+4 20
fi=(189)
162 12
fe=(188)
3344 8
+3 265
1362 63
3304 189
-63 4
cfn=(1112)
calls=1 -6 
* 484
+68 2
+2 4533
3193 2976
+1 2976
+2 1488
+1 1488
-1 4464
+1 1488
+1 1488
3347 7440
-26 196
cfn=(1114)
calls=49 1343 
* 11209
+1 245
fi=(189)
162 82
315 1
cfn=(1106) ptmalloc_init.part.0
calls=1 -2 
* 1128
fe=(188)
1343 2

fn=(1610) _int_free
4421 12320
+10 1540
-10 4620
+10 3080
+6 7700
+1 3080
+4 6160
+8 7700
-1 3080
+1 3080
+29 1519
-20 1519
-6 1519
+6 3038
+20 6076
+14 44
4702 16940
4569 44
+3 22
+3 80
+7 8
-4 8
+4 30
-4 14
+4 28
+3 44
+5 66
+3 44
+1 44
+1 44
2012 66
4601 44
+1 14
+2 14
-1 14
+2 56
+2 28
cfn=(1612) unlink_chunk.constprop.0
calls=14 1626 
* 415
+3 44
+5 36
+4 18
+9 18
-1 18
+1 54
+1 36
+2 18
+2 36
+5 18
+1 18
+2 54
+1 18
+30 44
+20 66
+1 56
3181 1518
+4 1518
-4 1518
+2 6072
+1 1518
+1 1518
4482 1518
4635 51
+38 42
+3 28
+2 14
-2 14
-23 4
+1 12
+1 8
-79 70
+11 66
-2 44
+93 56
+2 2
cfn=(1618) systrim.constprop.0
calls=1 2986 
* 149
* 1

fn=(1612)
1626 22
+2 110
+3 44
+1 22
-1 66
+3 88
+3 22
+1 22
+1 110
+2 26
+1 78
+3 26
+14 13
+1 26
+3 44

fn=(1114)
1343 132
3771 66
1362 66
3771 528
1362 132
3811 4
+27 4
+66 35
+2 35
-2 35
+2 70
1362 128
3811 128
4397 128
3838 128
+63 112
+62 1150
+1 93
+1 2
3838 4
1362 2
3843 4
+2 4
+8 24
-10 8
+2 46
4399 70
3903 35
4399 455
3983 35
+1 35
-1 70
-1 70
+2 70
-1 31
+1 31
-1 62
-1 62
+2 62
-2 195
+12 65
-6 65
+73 260
-67 196
-6 1
+73 4
-67 3
4158 41
-91 41
+91 82
-91 41
-74 41
3181 41
4067 41
3181 82
4025 82
3183 82
3997 164
+1 41
+2 82
-3 12
+1 3
+2 6
+1 132
+2 44
+1 176
+2 176
-10 44
+12 88
+1 88
+2 88
+11 152
+31 17
+1 17
+4 34
+29 32
+2 6
+1 9
+1 3
-1 3
+57 3
+2 6
-2 6
+2 3
+7 3
-9 9
+9 3
-7 3
+1 3
+1 3
+6 6
-10 13
+2 26
-2 26
+2 13
+7 13
-9 39
+9 13
-7 13
+1 13
+1 13
+6 26
2005 3
4413 594
4060 1
+1 1
-1 1
+1 2
+5 1
-21 1
+21 1
2005 2
4095 169
+1 6
+1 2
-1 2
+4 4
-4 33
+1 11
-1 11
+4 22
+66 48
3994 48
4183 76
+2 90
+3 30
-3 30
+3 60
+68 76
+1 38
+1 38
-1 38
+1 38
+1 76
+1 114
+5 116
+16 71
+2 142
-4 178
+8 18
+3 36
+2 10
+1 10
+1 10
-2 40
-27 10
3963 88
4144 39
4023 62
+1 56
+5 27
-1 54
+3 27
-1 27
+1 54
+1 27
+1 54
+2 46
+4 23
+6 23
-6 161
+2 69
+1 23
2005 69
4039 4
+6 4
-6 28
+2 12
+1 4
2005 12
4269 114
+3 52
-3 30
+3 32
-3 8
+3 6
+97 30
+1 60
+2 60
+3 128
+17 57
3904 75
4299 24
+3 16
+2 8
+3 16
-3 8
+3 16
cfn=(1612)
calls=8 1626 
* 304
+3 32
+15 16
-5 8
+5 16
+1 16
+3 8
+1 8
+1 8
+3 16
+1 5
+1 16
+2 14
+3 56
+2 21
+1 7
2005 7
4347 7
2005 14
4341 8
+2 3
+1 1
2005 1
4347 1
2005 2
4272 7
+2 28
+1 14
-1 4
+1 2
-3 2
4380 11
-2 22
+2 11
-1 11
+6 11
-5 11
-3 11
+3 11
+2 11
-2 44
2005 11
4382 11
2005 22
4407 76
cfn=(1116)
calls=19 2548 
* 2675
* 19
+1 38
2005 57

fn=(1606)
3352 1772
+4 3544
-4 1548
+14 1548
-14 3096
+12 1548
+4 1548
-4 1548
+4 3096
+17 4620
fi=(189)
162 4620
fe=(188)
3391 3080
cfn=(1610)
calls=1540 4421 
* 100435
+3 1540
+1 6160
-23 24
+2 30
+2 7
+1 7
-1 7
+1 7
+1 7
+3 14
cfn=(1620)
calls=7 3044 
* 245
* 2
cfn=(1620)
calls=1 3044 
* 35
+13 8
+1 256

fn=(1618)
2986 1
-9 3
+9 2
+2 1
+1 2
+5 1
+1 1
-1 2
+4 5
+2 2
+40 4
-33 2
cfi=(191)
cfn=(1120)
calls=1 25 
* 28
* 1
+1 4
+12 3
cfi=(191)
cfn=(1120)
calls=1 25 
* 45
+1 2
cfi=(191)
cfn=(1120)
calls=1 25 
* 28
+2 1
+2 2
+4 2
+4 2
-1 1
+1 2
+2 2

fl=(119)
fn=(384)
29 1
fi=(101)
+7 2
+1 1
-1 2
+1 2
+2 2
+4 3
+3 3
fe=(119)
-17 1

fl=(191)
fn=(1120)
25 15
+1 30
-1 15
+4 15
cfi=(192) ./misc/./misc/sbrk.c
cfn=(1122) sbrk
calls=15 +8 
* 481
+1 30
+4 30

fl=(214)
fn=(1452)
85 12
-20 2
+20 4
-20 2
cob=(2)
cfi=(51)
cfn=(1454)
calls=2 -65 
* 230
+2 6
+3 2
+2 4
-2 2
+2 10
cfi=(215) ./libio/./libio/genops.c
cfn=(1456) _IO_no_init
calls=2 563 
* 110
+1 2
+1 2
-1 2
+1 2
cfi=(216) ./libio/./libio/fileops.c
cfn=(1460) _IO_new_file_init_internal
calls=2 +32 
* 226
+1 10
cfi=(216)
cfn=(1468) _IO_file_fopen@@GLIBC_2.2.5
calls=2 213 
* 455
* 4
-38 4
+50 14

fl=(314) ./stdio-common/./stdio-common/vfprintf-internal.c
fn=(3748) __vfprintf_internal
1180 36
+30 15
+8 10
+4 15
+11 6
+11 3
fi=(337) ./stdio-common/./stdio-common/printf-parse.h
111 6
fe=(314)
1244 15
fi=(337)
111 3
cob=(2)
cfi=(51)
cfn=(3750)
calls=3 0 
* 63
fe=(314)
1259 3
fi=(337)
111 3
fe=(314)
1259 9
239 3
fi=(338) ./stdio-common/../libio/libioP.h
940 3
fe=(314)
1263 3
fi=(338)
942 3
-2 3
fe=(314)
1263 3
fi=(338)
940 6
+2 6
+1 6
fe=(314)
239 12
cfi=(216)
cfn=(3754) _IO_file_xsputn@@GLIBC_2.2.5
calls=3 1197 
* 60
* 6
127 27
1263 6
+4 9
+4 24
1532 3
1214 3
+34 3
-8 3
1532 9
+23 3
-39 3
+39 3
-39 3
+39 6
1313 60
+39 4
-51 4
-1 4
-1 4
-1 4
+5 4
1501 4
fi=(337)
88 4
fe=(314)
1352 4
-46 4
-4 4
+50 4
1501 4
1295 4
-1 4
-1 4
-1 4
-1 4
+16 8
1608 6
+1 6
+3 36
-4 27
1218 4
+41 12
cfi=(217) ./nptl/./nptl/libc-cleanup.c
cfn=(1464) __libc_cleanup_push_defer
calls=3 24 
* 30
+1 39
-1 6
1609 6
cfi=(217)
cfn=(1466) __libc_cleanup_pop_restore
calls=3 39 
* 24
+2 3
-47 1
-47 22
1392 6
1516 45
cfi=(318) ./stdio-common/./stdio-common/_itoa.c
cfn=(3776) _itoa_word
calls=3 163 
* 162
* 93
192 6
+47 3
fi=(338)
942 9
+1 6
fe=(314)
239 12
cfi=(216)
cfn=(3754)
calls=3 1197 
* 204
* 6
127 46
1517 8
+72 4
fi=(337)
111 4
fe=(314)
1583 4
fi=(337)
111 8
cob=(2)
cfi=(51)
cfn=(3750)
calls=4 0 
* 84
fe=(314)
239 4
fi=(338)
942 4
fe=(314)
1593 4
fi=(337)
111 4
fi=(338)
942 4
fe=(314)
1593 4
fi=(338)
942 4
+1 8
fe=(314)
239 16
cfi=(216)
cfn=(3754)
calls=4 1197 
* 264
* 8
127 52
1593 8
+2 11
-79 75
192 6
1516 39
+1 2
cob=(2)
cfi=(51)
cfn=(782)
calls=1 0 
* 16
* 2
239 1
fi=(338)
942 3
+1 2
fe=(314)
239 4
cfi=(216)
cfn=(3754)
calls=1 1197 
* 717
* 2
127 6
1516 6

fl=(185)
fn=(1084)
28 1
+1 5
cfi=(186)
cfn=(1086)
calls=1 +5 
* 338

fl=(326)
fn=(3918)
32 10
+1 20
-1 30
+7 140
+1 10
fi=(228) ./libio/./libio/libioP.h
940 30
+2 20
+1 20
fe=(326)
40 20
cfi=(216)
cfn=(3920) _IO_file_sync@@GLIBC_2.2.5
calls=10 792 
* 180
* 20
fi=(228)
883 20
+1 90
fe=(326)
44 50

fl=(85)
fn=(298)
29 1
fi=(336)
+1 5
fe=(85)
-1 1

fl=(107)
fn=(350)
43 1
-6 5
+6 1

fl=(292)
fn=(3648)
367 17
51 51
+1 34
367 17
57 34
+8 17
-3 17
-23 17
+1 34
+3 64
+27 17
369 34
40 51
+1 2
+33 34
+6 68
+4 51
+3 51

fl=(204) ./setjmp/./setjmp/sigjmp.c
fn=(1320) __sigjmp_save
28 51
+2 34
-1 17
+5 51

fl=(120)
fn=(388)
29 1
fi=(121) ./wcsmbs/../sysdeps/x86_64/multiarch/ifunc-memcmp.h
+5 2
+1 1
-1 2
+1 2
+1 2
+1 3
+2 2
+4 3
+3 3
fe=(120)
-17 1

fl=(218) ./io/../sysdeps/unix/sysv/linux/open64.c
fn=(1472) open
30 4
+3 2
-3 16
+3 8
+8 13
+2 14
-7 2
+1 1
-1 3
+2 2
+3 1
cfi=(311) ./nptl/./nptl/cancellation.c
cfn=(3702) __pthread_enable_asynccancel
calls=1 -10 
* 13
* 12
cfi=(311)
cfn=(3704) __pthread_disable_asynccancel
calls=1 +15 
* 6
* 2

fl=(175)
fn=(750)
30 2
+1 6
+2 4
+3 4
+1 2
+28 6
+1 6
+2 6
+4 6
+1 2

fl=(229)
fn=(1756)
60 4
+7 4
+2 4
+3 4
+1 4
+2 4
+1 4
+1 4
+1 4
+3 4
+1 4
+3 4
+1 4
+2 4
+1 4
+1 3
+1 3
+1 6
+58 1
+1 1
+1 1
+1 2
+32 1
+1 1
+1 1
+2 1
+10 1
+1 1
+3 1
+1 1
+2 1
+1 1

fl=(155) ./ctype/./ctype/ctype-info.c
fn=(512) __ctype_init
29 17
+2 119
+2 68
+2 68
+1 17

fl=(94)
fn=(318)
31 2
fi=(95) ./wcsmbs/../sysdeps/x86_64/multiarch/ifunc-avx2.h
+2 10
-1 4
+2 6
+2 4
+4 6
+3 8
fe=(94)
-12 2

fl=(182)
fn=(784)
50 1562
+13 1562
+1 1562
+1 1562
+3 1562
+2 1562
+1 1562
+3 1562
+1 1562
+8 1562
+1 1562
+1 1562
+5 3124

fl=(89)
fn=(306)
29 1
fi=(90) ./string/../sysdeps/x86_64/multiarch/ifunc-memset.h
+21 5
+3 3
+7 2
+9 2
+2 2
+10 2
+8 2
+2 5
fe=(89)

fl=(97)
fn=(324)
28 1
fi=(84)
+5 5
-1 2
+2 3
+2 2
+4 3
+3 4
fe=(97)
-15 1

fl=(315) ./libio/./libio/filedoalloc.c
fn=(3760) _IO_file_doallocate
78 9
+6 4
fi=(228)
940 3
+2 2
+1 2
fe=(315)
84 3
cfi=(216)
cfn=(3762) _IO_file_stat
calls=1 1146 
* 18
* 2
+2 4
+11 4
+4 2
cob=(2)
cfi=(51)
cfn=(1454)
calls=1 0 
* 410
* 1
+1 2
+2 4
cfi=(215)
cfn=(1674) _IO_setb
calls=1 329 
* 24
+1 1
+1 8

fl=(324) ./posix/./posix/register-atfork.c
fn=(3826) __unregister_atfork
76 10
+1 5
-1 5
+1 15
fi=(325) ./posix/../malloc/dynarray-skeleton.c
243 5
fe=(324)
65 10
+38 20
+1 10

fl=(201) ./csu/../sysdeps/nptl/libc_start_call_main.h
fn=(1314) (below main)
29 4
+15 1
-15 5
+15 1
cfi=(202) ./setjmp/../sysdeps/x86_64/bsd-_setjmp.S
cfn=(1316) _setjmp
calls=1 -16 
* 34
* 1
+2 2
+5 2
+1 2
+3 2
+3 6
cob=(8)
cfi=(196)
cfn=(1322)
calls=1 -46 
* 499544381
* 1
+16 1
cfi=(321) ./stdlib/./stdlib/exit.c
cfn=(3808) exit
calls=1 +68 
* 11873

fl=(110)
fn=(358)
29 3
fi=(111) ./string/../sysdeps/x86_64/multiarch/ifunc-memcmp.h
+5 6
+1 3
-1 6
+1 6
+1 6
+1 9
+2 6
+4 9
+3 9
fe=(110)
-17 3

fl=(122)
fn=(392)
33 1
fi=(101)
+3 2
+1 1
-1 2
+1 2
+2 2
+4 3
+3 3
fe=(122)
-13 1

fl=(189)
fn=(1106)
313 1
fi=(188)
3162 3
fe=(189)
313 5
+5 1
fi=(188)
3162 2
cfi=(190) ./stdlib/../sysdeps/unix/sysv/linux/getrandom.c
cfn=(1108) getrandom
calls=1 28 
* 9
* 2
fe=(189)
343 2
+4 3
fi=(188)
1966 4
+3 1
-3 1
+3 2
-3 2
+3 126
-3 126
+3 252
-3 252
fe=(189)
352 3
fi=(188)
1977 1
+1 1
+2 1
fe=(189)
352 1
cob=(2)
cfi=(51)
cfn=(520)
calls=1 0 
* 23
+1 4
cob=(2)
cfi=(51)
cfn=(520)
calls=1 0 
* 22
+1 4
cob=(2)
cfi=(51)
cfn=(520)
calls=1 0 
* 23
+1 4
cob=(2)
cfi=(51)
cfn=(520)
calls=1 0 
* 23
+1 4
cob=(2)
cfi=(51)
cfn=(520)
calls=1 0 
* 22
+1 4
cob=(2)
cfi=(51)
cfn=(520)
calls=1 0 
* 23
+1 4
cob=(2)
cfi=(51)
cfn=(520)
calls=1 0 
* 23
+2 4
cob=(2)
cfi=(51)
cfn=(520)
calls=1 0 
* 23
+1 4
cob=(2)
cfi=(51)
cfn=(520)
calls=1 0 
* 23
+1 4
cob=(2)
cfi=(51)
cfn=(520)
calls=1 0 
* 23
+3 4
cob=(2)
cfi=(51)
cfn=(520)
calls=1 0 
* 23
+1 4
cob=(2)
cfi=(51)
cfn=(520)
calls=1 0 
* 23
+1 2
+63 7

fn=(3686)
999 128
fi=(188)
3206 16
+2 16
-2 16
+2 16
+2 32
fe=(189)
1005 32
+1 16
+2 32
+13 128

fl=(295) ./misc/../sysdeps/unix/sysv/linux/x86_64/clone3.S
fn=(3658) clone3
42 16
+2 16
+1 16
+1 16
+1 16
+1 16
+4 16
+3 16
+5 16
+2 16
+1 16
+26 80

fl=(309) ./nptl/./nptl/pthread_join_common.c
fn=(3698) __pthread_clockjoin_ex
39 176
+4 96
+5 32
+4 64
+3 16
+2 32
+1 32
+19 64
+10 32
+30 16
+4 16
+3 32
+4 48
cfi=(312) ./nptl/./nptl/nptl_free_tcb.c
cfn=(3706) __nptl_free_tcb
calls=16 25 
* 4670
+5 16
+3 192
-44 48
+5 16
-5 16
cfi=(172) ./nptl/./nptl/cleanup_compat.c
cfn=(660) _pthread_cleanup_push@@GLIBC_2.34
calls=16 -67 
* 112
+5 16
+8 25
cfi=(310) ./nptl/./nptl/futex-internal.c
cfn=(3700) __futex_abstimed_wait_cancelable64
calls=5 +33 
* 345
* 5
+2 20
-10 63
+17 48
cfi=(172)
cfn=(676) _pthread_cleanup_pop@@GLIBC_2.34
calls=16 -74 
* 96
* 16

fl=(96)
fn=(322)
61 2
-20 4
+1 2
-1 4
-1 4
+2 4
+2 4
+4 6
+3 6
+10 2

fl=(116)
fn=(374)
29 1
fi=(101)
+7 2
+1 1
-1 2
+1 2
+2 2
+4 3
+3 3
fe=(116)
-17 1

fl=(123)
fn=(396)
29 2
fi=(124)
+6 10
-1 4
+2 6
+5 4
-3 4
+9 6
+3 8
fe=(123)
-21 2

fl=(312)
fn=(3706)
25 16
+2 64
-2 32
+5 48
+11 16
+2 16
-2 16
cfi=(293) ./nptl/./nptl/nptl-stack.c
cfn=(3708) __nptl_deallocate_stack
calls=16 +70 
* 4462

fl=(181)
fn=(780)
26 70
+7 10
-7 30
+3 10
cob=(2)
cfi=(51)
cfn=(782)
calls=10 -29 
* 160
+3 10
-3 10
+3 10
+1 10
+7 48
+1 96
-8 48
+2 96
cob=(2)
cfi=(51)
cfn=(782)
calls=48 -35 
* 768
* 20
cob=(2)
cfi=(51)
cfn=(782)
calls=10 -35 
* 160
* 58
+2 312
cob=(2)
cfi=(51)
cfn=(786)
calls=49 -37 
* 1146
* 98
+8 10
+1 10
+1 80

fl=(264)
fn=(2572)
53 741
+2 741
+1 741
+1 741
+2 741
+7 741
+2 741
+1 741
+1 741
+2 494
+1 494
+2 494
+1 494
+1 494
+4 494
+1 494
+1 494
+6 494
304 247
+1 247
+1 247
+1 247
+4 247
+4 247
+38 741
+1 741
+1 741
+1 741
+1 741
+1 741
+1 741
+1 741
+1 741
+1 741
+1 741
+1 741
+1 741
+1 6
+2 6
+3 6
+1 6
+1 6
+3 12
496 494
+1 494
+1 494
+1 494
+4 247
+1 247
+1 247
+24 494
+1 494
+10 247
+1 247
+8 735
+1 735
+2 735
+3 735
+1 735
+1 735
+2 1470

fl=(283)
fn=(3616)
621 128
+6 16
-6 112
+6 32
+10 64
+2 48
cfi=(285)
cfn=(3620)
calls=16 24 
* 960
* 16
+1 32
+2 32
fi=(287) ./nptl/./nptl/allocatestack.c
220 16
cfi=(288)
cfn=(3626)
calls=16 27 
* 96
fi=(289) ./nptl/./nptl-stack.h
58 16
fi=(287)
220 32
fi=(289)
58 16
fi=(287)
220 16
fi=(289)
58 128
fi=(287)
224 32
+5 48
+10 32
+94 48
+4 32
+10 96
+4 32
fe=(283)
889 32
+1 32
cfi=(297) ./nptl/./nptl/pthread_attr_destroy.c
cfn=(3662) pthread_attr_destroy
calls=16 26 
* 96
+3 320
fi=(287)
351 32
+5 48
+1 16
-2 32
63 64
333 16
71 16
333 32
-1 32
71 48
-11 12
+16 24
-1 4
+3 4
+15 16
+9 4
+3 20
cfi=(293)
cfn=(3718) __nptl_stack_list_del
calls=4 -78 
* 36
+3 12
cfi=(293)
cfn=(3650) __nptl_stack_list_add
calls=4 -66 
* 56
+3 12
+3 16
+3 4
+18 4
-12 4
-1 4
+1 4
+9 4
-15 4
+19 4
-18 4
+3 4
+3 4
-6 4
+7 4
+3 4
+3 4
+1 4
+4 8
+1 20
cob=(2)
cfi=(51)
cfn=(1682)
calls=4 0 
* 24
* 300
cob=(2)
cfi=(51)
cfn=(1682)
calls=60 0 
* 360
-1 192
+2 20
cob=(2)
cfi=(51)
cfn=(3642)
calls=4 0 
* 152
+3 12
cob=(2)
cfi=(51)
cfn=(3720)
calls=4 0 
* 2305
478 48
+29 80
+38 16
fe=(283)
747 16
fi=(287)
545 16
+15 16
fe=(283)
666 16
fi=(287)
-90 16
-16 16
+11 32
-21 16
+21 16
fe=(283)
675 16
fi=(287)
560 16
-5 16
+21 16
fe=(283)
+93 16
+12 16
-6 16
+1 16
-40 16
fi=(287)
-76 16
fe=(283)
681 16
-4 16
+4 16
-5 16
fi=(287)
558 16
fe=(283)
680 16
+2 48
+4 16
-5 16
+14 16
-14 48
+11 32
+3 16
-3 16
-11 16
+11 16
+3 32
+5 16
+1 16
-1 16
+1 16
+4 32
+5 32
fi=(339) ./nptl/../sysdeps/x86/nptl/tls-setup.h
22 32
fe=(283)
722 32
+21 32
+4 32
+2 16
+10 16
fi=(340) ./nptl/../sysdeps/unix/sysv/linux/internal-signals.h
76 64
fe=(283)
764 16
fi=(340)
76 32
fe=(283)
764 16
fi=(340)
76 16
fe=(283)
772 48
604 64
828 96
cfn=(3654) create_thread
calls=16 234 
* 2208
* 16
fi=(340)
110 96
fe=(283)
835 32
+40 32
+10 32
81 3
fi=(307) ./nptl/../sysdeps/unix/sysv/linux/sigsetops.h
-27 1
fe=(283)
+25 1
+1 1
-1 1
+2 1
cfi=(284) ./signal/../sysdeps/unix/sysv/linux/libc_sigaction.c
cfn=(3618) __libc_sigaction
calls=1 -38 
* 51
+7 2
fi=(307)
+16 1
fe=(283)
-16 1
fi=(307)
+16 1
fe=(283)
-16 3
630 2
783 240
fi=(307)
112 16
fe=(283)
783 16
fi=(307)
113 16
fe=(283)
835 2
-91 2
cfi=(215)
cfn=(3652) _IO_enable_locks
calls=2 518 
* 27
* 4
fi=(287)
96 48
370 144
cfi=(224)
cfn=(1616)
calls=12 47 
* 108
+3 36
-3 12
+3 24
+5 24
+5 24
+10 12
-9 12
+9 24
167 12
+4 36
-4 12
+4 12
cfi=(225)
cfn=(3630) mprotect
calls=12 -54 
* 72
* 36
405 12
+12 12
+13 12
-3 12
-22 12
+9 24
-8 12
+13 12
+11 12
cob=(2)
cfi=(51)
cfn=(3632)
calls=12 0 
* 8178
* 24
+13 48
+3 60
cfi=(293)
cfn=(3650)
calls=12 42 
* 168
+2 48
+7 60
80 8
fe=(283)

fn=(3664) start_thread
336 96
+7 24
+22 48
+3 12
cfi=(155)
cfn=(512)
calls=12 29 
* 204
+4 12
fi=(298) ./nptl/../sysdeps/unix/sysv/linux/rseq-internal.h
32 36
+8 12
fe=(283)
373 24
+10 60
+17 24
cfi=(202)
cfn=(1316)
calls=12 28 
* 408
* 12
+14 12
+4 12
-18 12
+14 12
+4 48
+3 24
+3 24
+2 12
fi=(340)
110 48
fe=(283)
426 12
fi=(340)
110 12
fe=(283)
428 12
+4 24
+11 12
+7 12
cfi=(299) ./stdlib/./stdlib/cxa_thread_atexit_impl.c
cfn=(3670) __call_tls_dtors
calls=12 149 
* 144
+3 12
cfi=(300) ./nptl/./nptl/nptl_deallocate_tsd.c
cfn=(3672) __nptl_deallocate_tsd
calls=12 23 
* 72
+3 12
cfi=(301)
cfn=(3674)
calls=12 34 
* 1236
+3 36
+31 24
+2 48
fi=(307)
112 12
fe=(283)
506 36
fi=(307)
112 24
fe=(283)
505 12
+1 24
+7 60
+1 12
+1 12
-1 12
+1 36
+35 36
fi=(287)
190 12
cfi=(288)
cfn=(3626)
calls=12 27 
* 72
fe=(283)
551 12
fi=(287)
190 12
+2 12
fe=(283)
551 12
fi=(287)
192 48
+1 24
+1 24
fe=(283)
554 36
+17 36
+23 30
442 36
cob=(8)
cfi=(200)
cfn=(3724)
calls=4 87 
* 954771296
cob=(8)
cfi=(200)
cfn=(3668)
calls=8 48 
* 1894938987
* 12
fi=(287)
195 48
cfi=(225)
cfn=(3692) madvise
calls=12 -78 
* 72
* 12
fi=(296) ./misc/../sysdeps/unix/sysv/linux/x86_64/clone.S
83 4
+1 4
+1 4
+10 4
+3 4
+1 4
+1 4
cfi=(283)
cfn=(3665) start_thread'2
calls=4 336 
* 942236021
fe=(283)

fn=(3665)
336 32
+7 8
+22 16
+3 4
cfi=(155)
cfn=(512)
calls=4 29 
* 68
+4 4
fi=(298)
32 12
+8 4
fe=(283)
373 8
+10 20
+17 8
cfi=(202)
cfn=(1316)
calls=4 28 
* 136
* 4
+14 4
+4 4
-18 4
+14 4
+4 16
+3 8
+3 8
+2 4
fi=(340)
110 16
fe=(283)
426 4
fi=(340)
110 4
fe=(283)
428 4
+4 8
+11 4
+7 4
cfi=(299)
cfn=(3670)
calls=4 149 
* 48
+3 4
cfi=(300)
cfn=(3672)
calls=4 23 
* 24
+3 4
cfi=(301)
cfn=(3674)
calls=4 34 
* 412
+3 12
+31 8
+2 16
fi=(307)
112 4
fe=(283)
506 12
fi=(307)
112 8
fe=(283)
505 4
+1 8
+7 20
+1 4
+1 4
-1 4
+1 12
+35 12
fi=(287)
190 4
cfi=(288)
cfn=(3626)
calls=4 27 
* 24
fe=(283)
551 4
fi=(287)
190 4
+2 4
fe=(283)
551 4
fi=(287)
192 16
+1 8
+1 8
fe=(283)
554 12
+17 12
+23 10
442 12
cob=(8)
cfi=(200)
cfn=(3724)
calls=4 87 
* 942234811
* 4
fi=(287)
195 16
cfi=(225)
cfn=(3692)
calls=4 -78 
* 24
* 4
fe=(283)

fn=(3654)
234 224
+5 32
-1 48
+4 32
+3 48
+1 32
+39 16
+10 32
-10 32
+3 16
+7 16
-10 144
+10 16
cfi=(294) ./misc/../sysdeps/unix/sysv/linux/clone-internal.c
cfn=(3656) __clone_internal
calls=16 49 
* 1200
+1 32
+5 16
+3 32
+3 32
+12 32
+11 16
+1 160

fl=(320) ./io/../sysdeps/unix/sysv/linux/write.c
fn=(3794) write
25 25
+1 75
-1 100
+1 25
cfi=(311)
cfn=(3702)
calls=25 +5 
* 325
* 275
cfi=(311)
cfn=(3704)
calls=25 +30 
* 150
* 25
+1 50

fl=(290)
fn=(3644)
181 16
+1 48
+5 16
+1 16
+1 16
+1 16
+69 16
+1 16
+23 16
+1 16
+5 16
+3 16
+1 16
+3 16
+1 16
+13 16
+1 16
+2 16
+3 16
+3 16
+3 16
+1 16
+1 16
+1 16
+1 16
+1 16
+1 32
+3 16
+1 16
+1 16
+1 16
+3 32

fl=(98)
fn=(328)
29 3
fi=(93) ./string/../sysdeps/x86_64/multiarch/ifunc-memmove.h
+24 9
-1 6
+4 9
+14 6
+2 6
+8 6
+8 6
+2 15
fe=(98)

fl=(165) ./misc/./misc/init-misc.c
fn=(568) __init_misc
30 1
+1 2
-1 4
+1 3
+2 3
cob=(2)
cfi=(51)
cfn=(570)
calls=1 -33 
* 30
+4 5
+1 3
+2 4

fl=(276) ./stdlib/../stdlib/strtol_l.c
fn=(3394) ____strtoul_l_internal
225 12
+54 4
-54 12
+19 4
-19 12
+14 4
-14 8
+26 8
+31 16
+9 24
+2 8
+5 8
-1 4
+6 8
+4 8
+10 8
+10 16
-82 4
372 12
+1 12
+4 4
+56 16
309 4
449 4
+10 12
-10 4
+10 4
+12 8
-5 11
+5 11
+1 33
-41 22
+2 36
+2 33
+28 33
+3 22
+11 8
+5 12
+1 4
+12 8
+11 24
+18 36
324 8

fn=(3572) ____strtol_l_internal
225 3
+54 1
-54 4
+19 1
-19 3
+14 1
-14 1
+26 2
+31 4
+9 6
+2 2
+5 2
-1 1
+6 2
+4 2
+10 2
+10 4
-82 2
377 1
+56 4
309 1
449 1
+10 3
-10 1
+10 1
+12 2
-5 1
+5 1
+1 3
-41 2
+2 2
+2 3
+28 3
+3 2
+11 2
+5 3
+1 1
+5 2
324 2
491 3
-2 2
+17 5
+18 8

fl=(83)
fn=(294)
31 2
fi=(84)
+2 10
-1 4
+2 6
+2 4
+4 6
+3 8
fe=(83)
-12 2

fl=(112)
fn=(362)
31 2
fi=(113) ./wcsmbs/../sysdeps/x86_64/multiarch/ifunc-wmemset.h
+2 10
+1 6
+2 4
+8 6
+3 8
fe=(112)
-16 2

fl=(117)
fn=(378)
31 1
fi=(335)
+1 5
fe=(117)
-1 1

fl=(184)
fn=(1042)
69 162
-28 36
+2 108
+1 36
cfn=(1044) __new_exitfn
calls=18 +38 
* 644
+2 36
+10 18
+2 18
-5 54
+3 18
-1 18
+4 36
+1 18
-1 36
+12 108

fn=(1044)
82 18
+6 36
-6 72
+11 72
-10 36
+12 36
+1 85
-1 36
-2 1
+10 1
-10 3
+13 34
+25 17
+1 34
-1 34
+7 17
+5 17
-4 17
+4 68
-5 1
+5 1
-4 1
+4 4
-18 1
-1 1
+1 1

fl=(164)
fn=(566)
46 4
+5 2
+4 5
+8 1
-2 1
+10 1
-9 1
+1 1
+9 2
-1 1
cfi=(165)
cfn=(568)
calls=1 -41 
* 55

fl=(284)
fn=(3618)
43 6
+5 2
+2 1
+1 1
+7 1
-7 4
-1 1
+3 1
-2 5
+7 1
-5 1
-2 1
+2 1
-2 1
+2 3
+5 3
-7 4
+7 6
+5 2
+8 6

fl=(154)
fn=(510)
33 7
+2 1
cfi=(155)
cfn=(512)
calls=1 -6 
* 17
+3 1
fi=(157) ./elf/../sysdeps/nptl/pthread_early_init.h
-5 2
fe=(154)
+8 1
-3 1
fi=(157)
-5 1
cfi=(156) ./resource/../sysdeps/unix/sysv/linux/getrlimit64.c
cfn=(514) getrlimit
calls=1 +5 
* 10
* 3
+1 6
+11 1
fi=(341) ./elf/../nptl/nptl-stack.h
+13 3
fi=(157)
-13 1
fi=(341)
+13 2
fi=(157)
-4 1
fi=(341)
+4 2
fi=(157)
-6 1
fi=(341)
+6 1
fi=(157)
-12 1
+6 6
+1 1
+4 1
cfi=(158) ./nptl/./nptl/pthread_mutex_conf.c
cfn=(518) __pthread_tunables_init
calls=1 -7 
* 1016
fe=(154)
-10 3
+2 2
-2 1
cfi=(161) ./nptl/../sysdeps/unix/sysv/linux/x86/elision-conf.c
cfn=(532) __lll_elision_init
calls=1 +49 
* 147

fl=(183)
fn=(788)
71 54
+7 54
+1 54
+3 1
+1 1
+1 1
+4 1
+1 1
+2 1
+1 1
+3 1
+1 1
+1 1
+3 1
+1 1
+3 1
+1 1
+3 1
+1 1
+1 1
+1 1
+1 1
+1 1
+1 1
+1 1
+1 1
+1 1
+3 1
+1 1
+6 1
+1 1
+1 1
+1 1
+4 1
+1 1
+2 1
+1 1
+1 1
+1 1
+3 1
+1 1
+1 1
+1 1
+1 1
+1 1
+2 2
+4 39
+10 39
+1 39
+1 39
+3 78
399 53
+1 53
+5 50
+1 50
+1 50
+1 50
+1 50
+3 50
+1 50
+1 50
+1 50
+3 50
+1 50
+1 11
+1 22
+32 3
+1 3
+1 3
+1 3
+2 3

fl=(223)
fn=(1554)
25 190
+1 1140
+1 190

fl=(311)
fn=(3702)
31 31
+1 31
+2 93
+1 31
+2 31
+2 62
+3 93
+7 31

fn=(3704)
56 31
+3 62
+4 62
+1 31

fl=(304) ./resolv/./resolv/resolv_context.c
fn=(3680) __resolv_context_freeres
242 64
+2 16
-2 32
+2 16
+1 16
+1 32
+6 96

fl=(92)
fn=(314)
29 2
fi=(93)
+24 6
-1 4
+4 6
+14 4
+2 4
+8 4
+8 4
+2 10
fe=(92)

fl=(173)
fn=(674)
43 17
+12 2
+8 2
+3 3
+6 2
277 12
73 1
+2 1
-2 4
-17 2
+17 2

fl=(226)
fn=(1660)
34 10
+14 6
fi=(228)
883 4
+1 6
fe=(226)
57 2
fi=(228)
940 6
+2 4
+1 4
fe=(226)
57 6
cfi=(216)
cfn=(1678) _IO_file_finish@@GLIBC_2.2.5
calls=2 168 
* 58
+1 6
+13 4
fi=(228)
855 8
+1 8
+6 4
cob=(2)
cfi=(51)
cfn=(1682)
calls=2 0 
* 182
fe=(226)
76 10
-27 2
cfi=(215)
cfn=(1662) _IO_un_link
calls=2 +4 
* 216
+2 24
+1 2
-1 4
fi=(228)
883 4
fe=(226)
52 4
+1 4
cfi=(216)
cfn=(1666) _IO_file_close_it@@GLIBC_2.2.5
calls=2 +75 
* 498
fi=(228)
883 2
fe=(226)
53 2
fi=(228)
883 4
+1 8
fe=(226)

fl=(321)
fn=(3810) __run_exit_handlers
40 11
+5 2
+3 5
+50 1
-42 1
+2 3
+8 44
+2 18
+3 18
-3 18
+3 134
+34 5
+1 5
+1 5
-2 5
+7 5
-3 10
+3 15
+1 15
cob=(1)
cfi=(322)
cfn=(3814)
calls=1 -82 
* 11212
cob=(7)
cfi=(170)
cfn=(3812)
calls=4 0 
* 40
+1 20
+10 2
+1 2
-63 1
+69 4
+2 2
+1 6
cfi=(215)
cfn=(4008) _IO_cleanup
calls=1 863 
* 232
* 3
+2 2
cfi=(328) ./posix/../sysdeps/unix/sysv/linux/_exit.c
cfn=(4016) _Exit
calls=1 27 
* 5
-90 1
cfi=(299)
cfn=(3670)
calls=1 149 
* 12
* 1

fn=(3808)
142 3
+1 3
-1 1
+1 1
cfn=(3810)
calls=1 40 
* 11865

fl=(104)
fn=(344)
66 1
-25 4
+1 3
+2 2
+5 3
+3 3
+14 1

fl=(202)
fn=(1316)
28 17
+2 17
+2 17
cfi=(203) ./setjmp/../sysdeps/x86_64/setjmp.S
cfn=(1318) __sigsetjmp
calls=17 -2 
* 527

fl=(225)
fn=(1622)
117 80
+5 16

fn=(3630)
117 60
+5 12

fn=(3692)
117 80
+5 16

fl=(114)
fn=(366)
29 1
fi=(84)
+4 5
-1 2
+2 3
+2 2
+4 3
+3 4
fe=(114)
-14 1

fl=(126)
fn=(402)
33 1
fi=(93)
+20 3
-1 2
+4 3
+14 2
+2 2
+8 2
+8 2
+2 5
fe=(126)

fl=(166)
fn=(572)
46 1
+1 1
+1 1
+2 1
+1 1
+3 1
+1 1
+1 1
+2 1
+1 1
+1 1
+1 1
+1 1
+1 1
+2 1
+1 1
+12 1
+1 1
219 1
+1 1
+1 1
+1 1
+1 1
+2 1
+1 1
+1 1
+1 2

fl=(224)
fn=(1616)
47 40
+3 40
+8 80
+2 20

fl=(313)
fn=(3746)
27 33
+4 3
+1 6
-1 15
+1 3
cfi=(314)
cfn=(3748)
calls=3 1180 
* 2754
+4 15

fl=(299)
fn=(3670)
149 68
+1 68
+18 68

fl=(217)
fn=(1464)
24 9
+3 18
+3 36
+1 9
+2 9
+1 9

fn=(1466)
39 9
+3 18
+2 18
+1 18
+2 9

fl=(294)
fn=(3656)
49 32
+5 16
-5 64
+5 32
-5 16
+4 16
-4 32
+4 16
+1 16
cfi=(295)
cfn=(3658)
calls=16 -12 
* 256
+1 64
+5 16
+23 112
-17 16
+15 16
-15 16
+15 16
+2 16
cfi=(296)
cfn=(3660) clone
calls=16 -31 
* 304
+5 32
+1 96

fl=(115)
fn=(370)
31 1
fi=(84)
+2 5
-1 2
+2 3
+2 2
+4 3
+3 4
fe=(115)
-12 1

fl=(86)
fn=(300)
65 2
-24 4
+1 2
-1 4
+1 4
+2 4
+5 6
+3 6
+13 2

fl=(108)
fn=(352)
29 1
fi=(101)
+7 2
+1 1
-1 2
+1 2
+2 2
+4 3
+3 3
fe=(108)
-17 1

fl=(161)
fn=(532)
96 2
+5 1
-5 1
+5 1
-5 3
+5 3
cob=(2)
cfi=(51)
cfn=(520)
calls=1 0 
* 22
+2 4
cob=(2)
cfi=(51)
cfn=(520)
calls=1 0 
* 22
+2 4
cob=(2)
cfi=(51)
cfn=(520)
calls=1 0 
* 22
+2 4
cob=(2)
cfi=(51)
cfn=(520)
calls=1 0 
* 22
+2 4
cob=(2)
cfi=(51)
cfn=(520)
calls=1 0 
* 22
+4 3
+1 1
+1 6

fl=(306)
fn=(3684)
29 32
+1 64
+9 32

fl=(158)
fn=(518)
50 2
+1 2
-1 4
+1 3
cob=(2)
cfi=(51)
cfn=(520)
calls=1 -51 
* 972
+2 4
cob=(2)
cfi=(51)
cfn=(520)
calls=1 -53 
* 23
+2 6

fl=(172)
fn=(676)
40 17
+3 34
+4 34
+2 17

fn=(660)
25 17
+3 17
+1 17
+1 34
+2 17
+1 17

fl=(328)
fn=(4016)
27 2
+3 1
+1 2

fl=(297)
fn=(3662)
26 16
+10 48
+8 32

fl=(192)
fn=(1122)
37 30
+6 15
-6 15
+3 15
-3 30
+3 15
+3 15
+20 3
+15 75
-20 30
+1 2
cfi=(193) ./misc/../sysdeps/unix/sysv/linux/brk.c
cfn=(1124) brk
calls=1 -24 
* 9
* 2
+4 1
-1 30
+4 45
+2 2
-2 3
+8 1
cfi=(193)
cfn=(1124)
calls=1 -39 
* 9
* 11
cfi=(193)
cfn=(1124)
calls=11 -39 
* 99
* 24

fl=(171)
fn=(656)
136 14
+3 14
+1 28
+4 26
-1 1
cfn=(658) __pthread_once_slow
calls=1 -75 
* 2117

fn=(658)
68 1
fi=(174) ./nptl/../sysdeps/nptl/futex-internal.h
+78 1
+1 1
fe=(171)
-79 8
+8 1
+4 2
+52 9
-44 2
+4 2
+9 2
+13 13
cfi=(172)
cfn=(660)
calls=1 -89 
* 7
+2 1
cob=(7)
cfi=(170)
cfn=(662)
calls=1 0 
* 2049
+2 3
cfi=(172)
cfn=(676)
calls=1 -78 
* 6
fi=(174)
+91 3
fe=(171)
-85 1
fi=(174)
+85 5
fe=(171)

fl=(177)
fn=(762)
32 512
+5 256
-5 3072
+5 1536
+5 512
+4 384
fi=(178) ./wcsmbs/./wcsmbsload.h
+23 384
fe=(177)
-22 128
+2 128
-2 128
+2 128
+5 512
+3 256
cfi=(179)
cfn=(766)
calls=128 -21 
* 768
* 384
cfi=(180) ./iconv/./iconv/gconv_simple.c
cfn=(768) __gconv_btwoc_ascii
calls=128 -8 
* 768
+41 2304
fi=(178)
-27 128
+1 128
-1 256
fe=(177)

fl=(300)
fn=(3672)
23 16
+5 64
+82 16

fl=(109)
fn=(356)
31 1
fi=(335)
+1 5
fe=(109)
-1 1

fl=(215)
fn=(3770) _IO_default_xsputn
371 13
+3 26
-3 104
fi=(228)
940 13
fe=(215)
371 13
fi=(228)
940 13
fe=(215)
371 13
fi=(228)
940 13
fe=(215)
371 26
+18 16
+8 13
+2 26
-20 52
+2 39
+3 26
+2 20
cob=(2)
cfi=(51)
cfn=(3772)
calls=5 0 
* 2001
+1 5
-1 5
+1 10
+17 13
-29 13
+29 91
-11 70
+1 6
-1 6
+1 4
-1 4
+1 4
-1 4
+1 2
-1 2
+1 2
-1 2
+1 44
-1 19
+1 10
-1 15
+1 26
-1 44

fn=(1668) _IO_unsave_markers
960 4
+2 2
-2 2
+2 2
+5 6
+2 4

fn=(3652)
518 2
+3 6
1067 1
523 1
+1 3
+1 1
1081 1
524 2
+1 2
1081 2
524 4
+2 2

fn=(4008)
863 2
+3 1
-3 9
-77 1
+80 1
cfn=(4010) _IO_flush_all_lockp
calls=1 686 
* 126
-80 2
+80 1
-80 3
cfi=(217)
cfn=(1464)
calls=1 24 
* 10
+1 9
+3 1
-3 2
+3 2
fi=(228)
940 4
fe=(215)
838 3
-48 9
+9 9
+2 6
+41 9
+1 2
cfi=(217)
cfn=(1466)
calls=1 39 
* 8
+35 12

fn=(1674)
329 27
+1 14
+5 6
-3 3
+3 12
+3 13
-7 1
cob=(2)
cfi=(51)
cfn=(1682)
calls=1 0 
* 139
+4 3

fn=(1462) _IO_link_in
87 28
+1 4
-1 12
+1 12
+18 40
-16 2
+2 6
-2 2
+2 2
+1 2
-1 6
cfi=(217)
cfn=(1464)
calls=2 -68 
* 20
+1 18
+2 2
-1 2
-1 4
+2 20
+5 2
-3 2
-2 4
+3 2
-1 2
+3 24
+1 2
+1 14
+1 4
cfi=(217)
cfn=(1466)
calls=2 -64 
* 16
+3 2

fn=(1662)
53 4
+1 8
+28 4
cfn=(1664) __GI__IO_un_link.part.0
calls=2 -30 
* 208

fn=(1664)
52 4
+7 2
-7 14
+6 12
cfi=(217)
cfn=(1464)
calls=2 -34 
* 20
+1 18
+2 2
-1 2
-1 4
+2 20
+13 2
-13 2
+2 2
+13 2
-15 4
+15 2
-13 4
+3 2
-1 4
+1 2
+8 4
+2 22
+2 4
-1 2
+1 14
+1 4
cfi=(217)
cfn=(1466)
calls=2 -40 
* 16
+3 18

fn=(1456)
563 20
+1 2
cfn=(1458) _IO_old_init
calls=2 -33 
* 50
+1 2
+1 4
+2 2
+4 2
+7 2
+2 2
-9 10
+15 2
+1 12

fn=(3758) _IO_doallocbuf
343 1
+1 2
-1 3
+3 4
+1 1
fi=(228)
940 3
+2 2
+1 2
fe=(215)
347 2
cfi=(315)
cfn=(3760)
calls=1 78 
* 503
* 2
+3 4

fn=(1680) _IO_default_finish
601 6
+2 6
+6 6
+3 6
54 4
624 4

fn=(1458)
531 2
+3 2
-2 2
+2 2
+5 2
-7 2
+2 2
+10 2
-10 2
+16 2
-11 2
-5 2
+16 2
-16 2
+21 2
-16 10
+16 4
+1 4
+2 2

fn=(4010)
686 12
+5 6
cfi=(217)
cfn=(1464)
calls=1 24 
* 10
+1 9
+3 1
-8 1
+5 2
+3 2
fi=(228)
940 4
fe=(215)
709 6
+2 3
-16 9
+2 3
+1 6
+3 21
+14 9
+1 2
cfi=(217)
cfn=(1466)
calls=1 39 
* 8
+4 12

fl=(219) ./string/../string/strstr.c
fn=(1474) __GI_strstr
77 16
+5 2
-5 6
+5 4
+2 8
cob=(2)
cfi=(51)
cfn=(1476)
calls=2 -84 
* 46
* 2
+1 4
+44 2
+32 24

fl=(227) ./io/../sysdeps/unix/sysv/linux/close_nocancel.c
fn=(1672) __close_nocancel
25 2
+1 8
+1 2

fl=(176)
fn=(756)
30 1664
+9 384
+6 128
-1 256
+37 1024

fl=(216)
fn=(1470) _IO_file_open
182 4
+3 2
-3 14
+2 4
+4 2
cfi=(218)
cfn=(1472)
calls=2 30 
* 99
* 2
+1 4
+3 4
+3 2
-4 2
+1 8
+3 4
+10 4
cfi=(215)
cfn=(1462)
calls=2 87 
* 48
+1 2
+1 8

fn=(1460)
106 2
+5 2
-5 4
+4 2
+3 2
cfi=(215)
cfn=(1462)
calls=2 -26 
* 208
+1 2
+1 4

fn=(3920)
792 50
+5 40
+2 10
+1 20
+11 20
+4 40

fn=(3762)
1146 1
+1 2
cfi=(316) ./io/../sysdeps/unix/sysv/linux/fstat64.c
cfn=(3764) fstat
calls=1 29 
* 15

fn=(1468)
213 22
+9 4
+2 14
356 24
224 3
+23 29
+33 4
cfn=(1470)
calls=1 -98 
* 122
* 4
cfn=(1470)
calls=1 -98 
* 91
* 2
+3 4
+3 6
cfi=(219)
cfn=(1474)
calls=2 77 
* 114
* 2
+1 4
-40 2
-19 1
-1 1
-13 2

fn=(1666)
128 8
+2 6
+4 4
+3 2
-3 2
-1 4
+6 2
+3 2
-3 2
cfi=(215)
cfn=(1668)
calls=2 960 
* 20
+3 6
fi=(228)
940 6
+2 4
+1 4
fe=(216)
142 4
cfn=(1670) _IO_file_close
calls=2 1164 
* 18
* 2
+3 6
+8 10
cfi=(215)
cfn=(1674)
calls=2 329 
* 194
+1 2
+3 2
-3 6
+3 2
cfi=(215)
cfn=(1662)
calls=2 53 
* 8
+5 2
-4 2
+1 2
+3 2
-2 2
+3 10
-28 7
cfn=(3768) _IO_do_write@@GLIBC_2.2.5
calls=1 423 
* 143
* 2

fn=(1670)
1164 2
+3 4
cfi=(227)
cfn=(1672)
calls=2 25 
* 12

fn=(3754)
1197 115
+7 23
-7 69
+6 86
+9 40
-2 80
+17 60
+1 19
+3 57
+2 19
+2 19
+2 38
-2 19
+1 19
+1 19
-2 19
cob=(2)
cfi=(51)
cfn=(3772)
calls=19 0 
* 3562
* 19
+4 38
+28 207
-36 1
+12 1
fi=(228)
940 3
+2 2
+1 2
fe=(216)
1243 12
fi=(228)
940 36
+2 24
+1 24
fe=(216)
1243 39
cfn=(3756) _IO_file_overflow@@GLIBC_2.2.5
calls=13 731 
* 2577
* 26
+6 26
+1 91
+2 26
+11 39
+1 52
cfi=(215)
cfn=(3770)
calls=13 371 
* 2828
+2 39
443 12
-10 24
+7 48
fi=(228)
942 24
+1 24
fe=(216)
448 60
cfn=(3792) _IO_file_write@@GLIBC_2.2.5
calls=12 1173 
* 948
+1 12
-1 12
+1 60
+2 12
+4 24
-3 24
-1 24
+4 36
-2 12
1256 24
-1 24
454 36

fn=(3756)
731 65
+1 52
+7 63
+37 12
-2 26
-32 2
+12 2
+9 3
+5 3
+2 2
-3 2
+3 1
+1 1
-6 1
+1 1
+5 4
+16 13
-12 13
+1 13
+11 26
-12 13
cfn=(3768)
calls=13 423 
* 1721
-31 2
cfi=(215)
cfn=(3758)
calls=1 343 
* 529
+1 1
+9 1
-9 5

fn=(1678)
168 10
+1 4
+7 2
-1 4
+1 4
-1 2
cfi=(215)
cfn=(1680)
calls=2 601 
* 32

fn=(3768)
423 14
+2 42
+1 1
-3 13
fi=(228)
940 13
fe=(216)
423 26
fi=(228)
940 13
fe=(216)
423 13
fi=(228)
940 26
fe=(216)
423 65
+20 13
-10 26
+7 52
fi=(228)
942 26
+1 26
fe=(216)
448 52
cfn=(3792)
calls=13 1173 
* 1027
* 13
+1 65
+2 13
+4 26
-3 26
-1 26
+4 39
-2 13
-28 52
+1 104
+28 39

fn=(3792)
1173 175
+2 150
+5 25
cfi=(320)
cfn=(3794)
calls=25 25 
* 1050
+1 50
+5 25
+1 25
-12 50
+4 75
+1 50
+10 75
+3 150
-4 75

fl=(318)
fn=(3776)
163 6
+3 12
+2 6
+9 132
+9 6

fl=(263)
fn=(2568)
668 8892
+2 2223
+1 1482
+3 1482
+67 8892
-65 1482
cob=(2)
cfi=(51)
cfn=(782)
calls=741 0 
* 11856
+2 741
-2 741
+2 741
+1 5928
cob=(2)
cfi=(51)
cfn=(2570)
calls=741 0 
* 33833
* 741

fl=(293)
fn=(3710) __nptl_free_stacks
57 40
+7 8
-7 16
+7 40
+5 24
-41 8
fi=(342) ./nptl/../include/list.h
+27 24
+1 8
fe=(293)
+22 8
-3 8
-7 8
+7 8
-39 8
+39 8
+3 8
cob=(2)
cfi=(51)
cfn=(3712)
calls=8 -78 
* 3382
+4 24
cfi=(225)
cfn=(1622)
calls=8 +35 
* 48
* 16
+4 16
+4 48

fn=(3708)
111 32
+1 16
-1 16
+1 16
-1 32
+1 48
+4 16
-88 16
fi=(342)
+27 48
+1 16
fe=(293)
+66 16
-86 16
+86 16
-79 64
fi=(342)
+1 32
-1 16
+2 16
+2 16
fe=(293)
+57 16
-1 16
-52 16
+52 32
+1 32
+24 64
+1 64
-23 8
cfn=(3710)
calls=8 -49 
* 3758
* 8

fn=(3718)
27 4
+1 8
fi=(342)
+27 12
+1 4
fe=(293)
-20 4
+1 4

fn=(3650)
42 16
+1 144
fi=(342)
+2 16
+2 16
fe=(293)
+4 16
+1 16

fl=(308)
fn=(3696)
23 16
+1 64
cfi=(309)
cfn=(3698)
calls=16 +15 
* 6360

fl=(156)
fn=(514)
38 2
+1 7
+1 1

fl=(296)
fn=(3660)
52 16
+2 16
+1 16
+1 16
+3 16
+1 16
+3 16
+2 16
+4 16
+3 16
+1 16
+1 16
+1 16
+1 16
+5 16
+2 28
+1 28
+1 28
+2 16
+8 12
+3 12
+1 12
+1 12
cfi=(283)
cfn=(3664)
calls=12 336 
* 3791949962

fl=(310)
fn=(3700)
138 30
-61 10
+3 10
+3 15
+1 10
-27 20
+46 40
+10 5
+28 35
-84 10
cfi=(311)
cfn=(3702)
calls=5 -26 
* 65
* 60
cfi=(311)
cfn=(3704)
calls=5 -1 
* 30
* 5

fl=(81)
fn=(290)
86 1
fi=(82) ./string/../sysdeps/x86/cacheinfo.h
-25 1
+3 3
+2 1
+1 1
-1 2
+7 3
+2 1
+1 1
-1 2
+5 2
+2 2
+1 2
+1 2
+2 2
fe=(81)
* 2

fl=(317) ./io/../sysdeps/unix/sysv/linux/fstatat64.c
fn=(3766) fstatat
153 2
-55 2
+70 3
+1 1

fl=(105)
fn=(346)
31 1
fi=(335)
+1 5
fe=(105)
-1 1

fl=(316)
fn=(3764)
29 2
+1 2
+5 3
cfi=(317)
cfn=(3766)
calls=1 153 
* 8

fl=(286)
fn=(3622)
25 128
+4 32
-4 48
+4 32
+9 16
-9 48
+3 16
-3 16
+9 32
+23 32
+1 16
-1 96
+2 160

fl=(180)
fn=(768)
49 128
+2 512
+3 128

fl=(190)
fn=(1108)
28 1
+1 7
+1 1

fl=(203)
fn=(1318)
30 17
+2 17
+9 17
+1 34
+1 17
+4 17
+1 17
+1 17
+1 17
+1 17
+2 34
+2 17
+1 17
+1 17
+2 34
+2 17
+5 17
+1 17
+17 17
cfi=(204)
cfn=(1320)
calls=17 -56 
* 153

fl=(274)
fn=(3390)
25 25
+1 50
+1 25

fl=(303)
fn=(3678)
131 64
+1 16
cfi=(304)
cfn=(3680)
calls=16 242 
* 272
+2 80
+8 64

fl=(291)
fn=(3646)
77 17
+3 51
+2 17
+2 34
-7 34
+11 34
+79 17
+3 17
+2 17
+3 17
+2 17
+1 51
-81 34
+11 68
+4 17
+3 34
-71 17
+1 88
+1 1
+84 51
+1 34
-83 64

fl=(319)
fn=(3788)
31 60
+1 12
-1 12
+1 12
-1 24
+4 24
+2 204
+1 36
+1 12
fi=(228)
940 36
+2 24
+1 24
fe=(319)
39 48
cfi=(216)
cfn=(3754)
calls=12 1197 
* 10570
+6 12
-6 12
+6 12
fi=(228)
883 24
+1 96
fe=(319)
45 24
+1 12
+3 108
-11 24

fl=(87)
fn=(302)
29 1
fi=(88)
+5 4
-1 2
+2 3
+2 2
+4 3
+3 3
fe=(87)
-15 1

fl=(99)
fn=(332)
30 1
fi=(95)
+3 5
-1 2
+2 3
+2 2
+4 3
+3 4
fe=(99)
-13 1

fl=(193)
fn=(1124)
35 13
+1 52
+1 26
+6 13
+1 13

fl=(195)
fn=(1274)
242 12
343 3
+1 3
cfi=(184)
cfn=(1042)
calls=1 69 
* 75
+25 6
+6 2
-3 2
+10 2
cob=(2)
cfi=(51)
cfn=(1308)
calls=1 0 
* 968
+2 2
+8 4
cfi=(201)
cfn=(1314)
calls=1 29 
* 499556316
128 2
+6 3
+1 6
cob=(2)
cfi=(51)
cfn=(1276)
calls=1 0 
* 7
* 1
+3 1
+1 2
+3 2
+1 2
-1 1
+2 15
+1 16
cob=(8)
cfi=(200)
cfn=(1304)
calls=1 +18 
* 135
cob=(8)
cfi=(199)
cfn=(1300)
calls=1 +55 
* 135
cob=(8)
cfi=(198)
cfn=(1296)
calls=1 +23 
* 135
cob=(8)
cfi=(196)
cfn=(1286)
calls=1 29 
* 135
* 4
cob=(8)
cfi=(194)
cfn=(1280)
calls=1 0 
* 12
-1 16

fl=(275)
fn=(3392)
105 4
+1 16
cfi=(276)
cfn=(3394)
calls=4 225 
* 549

fn=(3570)
105 1
+1 4
cfi=(276)
cfn=(3572)
calls=1 225 
* 102

fl=(167)
fn=(574)
83 1
+1 4
+1 3
+1 3
+2 1

fl=(323)
fn=(3824)
30 10
+3 10
-3 35
+3 20
+3 15
+4 196
+1 156
+2 13
+36 13
-3 13
+6 13
-37 13
+34 26
+3 39
+1 39
cob=(7)
cfi=(170)
cfn=(3812)
calls=1 -83 
* 8152
cob=(7)
cfi=(170)
cfn=(3898)
calls=1 -83 
* 8
cob=(7)
cfi=(170)
cfn=(3890)
calls=1 -83 
* 802
cob=(7)
cfi=(170)
cfn=(3888)
calls=1 -83 
* 2
cob=(7)
cfi=(170)
cfn=(3886)
calls=1 -83 
* 2
cob=(7)
cfi=(170)
cfn=(3884)
calls=1 -83 
* 2
cob=(7)
cfi=(170)
cfn=(3882)
calls=1 -83 
* 2
cob=(7)
cfi=(170)
cfn=(3880)
calls=1 -83 
* 2
cob=(7)
cfi=(170)
cfn=(3878)
calls=1 -83 
* 2
cob=(7)
cfi=(170)
cfn=(3876)
calls=1 -83 
* 2
cob=(7)
cfi=(170)
cfn=(3872)
calls=1 -83 
* 5
cob=(7)
cfi=(170)
cfn=(1714)
calls=2 -83 
* 12
+1 52
+4 26
-48 40
-4 15
+58 20
+4 30
-4 15
+11 10
+1 10
cfi=(324)
cfn=(3826)
calls=5 -30 
* 80
+1 20
+1 40

fl=(213)
fn=(3774)
294 24
+1 24
+1 24
+1 24
+17 24
+1 24
+2 13
+1 13
+1 13
+38 11
+1 11
+2 11
+1 11
+2 11
+4 11
+1 9
+1 9
+1 9
+1 9
+1 4
+1 4
+2 4
+2 4
-2 5
+2 5
+6 2
+1 2
+1 2
+1 2
+1 2
+51 13
+1 13
+5 13
+1 13
+24 13
+1 13
+4 13
+2 13
+4 13
+1 13
+11 13
+3 13
+2 13
+2 13
+4 13
+1 13
+9 13
+1 13
+2 13
+2 13
+1 13
+1 13
+3 13
+2 13
+2 13
+2 26
+6 13
+1 13
+1 13
+1 13
+1 13
+1 13
+1 13
+1 13
+1 13
+1 13
+1 13
+1 13
-11 383
+1 383
+1 383
+1 383
+1 383
+1 383
+1 383
+1 383
+1 383
+1 383
+1 383
+1 383
+2 13
+1 13
+1 13
+1 13
+2 13
+4 26

fn=(1372)
307 1548329
+1 1548329
+6 1548329
+1 1548329
+2 209
+1 209
+1 209
+3 3
+1 3
+1 3
+3 6
+30 1548120
+1 1548120
+2 1548118
+1 1548118
+2 1548111
+4 1548111
+1 1548109
+1 1548109
+1 1548109
+1 1548109
+1 7
+1 7
+2 7
+2 7
-2 1548102
+2 1548102
+6 2
+1 2
+1 2
+1 2
+1 2
+7 2
+1 2
+1 2
+1 2
+2 2
+17 7
+1 7
+1 7
+1 7
+1 7
+7 1
+1 1
+1 1
+1 1
+1 1
+1 1
+1 2
+5 206
+1 206
+5 199
+1 199
+2 1
+1 1
+1 1
+20 198
+1 198
+4 198
+2 198
+4 198
+1 198
+11 198
+3 198
+2 198
+2 198
+4 198
+1 198
+9 195
+1 195
+2 195
+2 195
+1 195
+1 195
+3 195
+2 195
+2 195
+2 390
+6 195
+1 195
+1 195
+1 195
+1 195
+1 195
+1 195
+1 195
+1 195
+1 195
+1 195
+1 195
-11 11724
+1 11724
+1 11724
+1 11724
+1 11724
+1 11724
+1 11724
+1 11724
+1 11724
+1 11724
+1 11724
+1 11724
+2 195
+1 195
+1 195
+1 195
+2 195
+4 390
+13 3
+1 3
+2 3
+1 3
+1 3
+2 3
+2 3
+2 6
+6 3
+1 3
+1 3
+1 3
+1 3
+1 3
+1 3
+1 3
+1 3
+1 3
+1 3
+1 3
-11 94
+1 94
+1 94
+1 94
+1 94
+1 94
+1 94
+1 94
+1 94
+1 94
+1 94
+1 94
+2 3
+1 3
+1 3
+1 3
+2 3
+1 6
+9 6
+7 6
+1 6
+6 5
+3 5
+2 5
+3 5
+1 5
+2 5
+2 966437
+2 5
+2 5
+2 10
+5 7
+1 7
+4 7
+2 7
+3 7
+4 7
+1 7
+3 6
+1 6
+24 1
+2 1
+2 1
+2 1
+3 1
+1 1
+2 65489
+3 1
+2 1
+2 2
+12 1
+1 1
+6 1
+1 1
+1 1
+7 1
+6 1
+2 1
+8 1
+1 1
+2 1
+2 1
+2 1
+2 1
+8 1
+1 1
+1 1
+2 1
+1 1
+1 1
+1 1
+3 1
+2 2
+5 1
+2 2
+1 2
+1 2
+1 2
+2 4
+1 4
+1 1
+2 4
+1 4
+1 1
+1 1
+1 1
-15 126
+2 252
+1 252
+1 252
+1 252
+2 504
+1 504
+1 126
+2 504
+1 504
+1 126
+1 126
+1 126
-13 7874
+1 7874
+1 7874
+1 7874
+2 15748
+1 15748
+1 3937
+2 15748
+1 15748
+1 3937
+1 3937
+1 3937
+1 127
+1 127
+1 127
+1 127
+1 1
+3 1
+1 1
+5 126
+1 126
+1 63
+1 63
+1 63
+1 63
+1 63
+1 63
+1 63
+1 63
+1 63
+1 63
+1 63
+1 63
+1 63
+4 1
+1 1
+1 1
+1 1
+2 1
+1 1
+1 1
+1 1
+1 2

ob=(6)
fl=(168)
fn=(4000) 0x0000000000004710
0 5

fn=(580)
0 382

fn=(3990)
0 9
cob=(2)
cfi=(51)
cfn=(3996)
calls=1 0 
0 141
0 1
cfn=(4000)
calls=1 0 
0 5
0 3

fn=(582)
0 12

fn=(3984)
0 12

totals: 4293901067
